START_UTC 2026-09-25T19:19:57.879182+00:00
COMMAND /local/s3774740/d12/venv/bin/python -m scripts.chat_sft --device-type cuda --stage mid --source base --model-tag d12v32768 --out-tag d12v32768 --max-seq-len 2048 --device-batch-size 16 --total-batch-size 131072 --mmlu-epochs 3 --gsm8k-epochs 4 --num-iterations -1 --eval-every 25 --eval-tokens 131072 --chatcore-every -1 --log-every 5
2026-09-25 21:20:00,798 - nanochat.common - [32m[1mINFO[0m - Distributed world size: 1
COMPUTE_DTYPE: torch.bfloat16 (auto-detected: CUDA SM 89 (bf16 supported))
GPU: NVIDIA L40S | Peak FLOPS (BF16): 3.62e+14
[jsonl_logger] writing structured logs to: /local/s3774740/d12/run/logs/mid_d12v32768_20260925_212000.jsonl
Stage: mid | initialising weights from source: base
2026-09-25 21:20:00,799 - nanochat.checkpoint_manager - [32m[1mINFO[0m - Loading model from /local/s3774740/d12/cache/base_checkpoints/d12v32768 with step 2520
2026-09-25 21:20:01,121 - nanochat.checkpoint_manager - [32m[1mINFO[0m - Building model with config: {'sequence_len': 2048, 'vocab_size': 32768, 'n_layer': 12, 'n_head': 6, 'n_kv_head': 6, 'n_embd': 768, 'window_pattern': 'L'}
Using max_seq_len=2048
Using device_batch_size=16
NOTE: --total-batch-size=131072 overrides pretrained value of 524288
Inherited embedding_lr=0.3 from pretrained checkpoint
Inherited unembedding_lr=0.008 from pretrained checkpoint
Inherited matrix_lr=0.02 from pretrained checkpoint
Tokens / micro-batch / rank: 16 x 2048 = 32,768
Tokens / micro-batch: 32,768
Total batch size 131,072 => gradient accumulation steps: 4
Scaling the LR for the AdamW parameters ∝1/√(768/768) = 1.000000
2026-09-25 21:20:01,837 - nanochat.checkpoint_manager - [32m[1mINFO[0m - Loading optimizer state from /local/s3774740/d12/cache/base_checkpoints/d12v32768/optim_002520_rank0.pt
Loaded optimizer state from pretrained checkpoint (momentum buffers only, LRs reset)
Stage 'mid' training mixture: 329,418 rows from 7 task instance(s)
Downloading https://huggingface.co/api/datasets/HuggingFaceTB/smol-smoltalk/parquet/default/test/0.parquet ...
Downloading https://huggingface.co/api/datasets/cais/mmlu/parquet/all/test/0.parquet ...
Step 00000 | Validation bpb: 0.6116
step 00001 (0.12%) | loss: 4.001324 | lrm: 1.00 | dt: 20342.69ms | tok/sec: 6,443 | mfu: 1.58 | epoch: 1 | total time: 0.00m
step 00002 (0.22%) | loss: 4.296896 | lrm: 1.00 | dt: 859.03ms | tok/sec: 152,581 | mfu: 37.39 | epoch: 1 | total time: 0.00m
step 00003 (0.33%) | loss: 4.484278 | lrm: 1.00 | dt: 864.01ms | tok/sec: 151,702 | mfu: 37.18 | epoch: 1 | total time: 0.00m
step 00004 (0.43%) | loss: 4.240947 | lrm: 1.00 | dt: 862.17ms | tok/sec: 152,025 | mfu: 37.25 | epoch: 1 | total time: 0.00m
step 00005 (0.54%) | loss: 3.906042 | lrm: 1.00 | dt: 862.24ms | tok/sec: 152,013 | mfu: 37.25 | epoch: 1 | total time: 0.00m
step 00006 (0.65%) | loss: 3.614931 | lrm: 1.00 | dt: 861.69ms | tok/sec: 152,110 | mfu: 37.28 | epoch: 1 | total time: 0.00m
step 00007 (0.75%) | loss: 3.246116 | lrm: 1.00 | dt: 862.41ms | tok/sec: 151,983 | mfu: 37.24 | epoch: 1 | total time: 0.00m
step 00008 (0.86%) | loss: 2.950932 | lrm: 1.00 | dt: 864.95ms | tok/sec: 151,536 | mfu: 37.13 | epoch: 1 | total time: 0.00m
step 00009 (0.97%) | loss: 2.707772 | lrm: 1.00 | dt: 866.73ms | tok/sec: 151,225 | mfu: 37.06 | epoch: 1 | total time: 0.00m
step 00010 (1.08%) | loss: 2.507834 | lrm: 1.00 | dt: 865.45ms | tok/sec: 151,450 | mfu: 37.11 | epoch: 1 | total time: 0.00m
step 00011 (1.19%) | loss: 2.342910 | lrm: 1.00 | dt: 865.05ms | tok/sec: 151,520 | mfu: 37.13 | epoch: 1 | total time: 0.01m
step 00012 (1.30%) | loss: 2.196018 | lrm: 1.00 | dt: 868.31ms | tok/sec: 150,949 | mfu: 36.99 | epoch: 1 | total time: 0.03m
step 00013 (1.41%) | loss: 2.087520 | lrm: 1.00 | dt: 866.34ms | tok/sec: 151,293 | mfu: 37.08 | epoch: 1 | total time: 0.04m
step 00014 (1.52%) | loss: 1.959701 | lrm: 1.00 | dt: 868.99ms | tok/sec: 150,832 | mfu: 36.96 | epoch: 1 | total time: 0.06m
step 00015 (1.63%) | loss: 1.863330 | lrm: 1.00 | dt: 868.21ms | tok/sec: 150,968 | mfu: 37.00 | epoch: 1 | total time: 0.07m
step 00016 (1.74%) | loss: 1.768940 | lrm: 1.00 | dt: 866.91ms | tok/sec: 151,194 | mfu: 37.05 | epoch: 1 | total time: 0.09m
step 00017 (1.85%) | loss: 1.734206 | lrm: 1.00 | dt: 869.84ms | tok/sec: 150,685 | mfu: 36.93 | epoch: 1 | total time: 0.10m
step 00018 (1.96%) | loss: 1.689932 | lrm: 1.00 | dt: 867.35ms | tok/sec: 151,117 | mfu: 37.03 | epoch: 1 | total time: 0.12m
step 00019 (2.07%) | loss: 1.592466 | lrm: 1.00 | dt: 870.72ms | tok/sec: 150,533 | mfu: 36.89 | epoch: 1 | total time: 0.13m
step 00020 (2.18%) | loss: 1.546073 | lrm: 1.00 | dt: 869.39ms | tok/sec: 150,762 | mfu: 36.95 | epoch: 1 | total time: 0.14m
step 00021 (2.30%) | loss: 1.499692 | lrm: 1.00 | dt: 871.09ms | tok/sec: 150,468 | mfu: 36.87 | epoch: 1 | total time: 0.16m
step 00022 (2.41%) | loss: 1.467479 | lrm: 1.00 | dt: 869.37ms | tok/sec: 150,766 | mfu: 36.95 | epoch: 1 | total time: 0.17m
step 00023 (2.51%) | loss: 1.420793 | lrm: 1.00 | dt: 872.42ms | tok/sec: 150,239 | mfu: 36.82 | epoch: 1 | total time: 0.19m
step 00024 (2.62%) | loss: 1.393142 | lrm: 1.00 | dt: 872.43ms | tok/sec: 150,237 | mfu: 36.82 | epoch: 1 | total time: 0.20m
step 00025 (2.73%) | loss: 1.360116 | lrm: 1.00 | dt: 872.25ms | tok/sec: 150,268 | mfu: 36.82 | epoch: 1 | total time: 0.22m
Step 00025 | Validation bpb: 1.2645
step 00026 (2.83%) | loss: 1.325897 | lrm: 1.00 | dt: 875.09ms | tok/sec: 149,782 | mfu: 36.70 | epoch: 1 | total time: 0.23m
step 00027 (2.94%) | loss: 1.285704 | lrm: 1.00 | dt: 872.24ms | tok/sec: 150,270 | mfu: 36.82 | epoch: 1 | total time: 0.25m
step 00028 (3.04%) | loss: 1.270501 | lrm: 1.00 | dt: 875.79ms | tok/sec: 149,661 | mfu: 36.68 | epoch: 1 | total time: 0.26m
step 00029 (3.15%) | loss: 1.264768 | lrm: 1.00 | dt: 871.11ms | tok/sec: 150,465 | mfu: 36.87 | epoch: 1 | total time: 0.28m
step 00030 (3.26%) | loss: 1.243035 | lrm: 1.00 | dt: 873.23ms | tok/sec: 150,099 | mfu: 36.78 | epoch: 1 | total time: 0.29m
step 00031 (3.36%) | loss: 1.218265 | lrm: 1.00 | dt: 876.60ms | tok/sec: 149,522 | mfu: 36.64 | epoch: 1 | total time: 0.30m
step 00032 (3.47%) | loss: 1.203889 | lrm: 1.00 | dt: 877.65ms | tok/sec: 149,345 | mfu: 36.60 | epoch: 1 | total time: 0.32m
step 00033 (3.58%) | loss: 1.170484 | lrm: 1.00 | dt: 881.37ms | tok/sec: 148,713 | mfu: 36.44 | epoch: 1 | total time: 0.33m
step 00034 (3.68%) | loss: 1.172037 | lrm: 1.00 | dt: 877.86ms | tok/sec: 149,308 | mfu: 36.59 | epoch: 1 | total time: 0.35m
step 00035 (3.79%) | loss: 1.179046 | lrm: 1.00 | dt: 875.79ms | tok/sec: 149,661 | mfu: 36.68 | epoch: 1 | total time: 0.36m
step 00036 (3.90%) | loss: 1.174247 | lrm: 1.00 | dt: 874.22ms | tok/sec: 149,930 | mfu: 36.74 | epoch: 1 | total time: 0.38m
step 00037 (4.01%) | loss: 1.173831 | lrm: 1.00 | dt: 876.16ms | tok/sec: 149,597 | mfu: 36.66 | epoch: 1 | total time: 0.39m
step 00038 (4.12%) | loss: 1.152158 | lrm: 1.00 | dt: 875.38ms | tok/sec: 149,731 | mfu: 36.69 | epoch: 1 | total time: 0.41m
step 00039 (4.23%) | loss: 1.146661 | lrm: 1.00 | dt: 877.59ms | tok/sec: 149,353 | mfu: 36.60 | epoch: 1 | total time: 0.42m
step 00040 (4.34%) | loss: 1.125133 | lrm: 1.00 | dt: 879.40ms | tok/sec: 149,046 | mfu: 36.52 | epoch: 1 | total time: 0.44m
step 00041 (4.45%) | loss: 1.095653 | lrm: 1.00 | dt: 878.70ms | tok/sec: 149,166 | mfu: 36.55 | epoch: 1 | total time: 0.45m
step 00042 (4.56%) | loss: 1.086635 | lrm: 1.00 | dt: 879.45ms | tok/sec: 149,037 | mfu: 36.52 | epoch: 1 | total time: 0.47m
step 00043 (4.67%) | loss: 1.079788 | lrm: 1.00 | dt: 878.52ms | tok/sec: 149,195 | mfu: 36.56 | epoch: 1 | total time: 0.48m
step 00044 (4.77%) | loss: 1.094876 | lrm: 1.00 | dt: 878.92ms | tok/sec: 149,128 | mfu: 36.54 | epoch: 1 | total time: 0.49m
step 00045 (4.88%) | loss: 1.081221 | lrm: 1.00 | dt: 877.05ms | tok/sec: 149,447 | mfu: 36.62 | epoch: 1 | total time: 0.51m
step 00046 (4.99%) | loss: 1.067549 | lrm: 1.00 | dt: 878.39ms | tok/sec: 149,218 | mfu: 36.57 | epoch: 1 | total time: 0.52m
step 00047 (5.09%) | loss: 1.055348 | lrm: 1.00 | dt: 877.51ms | tok/sec: 149,368 | mfu: 36.60 | epoch: 1 | total time: 0.54m
step 00048 (5.20%) | loss: 1.066097 | lrm: 1.00 | dt: 876.70ms | tok/sec: 149,505 | mfu: 36.64 | epoch: 1 | total time: 0.55m
step 00049 (5.31%) | loss: 1.065577 | lrm: 1.00 | dt: 877.40ms | tok/sec: 149,386 | mfu: 36.61 | epoch: 1 | total time: 0.57m
step 00050 (5.41%) | loss: 1.025793 | lrm: 1.00 | dt: 877.10ms | tok/sec: 149,438 | mfu: 36.62 | epoch: 1 | total time: 0.58m
Step 00050 | Validation bpb: 1.3034
step 00051 (5.51%) | loss: 1.026180 | lrm: 1.00 | dt: 881.31ms | tok/sec: 148,724 | mfu: 36.45 | epoch: 1 | total time: 0.60m
step 00052 (5.63%) | loss: 1.040000 | lrm: 1.00 | dt: 878.14ms | tok/sec: 149,260 | mfu: 36.58 | epoch: 1 | total time: 0.61m
step 00053 (5.74%) | loss: 1.018877 | lrm: 1.00 | dt: 879.29ms | tok/sec: 149,064 | mfu: 36.53 | epoch: 1 | total time: 0.63m
step 00054 (5.85%) | loss: 1.010155 | lrm: 1.00 | dt: 880.36ms | tok/sec: 148,884 | mfu: 36.48 | epoch: 1 | total time: 0.64m
step 00055 (5.96%) | loss: 0.984787 | lrm: 1.00 | dt: 879.77ms | tok/sec: 148,984 | mfu: 36.51 | epoch: 1 | total time: 0.66m
step 00056 (6.06%) | loss: 0.997968 | lrm: 1.00 | dt: 879.28ms | tok/sec: 149,066 | mfu: 36.53 | epoch: 1 | total time: 0.67m
step 00057 (6.17%) | loss: 0.989109 | lrm: 1.00 | dt: 879.26ms | tok/sec: 149,070 | mfu: 36.53 | epoch: 1 | total time: 0.69m
step 00058 (6.27%) | loss: 0.962785 | lrm: 1.00 | dt: 880.08ms | tok/sec: 148,931 | mfu: 36.50 | epoch: 1 | total time: 0.70m
step 00059 (6.38%) | loss: 0.933454 | lrm: 1.00 | dt: 879.91ms | tok/sec: 148,960 | mfu: 36.50 | epoch: 1 | total time: 0.71m
step 00060 (6.49%) | loss: 0.917718 | lrm: 1.00 | dt: 880.19ms | tok/sec: 148,912 | mfu: 36.49 | epoch: 1 | total time: 0.73m
step 00061 (6.60%) | loss: 0.921023 | lrm: 1.00 | dt: 879.63ms | tok/sec: 149,008 | mfu: 36.52 | epoch: 1 | total time: 0.74m
step 00062 (6.70%) | loss: 0.929752 | lrm: 1.00 | dt: 879.78ms | tok/sec: 148,982 | mfu: 36.51 | epoch: 1 | total time: 0.76m
step 00063 (6.81%) | loss: 0.918848 | lrm: 1.00 | dt: 879.29ms | tok/sec: 149,065 | mfu: 36.53 | epoch: 1 | total time: 0.77m
step 00064 (6.92%) | loss: 0.911763 | lrm: 1.00 | dt: 879.54ms | tok/sec: 149,023 | mfu: 36.52 | epoch: 1 | total time: 0.79m
step 00065 (7.03%) | loss: 0.929395 | lrm: 1.00 | dt: 879.01ms | tok/sec: 149,113 | mfu: 36.54 | epoch: 1 | total time: 0.80m
step 00066 (7.13%) | loss: 0.973035 | lrm: 1.00 | dt: 880.22ms | tok/sec: 148,907 | mfu: 36.49 | epoch: 1 | total time: 0.82m
step 00067 (7.24%) | loss: 0.972678 | lrm: 1.00 | dt: 879.37ms | tok/sec: 149,051 | mfu: 36.53 | epoch: 1 | total time: 0.83m
step 00068 (7.35%) | loss: 0.954220 | lrm: 1.00 | dt: 879.26ms | tok/sec: 149,071 | mfu: 36.53 | epoch: 1 | total time: 0.85m
step 00069 (7.46%) | loss: 0.930487 | lrm: 1.00 | dt: 880.09ms | tok/sec: 148,930 | mfu: 36.50 | epoch: 1 | total time: 0.86m
step 00070 (7.57%) | loss: 0.929924 | lrm: 1.00 | dt: 879.48ms | tok/sec: 149,032 | mfu: 36.52 | epoch: 1 | total time: 0.88m
step 00071 (7.68%) | loss: 0.929165 | lrm: 1.00 | dt: 879.95ms | tok/sec: 148,954 | mfu: 36.50 | epoch: 1 | total time: 0.89m
step 00072 (7.79%) | loss: 0.927471 | lrm: 1.00 | dt: 879.63ms | tok/sec: 149,008 | mfu: 36.52 | epoch: 1 | total time: 0.91m
step 00073 (7.90%) | loss: 0.925297 | lrm: 1.00 | dt: 875.86ms | tok/sec: 149,649 | mfu: 36.67 | epoch: 1 | total time: 0.92m
step 00074 (8.01%) | loss: 0.946324 | lrm: 1.00 | dt: 877.58ms | tok/sec: 149,356 | mfu: 36.60 | epoch: 1 | total time: 0.93m
step 00075 (8.12%) | loss: 0.944200 | lrm: 1.00 | dt: 877.62ms | tok/sec: 149,350 | mfu: 36.60 | epoch: 1 | total time: 0.95m
Step 00075 | Validation bpb: 1.2988
step 00076 (8.22%) | loss: 0.943270 | lrm: 1.00 | dt: 882.76ms | tok/sec: 148,480 | mfu: 36.39 | epoch: 1 | total time: 0.96m
step 00077 (8.33%) | loss: 0.943927 | lrm: 1.00 | dt: 881.96ms | tok/sec: 148,614 | mfu: 36.42 | epoch: 1 | total time: 0.98m
step 00078 (8.44%) | loss: 0.948963 | lrm: 1.00 | dt: 882.02ms | tok/sec: 148,604 | mfu: 36.42 | epoch: 1 | total time: 0.99m
step 00079 (8.55%) | loss: 0.940069 | lrm: 1.00 | dt: 877.94ms | tok/sec: 149,294 | mfu: 36.59 | epoch: 1 | total time: 1.01m
step 00080 (8.66%) | loss: 0.963177 | lrm: 1.00 | dt: 874.49ms | tok/sec: 149,884 | mfu: 36.73 | epoch: 1 | total time: 1.02m
step 00081 (8.77%) | loss: 0.928667 | lrm: 1.00 | dt: 874.51ms | tok/sec: 149,881 | mfu: 36.73 | epoch: 1 | total time: 1.04m
step 00082 (8.88%) | loss: 0.925534 | lrm: 1.00 | dt: 872.52ms | tok/sec: 150,221 | mfu: 36.81 | epoch: 1 | total time: 1.05m
step 00083 (8.98%) | loss: 0.933373 | lrm: 1.00 | dt: 876.83ms | tok/sec: 149,484 | mfu: 36.63 | epoch: 1 | total time: 1.07m
step 00084 (9.09%) | loss: 0.916783 | lrm: 1.00 | dt: 876.65ms | tok/sec: 149,514 | mfu: 36.64 | epoch: 1 | total time: 1.08m
step 00085 (9.20%) | loss: 0.890658 | lrm: 1.00 | dt: 875.91ms | tok/sec: 149,640 | mfu: 36.67 | epoch: 1 | total time: 1.10m
step 00086 (9.30%) | loss: 0.914546 | lrm: 1.00 | dt: 875.04ms | tok/sec: 149,789 | mfu: 36.71 | epoch: 1 | total time: 1.11m
step 00087 (9.41%) | loss: 0.907156 | lrm: 1.00 | dt: 874.13ms | tok/sec: 149,946 | mfu: 36.75 | epoch: 1 | total time: 1.12m
step 00088 (9.51%) | loss: 0.951587 | lrm: 1.00 | dt: 876.89ms | tok/sec: 149,473 | mfu: 36.63 | epoch: 1 | total time: 1.14m
step 00089 (9.62%) | loss: 0.937131 | lrm: 1.00 | dt: 876.77ms | tok/sec: 149,493 | mfu: 36.63 | epoch: 1 | total time: 1.15m
step 00090 (9.73%) | loss: 0.926192 | lrm: 1.00 | dt: 876.48ms | tok/sec: 149,543 | mfu: 36.65 | epoch: 1 | total time: 1.17m
step 00091 (9.84%) | loss: 0.941054 | lrm: 1.00 | dt: 875.67ms | tok/sec: 149,682 | mfu: 36.68 | epoch: 1 | total time: 1.18m
step 00092 (9.95%) | loss: 0.951098 | lrm: 1.00 | dt: 875.98ms | tok/sec: 149,629 | mfu: 36.67 | epoch: 1 | total time: 1.20m
step 00093 (10.05%) | loss: 0.931021 | lrm: 1.00 | dt: 875.19ms | tok/sec: 149,764 | mfu: 36.70 | epoch: 1 | total time: 1.21m
step 00094 (10.16%) | loss: 0.907599 | lrm: 1.00 | dt: 878.32ms | tok/sec: 149,229 | mfu: 36.57 | epoch: 1 | total time: 1.23m
step 00095 (10.27%) | loss: 0.904500 | lrm: 1.00 | dt: 879.19ms | tok/sec: 149,082 | mfu: 36.53 | epoch: 1 | total time: 1.24m
step 00096 (10.37%) | loss: 0.879203 | lrm: 1.00 | dt: 878.38ms | tok/sec: 149,220 | mfu: 36.57 | epoch: 1 | total time: 1.26m
step 00097 (10.48%) | loss: 0.849549 | lrm: 1.00 | dt: 877.45ms | tok/sec: 149,377 | mfu: 36.61 | epoch: 1 | total time: 1.27m
step 00098 (10.59%) | loss: 0.856002 | lrm: 1.00 | dt: 875.43ms | tok/sec: 149,723 | mfu: 36.69 | epoch: 1 | total time: 1.29m
step 00099 (10.70%) | loss: 0.853390 | lrm: 1.00 | dt: 876.03ms | tok/sec: 149,619 | mfu: 36.67 | epoch: 1 | total time: 1.30m
step 00100 (10.80%) | loss: 0.857649 | lrm: 1.00 | dt: 874.22ms | tok/sec: 149,930 | mfu: 36.74 | epoch: 1 | total time: 1.31m
Step 00100 | Validation bpb: 1.3632
step 00101 (10.91%) | loss: 0.854448 | lrm: 1.00 | dt: 878.18ms | tok/sec: 149,253 | mfu: 36.58 | epoch: 1 | total time: 1.33m
step 00102 (11.02%) | loss: 0.901034 | lrm: 1.00 | dt: 876.29ms | tok/sec: 149,576 | mfu: 36.65 | epoch: 1 | total time: 1.34m
step 00103 (11.12%) | loss: 0.907491 | lrm: 1.00 | dt: 876.19ms | tok/sec: 149,593 | mfu: 36.66 | epoch: 1 | total time: 1.36m
step 00104 (11.23%) | loss: 0.888160 | lrm: 1.00 | dt: 875.86ms | tok/sec: 149,648 | mfu: 36.67 | epoch: 1 | total time: 1.37m
step 00105 (11.33%) | loss: 0.863781 | lrm: 1.00 | dt: 877.72ms | tok/sec: 149,331 | mfu: 36.59 | epoch: 1 | total time: 1.39m
step 00106 (11.44%) | loss: 0.857239 | lrm: 1.00 | dt: 879.12ms | tok/sec: 149,094 | mfu: 36.54 | epoch: 1 | total time: 1.40m
step 00107 (11.55%) | loss: 0.870671 | lrm: 1.00 | dt: 880.44ms | tok/sec: 148,871 | mfu: 36.48 | epoch: 1 | total time: 1.42m
step 00108 (11.66%) | loss: 0.851103 | lrm: 1.00 | dt: 878.91ms | tok/sec: 149,129 | mfu: 36.54 | epoch: 1 | total time: 1.43m
step 00109 (11.77%) | loss: 0.848438 | lrm: 1.00 | dt: 878.46ms | tok/sec: 149,207 | mfu: 36.56 | epoch: 1 | total time: 1.45m
step 00110 (11.88%) | loss: 0.845794 | lrm: 1.00 | dt: 878.32ms | tok/sec: 149,230 | mfu: 36.57 | epoch: 1 | total time: 1.46m
step 00111 (11.98%) | loss: 0.827411 | lrm: 1.00 | dt: 879.08ms | tok/sec: 149,101 | mfu: 36.54 | epoch: 1 | total time: 1.48m
step 00112 (12.09%) | loss: 0.841452 | lrm: 1.00 | dt: 878.64ms | tok/sec: 149,176 | mfu: 36.56 | epoch: 1 | total time: 1.49m
step 00113 (12.20%) | loss: 0.849040 | lrm: 1.00 | dt: 878.59ms | tok/sec: 149,183 | mfu: 36.56 | epoch: 1 | total time: 1.50m
step 00114 (12.31%) | loss: 0.862226 | lrm: 1.00 | dt: 877.95ms | tok/sec: 149,292 | mfu: 36.58 | epoch: 1 | total time: 1.52m
step 00115 (12.41%) | loss: 0.856794 | lrm: 1.00 | dt: 877.20ms | tok/sec: 149,421 | mfu: 36.62 | epoch: 1 | total time: 1.53m
step 00116 (12.52%) | loss: 0.849135 | lrm: 1.00 | dt: 876.42ms | tok/sec: 149,554 | mfu: 36.65 | epoch: 1 | total time: 1.55m
step 00117 (12.62%) | loss: 0.866239 | lrm: 1.00 | dt: 876.88ms | tok/sec: 149,474 | mfu: 36.63 | epoch: 1 | total time: 1.56m
step 00118 (12.73%) | loss: 0.862194 | lrm: 1.00 | dt: 875.39ms | tok/sec: 149,730 | mfu: 36.69 | epoch: 1 | total time: 1.58m
step 00119 (12.84%) | loss: 0.862526 | lrm: 1.00 | dt: 879.16ms | tok/sec: 149,087 | mfu: 36.53 | epoch: 1 | total time: 1.59m
step 00120 (12.95%) | loss: 0.834887 | lrm: 1.00 | dt: 879.69ms | tok/sec: 148,997 | mfu: 36.51 | epoch: 1 | total time: 1.61m
step 00121 (13.06%) | loss: 0.834664 | lrm: 1.00 | dt: 878.87ms | tok/sec: 149,137 | mfu: 36.55 | epoch: 1 | total time: 1.62m
step 00122 (13.17%) | loss: 0.828688 | lrm: 1.00 | dt: 879.71ms | tok/sec: 148,994 | mfu: 36.51 | epoch: 1 | total time: 1.64m
step 00123 (13.27%) | loss: 0.832546 | lrm: 1.00 | dt: 880.19ms | tok/sec: 148,912 | mfu: 36.49 | epoch: 1 | total time: 1.65m
step 00124 (13.38%) | loss: 0.824168 | lrm: 1.00 | dt: 879.68ms | tok/sec: 148,999 | mfu: 36.51 | epoch: 1 | total time: 1.67m
step 00125 (13.49%) | loss: 0.818591 | lrm: 1.00 | dt: 879.89ms | tok/sec: 148,963 | mfu: 36.50 | epoch: 1 | total time: 1.68m
Step 00125 | Validation bpb: 1.3955
step 00126 (13.60%) | loss: 0.838471 | lrm: 1.00 | dt: 881.38ms | tok/sec: 148,711 | mfu: 36.44 | epoch: 1 | total time: 1.70m
step 00127 (13.71%) | loss: 0.861891 | lrm: 1.00 | dt: 881.17ms | tok/sec: 148,748 | mfu: 36.45 | epoch: 1 | total time: 1.71m
step 00128 (13.82%) | loss: 0.858644 | lrm: 1.00 | dt: 879.55ms | tok/sec: 149,021 | mfu: 36.52 | epoch: 1 | total time: 1.72m
step 00129 (13.92%) | loss: 0.857161 | lrm: 1.00 | dt: 881.16ms | tok/sec: 148,749 | mfu: 36.45 | epoch: 1 | total time: 1.74m
step 00130 (14.03%) | loss: 0.864625 | lrm: 1.00 | dt: 879.97ms | tok/sec: 148,951 | mfu: 36.50 | epoch: 1 | total time: 1.75m
step 00131 (14.14%) | loss: 0.851537 | lrm: 1.00 | dt: 879.90ms | tok/sec: 148,961 | mfu: 36.50 | epoch: 1 | total time: 1.77m
step 00132 (14.25%) | loss: 0.833233 | lrm: 1.00 | dt: 880.40ms | tok/sec: 148,877 | mfu: 36.48 | epoch: 1 | total time: 1.78m
step 00133 (14.35%) | loss: 0.841786 | lrm: 1.00 | dt: 879.83ms | tok/sec: 148,974 | mfu: 36.51 | epoch: 1 | total time: 1.80m
step 00134 (14.46%) | loss: 0.822212 | lrm: 1.00 | dt: 878.79ms | tok/sec: 149,150 | mfu: 36.55 | epoch: 1 | total time: 1.81m
step 00135 (14.57%) | loss: 0.797714 | lrm: 1.00 | dt: 880.15ms | tok/sec: 148,919 | mfu: 36.49 | epoch: 1 | total time: 1.83m
step 00136 (14.68%) | loss: 0.780314 | lrm: 1.00 | dt: 879.68ms | tok/sec: 148,999 | mfu: 36.51 | epoch: 1 | total time: 1.84m
step 00137 (14.79%) | loss: 0.780608 | lrm: 1.00 | dt: 879.70ms | tok/sec: 148,996 | mfu: 36.51 | epoch: 1 | total time: 1.86m
step 00138 (14.89%) | loss: 0.772844 | lrm: 1.00 | dt: 879.15ms | tok/sec: 149,090 | mfu: 36.54 | epoch: 1 | total time: 1.87m
step 00139 (15.00%) | loss: 0.787612 | lrm: 1.00 | dt: 879.18ms | tok/sec: 149,084 | mfu: 36.53 | epoch: 1 | total time: 1.89m
step 00140 (15.11%) | loss: 0.775282 | lrm: 1.00 | dt: 880.49ms | tok/sec: 148,862 | mfu: 36.48 | epoch: 1 | total time: 1.90m
step 00141 (15.22%) | loss: 0.784013 | lrm: 1.00 | dt: 880.78ms | tok/sec: 148,814 | mfu: 36.47 | epoch: 1 | total time: 1.92m
step 00142 (15.33%) | loss: 0.806793 | lrm: 1.00 | dt: 878.86ms | tok/sec: 149,138 | mfu: 36.55 | epoch: 1 | total time: 1.93m
step 00143 (15.43%) | loss: 0.790739 | lrm: 1.00 | dt: 879.85ms | tok/sec: 148,970 | mfu: 36.51 | epoch: 1 | total time: 1.94m
step 00144 (15.54%) | loss: 0.797148 | lrm: 1.00 | dt: 880.00ms | tok/sec: 148,945 | mfu: 36.50 | epoch: 1 | total time: 1.96m
step 00145 (15.65%) | loss: 0.796557 | lrm: 1.00 | dt: 879.45ms | tok/sec: 149,039 | mfu: 36.52 | epoch: 1 | total time: 1.97m
step 00146 (15.76%) | loss: 0.822222 | lrm: 1.00 | dt: 880.57ms | tok/sec: 148,849 | mfu: 36.48 | epoch: 1 | total time: 1.99m
step 00147 (15.87%) | loss: 0.818481 | lrm: 1.00 | dt: 879.36ms | tok/sec: 149,054 | mfu: 36.53 | epoch: 1 | total time: 2.00m
step 00148 (15.98%) | loss: 0.835380 | lrm: 1.00 | dt: 879.62ms | tok/sec: 149,010 | mfu: 36.52 | epoch: 1 | total time: 2.02m
step 00149 (16.08%) | loss: 0.812605 | lrm: 1.00 | dt: 880.03ms | tok/sec: 148,941 | mfu: 36.50 | epoch: 1 | total time: 2.03m
step 00150 (16.19%) | loss: 0.828511 | lrm: 1.00 | dt: 879.28ms | tok/sec: 149,066 | mfu: 36.53 | epoch: 1 | total time: 2.05m
Step 00150 | Validation bpb: 1.4796
step 00151 (16.30%) | loss: 0.820675 | lrm: 1.00 | dt: 882.93ms | tok/sec: 148,450 | mfu: 36.38 | epoch: 1 | total time: 2.06m
step 00152 (16.40%) | loss: 0.825756 | lrm: 1.00 | dt: 880.93ms | tok/sec: 148,788 | mfu: 36.46 | epoch: 1 | total time: 2.08m
step 00153 (16.51%) | loss: 0.831199 | lrm: 1.00 | dt: 881.10ms | tok/sec: 148,758 | mfu: 36.45 | epoch: 1 | total time: 2.09m
step 00154 (16.61%) | loss: 0.824195 | lrm: 1.00 | dt: 880.26ms | tok/sec: 148,902 | mfu: 36.49 | epoch: 1 | total time: 2.11m
step 00155 (16.72%) | loss: 0.805957 | lrm: 1.00 | dt: 880.06ms | tok/sec: 148,934 | mfu: 36.50 | epoch: 1 | total time: 2.12m
step 00156 (16.83%) | loss: 0.799799 | lrm: 1.00 | dt: 879.48ms | tok/sec: 149,034 | mfu: 36.52 | epoch: 1 | total time: 2.14m
step 00157 (16.93%) | loss: 0.779143 | lrm: 1.00 | dt: 879.39ms | tok/sec: 149,049 | mfu: 36.53 | epoch: 1 | total time: 2.15m
step 00158 (17.04%) | loss: 0.792116 | lrm: 1.00 | dt: 879.18ms | tok/sec: 149,084 | mfu: 36.53 | epoch: 1 | total time: 2.16m
step 00159 (17.15%) | loss: 0.780926 | lrm: 1.00 | dt: 879.57ms | tok/sec: 149,017 | mfu: 36.52 | epoch: 1 | total time: 2.18m
step 00160 (17.25%) | loss: 0.783481 | lrm: 1.00 | dt: 879.33ms | tok/sec: 149,059 | mfu: 36.53 | epoch: 1 | total time: 2.19m
step 00161 (17.36%) | loss: 0.788827 | lrm: 1.00 | dt: 879.34ms | tok/sec: 149,058 | mfu: 36.53 | epoch: 1 | total time: 2.21m
step 00162 (17.47%) | loss: 0.777153 | lrm: 1.00 | dt: 880.01ms | tok/sec: 148,944 | mfu: 36.50 | epoch: 1 | total time: 2.22m
step 00163 (17.58%) | loss: 0.774499 | lrm: 1.00 | dt: 880.32ms | tok/sec: 148,891 | mfu: 36.49 | epoch: 1 | total time: 2.24m
step 00164 (17.69%) | loss: 0.792547 | lrm: 1.00 | dt: 880.45ms | tok/sec: 148,868 | mfu: 36.48 | epoch: 1 | total time: 2.25m
step 00165 (17.79%) | loss: 0.806262 | lrm: 1.00 | dt: 879.43ms | tok/sec: 149,041 | mfu: 36.52 | epoch: 1 | total time: 2.27m
step 00166 (17.90%) | loss: 0.779885 | lrm: 1.00 | dt: 879.52ms | tok/sec: 149,026 | mfu: 36.52 | epoch: 1 | total time: 2.28m
step 00167 (18.00%) | loss: 0.761883 | lrm: 1.00 | dt: 879.52ms | tok/sec: 149,026 | mfu: 36.52 | epoch: 1 | total time: 2.30m
step 00168 (18.11%) | loss: 0.750469 | lrm: 1.00 | dt: 880.65ms | tok/sec: 148,836 | mfu: 36.47 | epoch: 1 | total time: 2.31m
step 00169 (18.22%) | loss: 0.742364 | lrm: 1.00 | dt: 880.99ms | tok/sec: 148,778 | mfu: 36.46 | epoch: 1 | total time: 2.33m
step 00170 (18.33%) | loss: 0.744256 | lrm: 1.00 | dt: 878.44ms | tok/sec: 149,210 | mfu: 36.56 | epoch: 1 | total time: 2.34m
step 00171 (18.43%) | loss: 0.742781 | lrm: 1.00 | dt: 879.79ms | tok/sec: 148,981 | mfu: 36.51 | epoch: 1 | total time: 2.35m
step 00172 (18.54%) | loss: 0.740182 | lrm: 1.00 | dt: 879.31ms | tok/sec: 149,062 | mfu: 36.53 | epoch: 1 | total time: 2.37m
step 00173 (18.65%) | loss: 0.729906 | lrm: 1.00 | dt: 879.51ms | tok/sec: 149,028 | mfu: 36.52 | epoch: 1 | total time: 2.38m
step 00174 (18.76%) | loss: 0.756660 | lrm: 1.00 | dt: 879.57ms | tok/sec: 149,018 | mfu: 36.52 | epoch: 1 | total time: 2.40m
step 00175 (18.87%) | loss: 0.757113 | lrm: 1.00 | dt: 879.78ms | tok/sec: 148,982 | mfu: 36.51 | epoch: 1 | total time: 2.41m
Step 00175 | Validation bpb: 1.5388
step 00176 (18.97%) | loss: 0.752048 | lrm: 1.00 | dt: 883.60ms | tok/sec: 148,337 | mfu: 36.35 | epoch: 1 | total time: 2.43m
step 00177 (19.08%) | loss: 0.756309 | lrm: 1.00 | dt: 879.92ms | tok/sec: 148,958 | mfu: 36.50 | epoch: 1 | total time: 2.44m
step 00178 (19.18%) | loss: 0.760782 | lrm: 1.00 | dt: 879.53ms | tok/sec: 149,025 | mfu: 36.52 | epoch: 1 | total time: 2.46m
step 00179 (19.29%) | loss: 0.775122 | lrm: 1.00 | dt: 880.07ms | tok/sec: 148,934 | mfu: 36.50 | epoch: 1 | total time: 2.47m
step 00180 (19.40%) | loss: 0.763163 | lrm: 1.00 | dt: 879.52ms | tok/sec: 149,027 | mfu: 36.52 | epoch: 1 | total time: 2.49m
step 00181 (19.51%) | loss: 0.764915 | lrm: 1.00 | dt: 879.40ms | tok/sec: 149,047 | mfu: 36.52 | epoch: 1 | total time: 2.50m
step 00182 (19.62%) | loss: 0.756451 | lrm: 1.00 | dt: 879.08ms | tok/sec: 149,102 | mfu: 36.54 | epoch: 1 | total time: 2.52m
step 00183 (19.73%) | loss: 0.772623 | lrm: 1.00 | dt: 879.97ms | tok/sec: 148,950 | mfu: 36.50 | epoch: 1 | total time: 2.53m
step 00184 (19.83%) | loss: 0.788245 | lrm: 1.00 | dt: 879.99ms | tok/sec: 148,946 | mfu: 36.50 | epoch: 1 | total time: 2.55m
step 00185 (19.94%) | loss: 0.800207 | lrm: 1.00 | dt: 879.11ms | tok/sec: 149,095 | mfu: 36.54 | epoch: 1 | total time: 2.56m
step 00186 (20.05%) | loss: 0.807424 | lrm: 1.00 | dt: 880.28ms | tok/sec: 148,898 | mfu: 36.49 | epoch: 1 | total time: 2.57m
step 00187 (20.15%) | loss: 0.798432 | lrm: 1.00 | dt: 878.94ms | tok/sec: 149,124 | mfu: 36.54 | epoch: 1 | total time: 2.59m
step 00188 (20.26%) | loss: 0.784246 | lrm: 1.00 | dt: 880.39ms | tok/sec: 148,879 | mfu: 36.48 | epoch: 1 | total time: 2.60m
step 00189 (20.37%) | loss: 0.820664 | lrm: 1.00 | dt: 879.37ms | tok/sec: 149,052 | mfu: 36.53 | epoch: 1 | total time: 2.62m
step 00190 (20.48%) | loss: 0.853901 | lrm: 1.00 | dt: 879.15ms | tok/sec: 149,090 | mfu: 36.54 | epoch: 1 | total time: 2.63m
step 00191 (20.58%) | loss: 0.836745 | lrm: 1.00 | dt: 880.45ms | tok/sec: 148,870 | mfu: 36.48 | epoch: 1 | total time: 2.65m
step 00192 (20.69%) | loss: 0.814845 | lrm: 1.00 | dt: 879.00ms | tok/sec: 149,114 | mfu: 36.54 | epoch: 1 | total time: 2.66m
step 00193 (20.80%) | loss: 0.815487 | lrm: 1.00 | dt: 880.64ms | tok/sec: 148,836 | mfu: 36.47 | epoch: 1 | total time: 2.68m
step 00194 (20.91%) | loss: 0.818621 | lrm: 1.00 | dt: 880.26ms | tok/sec: 148,902 | mfu: 36.49 | epoch: 1 | total time: 2.69m
step 00195 (21.02%) | loss: 0.801622 | lrm: 1.00 | dt: 879.82ms | tok/sec: 148,976 | mfu: 36.51 | epoch: 1 | total time: 2.71m
step 00196 (21.12%) | loss: 0.794198 | lrm: 1.00 | dt: 880.14ms | tok/sec: 148,921 | mfu: 36.49 | epoch: 1 | total time: 2.72m
step 00197 (21.23%) | loss: 0.784907 | lrm: 1.00 | dt: 880.24ms | tok/sec: 148,905 | mfu: 36.49 | epoch: 1 | total time: 2.74m
step 00198 (21.34%) | loss: 0.797104 | lrm: 1.00 | dt: 879.62ms | tok/sec: 149,010 | mfu: 36.52 | epoch: 1 | total time: 2.75m
step 00199 (21.45%) | loss: 0.789280 | lrm: 1.00 | dt: 879.19ms | tok/sec: 149,082 | mfu: 36.53 | epoch: 1 | total time: 2.77m
step 00200 (21.55%) | loss: 0.759546 | lrm: 1.00 | dt: 879.86ms | tok/sec: 148,968 | mfu: 36.51 | epoch: 1 | total time: 2.78m
Step 00200 | Validation bpb: 1.6289
step 00201 (21.66%) | loss: 0.771423 | lrm: 1.00 | dt: 884.09ms | tok/sec: 148,255 | mfu: 36.33 | epoch: 1 | total time: 2.79m
step 00202 (21.77%) | loss: 0.757325 | lrm: 1.00 | dt: 880.34ms | tok/sec: 148,887 | mfu: 36.49 | epoch: 1 | total time: 2.81m
step 00203 (21.88%) | loss: 0.738181 | lrm: 1.00 | dt: 879.64ms | tok/sec: 149,005 | mfu: 36.51 | epoch: 1 | total time: 2.82m
step 00204 (21.99%) | loss: 0.810893 | lrm: 1.00 | dt: 880.19ms | tok/sec: 148,913 | mfu: 36.49 | epoch: 1 | total time: 2.84m
step 00205 (22.09%) | loss: 0.801573 | lrm: 1.00 | dt: 879.38ms | tok/sec: 149,050 | mfu: 36.53 | epoch: 1 | total time: 2.85m
step 00206 (22.20%) | loss: 0.797657 | lrm: 1.00 | dt: 880.29ms | tok/sec: 148,895 | mfu: 36.49 | epoch: 1 | total time: 2.87m
step 00207 (22.31%) | loss: 0.803387 | lrm: 1.00 | dt: 879.98ms | tok/sec: 148,949 | mfu: 36.50 | epoch: 1 | total time: 2.88m
step 00208 (22.41%) | loss: 0.801386 | lrm: 1.00 | dt: 880.11ms | tok/sec: 148,927 | mfu: 36.50 | epoch: 1 | total time: 2.90m
step 00209 (22.52%) | loss: 0.792303 | lrm: 1.00 | dt: 879.36ms | tok/sec: 149,053 | mfu: 36.53 | epoch: 1 | total time: 2.91m
step 00210 (22.63%) | loss: 0.774082 | lrm: 1.00 | dt: 879.40ms | tok/sec: 149,046 | mfu: 36.52 | epoch: 1 | total time: 2.93m
step 00211 (22.74%) | loss: 0.770867 | lrm: 1.00 | dt: 880.10ms | tok/sec: 148,927 | mfu: 36.50 | epoch: 1 | total time: 2.94m
step 00212 (22.85%) | loss: 0.755430 | lrm: 1.00 | dt: 879.58ms | tok/sec: 149,017 | mfu: 36.52 | epoch: 1 | total time: 2.96m
step 00213 (22.96%) | loss: 0.753229 | lrm: 1.00 | dt: 879.35ms | tok/sec: 149,056 | mfu: 36.53 | epoch: 1 | total time: 2.97m
step 00214 (23.07%) | loss: 0.762111 | lrm: 1.00 | dt: 879.49ms | tok/sec: 149,031 | mfu: 36.52 | epoch: 1 | total time: 2.99m
step 00215 (23.18%) | loss: 0.763846 | lrm: 1.00 | dt: 880.01ms | tok/sec: 148,943 | mfu: 36.50 | epoch: 1 | total time: 3.00m
step 00216 (23.29%) | loss: 0.777518 | lrm: 1.00 | dt: 879.73ms | tok/sec: 148,990 | mfu: 36.51 | epoch: 1 | total time: 3.01m
step 00217 (23.40%) | loss: 0.759055 | lrm: 1.00 | dt: 879.34ms | tok/sec: 149,056 | mfu: 36.53 | epoch: 1 | total time: 3.03m
step 00218 (23.50%) | loss: 0.763369 | lrm: 1.00 | dt: 879.69ms | tok/sec: 148,997 | mfu: 36.51 | epoch: 1 | total time: 3.04m
step 00219 (23.61%) | loss: 0.754549 | lrm: 1.00 | dt: 879.91ms | tok/sec: 148,960 | mfu: 36.50 | epoch: 1 | total time: 3.06m
step 00220 (23.71%) | loss: 0.740299 | lrm: 1.00 | dt: 880.65ms | tok/sec: 148,835 | mfu: 36.47 | epoch: 1 | total time: 3.07m
step 00221 (23.82%) | loss: 0.725582 | lrm: 1.00 | dt: 880.31ms | tok/sec: 148,892 | mfu: 36.49 | epoch: 1 | total time: 3.09m
step 00222 (23.93%) | loss: 0.738887 | lrm: 1.00 | dt: 880.67ms | tok/sec: 148,832 | mfu: 36.47 | epoch: 1 | total time: 3.10m
step 00223 (24.04%) | loss: 0.720133 | lrm: 1.00 | dt: 881.06ms | tok/sec: 148,765 | mfu: 36.46 | epoch: 1 | total time: 3.12m
step 00224 (24.15%) | loss: 0.698873 | lrm: 1.00 | dt: 882.94ms | tok/sec: 148,450 | mfu: 36.38 | epoch: 1 | total time: 3.13m
step 00225 (24.26%) | loss: 0.694282 | lrm: 1.00 | dt: 883.11ms | tok/sec: 148,421 | mfu: 36.37 | epoch: 1 | total time: 3.15m
Step 00225 | Validation bpb: 1.7232
step 00226 (24.37%) | loss: 0.698321 | lrm: 1.00 | dt: 885.96ms | tok/sec: 147,943 | mfu: 36.25 | epoch: 1 | total time: 3.16m
step 00227 (24.48%) | loss: 0.700562 | lrm: 1.00 | dt: 883.09ms | tok/sec: 148,423 | mfu: 36.37 | epoch: 1 | total time: 3.18m
step 00228 (24.58%) | loss: 0.713462 | lrm: 1.00 | dt: 881.92ms | tok/sec: 148,620 | mfu: 36.42 | epoch: 1 | total time: 3.19m
step 00229 (24.69%) | loss: 0.718429 | lrm: 1.00 | dt: 881.06ms | tok/sec: 148,766 | mfu: 36.46 | epoch: 1 | total time: 3.21m
step 00230 (24.80%) | loss: 0.749989 | lrm: 1.00 | dt: 880.05ms | tok/sec: 148,936 | mfu: 36.50 | epoch: 1 | total time: 3.22m
step 00231 (24.91%) | loss: 0.741318 | lrm: 1.00 | dt: 880.12ms | tok/sec: 148,924 | mfu: 36.49 | epoch: 1 | total time: 3.24m
step 00232 (25.01%) | loss: 0.713024 | lrm: 1.00 | dt: 879.64ms | tok/sec: 149,006 | mfu: 36.51 | epoch: 1 | total time: 3.25m
step 00233 (25.12%) | loss: 0.709447 | lrm: 1.00 | dt: 879.81ms | tok/sec: 148,977 | mfu: 36.51 | epoch: 1 | total time: 3.26m
step 00234 (25.23%) | loss: 0.709709 | lrm: 1.00 | dt: 880.16ms | tok/sec: 148,919 | mfu: 36.49 | epoch: 1 | total time: 3.28m
step 00235 (25.34%) | loss: 0.702071 | lrm: 1.00 | dt: 880.80ms | tok/sec: 148,810 | mfu: 36.47 | epoch: 1 | total time: 3.29m
step 00236 (25.44%) | loss: 0.709273 | lrm: 1.00 | dt: 882.21ms | tok/sec: 148,572 | mfu: 36.41 | epoch: 1 | total time: 3.31m
step 00237 (25.54%) | loss: 0.719478 | lrm: 1.00 | dt: 882.64ms | tok/sec: 148,499 | mfu: 36.39 | epoch: 1 | total time: 3.32m
step 00238 (25.65%) | loss: 0.736632 | lrm: 1.00 | dt: 885.57ms | tok/sec: 148,008 | mfu: 36.27 | epoch: 1 | total time: 3.34m
step 00239 (25.76%) | loss: 0.720130 | lrm: 1.00 | dt: 882.07ms | tok/sec: 148,595 | mfu: 36.41 | epoch: 1 | total time: 3.35m
step 00240 (25.87%) | loss: 0.729466 | lrm: 1.00 | dt: 880.40ms | tok/sec: 148,878 | mfu: 36.48 | epoch: 1 | total time: 3.37m
step 00241 (25.97%) | loss: 0.735116 | lrm: 1.00 | dt: 880.49ms | tok/sec: 148,862 | mfu: 36.48 | epoch: 1 | total time: 3.38m
step 00242 (26.08%) | loss: 0.701506 | lrm: 1.00 | dt: 880.66ms | tok/sec: 148,833 | mfu: 36.47 | epoch: 1 | total time: 3.40m
step 00243 (26.19%) | loss: 0.683611 | lrm: 1.00 | dt: 880.73ms | tok/sec: 148,821 | mfu: 36.47 | epoch: 1 | total time: 3.41m
step 00244 (26.29%) | loss: 0.687510 | lrm: 1.00 | dt: 880.37ms | tok/sec: 148,882 | mfu: 36.48 | epoch: 1 | total time: 3.43m
step 00245 (26.40%) | loss: 0.675679 | lrm: 1.00 | dt: 882.17ms | tok/sec: 148,578 | mfu: 36.41 | epoch: 1 | total time: 3.44m
step 00246 (26.50%) | loss: 0.658604 | lrm: 1.00 | dt: 884.18ms | tok/sec: 148,240 | mfu: 36.33 | epoch: 1 | total time: 3.46m
step 00247 (26.61%) | loss: 0.662390 | lrm: 1.00 | dt: 885.32ms | tok/sec: 148,050 | mfu: 36.28 | epoch: 1 | total time: 3.47m
step 00248 (26.72%) | loss: 0.674848 | lrm: 1.00 | dt: 882.30ms | tok/sec: 148,556 | mfu: 36.40 | epoch: 1 | total time: 3.49m
step 00249 (26.83%) | loss: 0.678151 | lrm: 1.00 | dt: 880.99ms | tok/sec: 148,777 | mfu: 36.46 | epoch: 1 | total time: 3.50m
step 00250 (26.93%) | loss: 0.695338 | lrm: 1.00 | dt: 880.86ms | tok/sec: 148,800 | mfu: 36.46 | epoch: 1 | total time: 3.51m
Step 00250 | Validation bpb: 1.7890
step 00251 (27.04%) | loss: 0.690478 | lrm: 1.00 | dt: 885.28ms | tok/sec: 148,057 | mfu: 36.28 | epoch: 1 | total time: 3.53m
step 00252 (27.15%) | loss: 0.715633 | lrm: 1.00 | dt: 885.40ms | tok/sec: 148,036 | mfu: 36.28 | epoch: 1 | total time: 3.54m
step 00253 (27.26%) | loss: 0.701217 | lrm: 1.00 | dt: 882.07ms | tok/sec: 148,596 | mfu: 36.41 | epoch: 1 | total time: 3.56m
step 00254 (27.37%) | loss: 0.736496 | lrm: 1.00 | dt: 880.33ms | tok/sec: 148,890 | mfu: 36.49 | epoch: 1 | total time: 3.57m
step 00255 (27.48%) | loss: 0.721769 | lrm: 1.00 | dt: 880.59ms | tok/sec: 148,845 | mfu: 36.48 | epoch: 1 | total time: 3.59m
step 00256 (27.58%) | loss: 0.714627 | lrm: 1.00 | dt: 880.28ms | tok/sec: 148,897 | mfu: 36.49 | epoch: 1 | total time: 3.60m
step 00257 (27.69%) | loss: 0.744778 | lrm: 1.00 | dt: 880.82ms | tok/sec: 148,807 | mfu: 36.47 | epoch: 1 | total time: 3.62m
step 00258 (27.79%) | loss: 0.754815 | lrm: 1.00 | dt: 882.59ms | tok/sec: 148,508 | mfu: 36.39 | epoch: 1 | total time: 3.63m
step 00259 (27.90%) | loss: 0.741357 | lrm: 1.00 | dt: 884.07ms | tok/sec: 148,260 | mfu: 36.33 | epoch: 1 | total time: 3.65m
step 00260 (28.01%) | loss: 0.720137 | lrm: 1.00 | dt: 884.71ms | tok/sec: 148,152 | mfu: 36.31 | epoch: 1 | total time: 3.66m
step 00261 (28.11%) | loss: 0.704544 | lrm: 1.00 | dt: 881.93ms | tok/sec: 148,619 | mfu: 36.42 | epoch: 1 | total time: 3.68m
step 00262 (28.22%) | loss: 0.684087 | lrm: 1.00 | dt: 880.88ms | tok/sec: 148,797 | mfu: 36.46 | epoch: 1 | total time: 3.69m
step 00263 (28.33%) | loss: 0.693417 | lrm: 1.00 | dt: 880.78ms | tok/sec: 148,813 | mfu: 36.47 | epoch: 1 | total time: 3.71m
step 00264 (28.44%) | loss: 0.687109 | lrm: 1.00 | dt: 880.57ms | tok/sec: 148,849 | mfu: 36.48 | epoch: 1 | total time: 3.72m
step 00265 (28.55%) | loss: 0.709508 | lrm: 1.00 | dt: 880.02ms | tok/sec: 148,942 | mfu: 36.50 | epoch: 1 | total time: 3.73m
step 00266 (28.65%) | loss: 0.700911 | lrm: 1.00 | dt: 881.12ms | tok/sec: 148,756 | mfu: 36.45 | epoch: 1 | total time: 3.75m
step 00267 (28.76%) | loss: 0.711347 | lrm: 1.00 | dt: 881.72ms | tok/sec: 148,654 | mfu: 36.43 | epoch: 1 | total time: 3.76m
step 00268 (28.87%) | loss: 0.698063 | lrm: 1.00 | dt: 884.09ms | tok/sec: 148,255 | mfu: 36.33 | epoch: 1 | total time: 3.78m
step 00269 (28.98%) | loss: 0.720357 | lrm: 1.00 | dt: 885.30ms | tok/sec: 148,053 | mfu: 36.28 | epoch: 1 | total time: 3.79m
step 00270 (29.08%) | loss: 0.738358 | lrm: 1.00 | dt: 881.96ms | tok/sec: 148,614 | mfu: 36.42 | epoch: 1 | total time: 3.81m
step 00271 (29.19%) | loss: 0.733303 | lrm: 1.00 | dt: 880.16ms | tok/sec: 148,919 | mfu: 36.49 | epoch: 1 | total time: 3.82m
step 00272 (29.30%) | loss: 0.736413 | lrm: 1.00 | dt: 880.00ms | tok/sec: 148,944 | mfu: 36.50 | epoch: 1 | total time: 3.84m
step 00273 (29.41%) | loss: 0.742082 | lrm: 1.00 | dt: 879.70ms | tok/sec: 148,995 | mfu: 36.51 | epoch: 1 | total time: 3.85m
step 00274 (29.52%) | loss: 0.731127 | lrm: 1.00 | dt: 879.82ms | tok/sec: 148,976 | mfu: 36.51 | epoch: 1 | total time: 3.87m
step 00275 (29.63%) | loss: 0.747338 | lrm: 1.00 | dt: 879.47ms | tok/sec: 149,035 | mfu: 36.52 | epoch: 1 | total time: 3.88m
Step 00275 | Validation bpb: 1.8989
step 00276 (29.74%) | loss: 0.742632 | lrm: 1.00 | dt: 881.71ms | tok/sec: 148,656 | mfu: 36.43 | epoch: 1 | total time: 3.90m
step 00277 (29.85%) | loss: 0.730905 | lrm: 1.00 | dt: 880.66ms | tok/sec: 148,833 | mfu: 36.47 | epoch: 1 | total time: 3.91m
step 00278 (29.96%) | loss: 0.735538 | lrm: 1.00 | dt: 880.38ms | tok/sec: 148,881 | mfu: 36.48 | epoch: 1 | total time: 3.93m
step 00279 (30.07%) | loss: 0.731971 | lrm: 1.00 | dt: 880.95ms | tok/sec: 148,784 | mfu: 36.46 | epoch: 1 | total time: 3.94m
step 00280 (30.17%) | loss: 0.715727 | lrm: 1.00 | dt: 880.00ms | tok/sec: 148,945 | mfu: 36.50 | epoch: 1 | total time: 3.96m
step 00281 (30.28%) | loss: 0.694742 | lrm: 1.00 | dt: 881.13ms | tok/sec: 148,754 | mfu: 36.45 | epoch: 1 | total time: 3.97m
step 00282 (30.38%) | loss: 0.694195 | lrm: 1.00 | dt: 881.95ms | tok/sec: 148,615 | mfu: 36.42 | epoch: 1 | total time: 3.98m
step 00283 (30.49%) | loss: 0.693642 | lrm: 1.00 | dt: 883.44ms | tok/sec: 148,366 | mfu: 36.36 | epoch: 1 | total time: 4.00m
step 00284 (30.60%) | loss: 0.702345 | lrm: 1.00 | dt: 884.34ms | tok/sec: 148,215 | mfu: 36.32 | epoch: 1 | total time: 4.01m
step 00285 (30.71%) | loss: 0.700441 | lrm: 1.00 | dt: 883.35ms | tok/sec: 148,380 | mfu: 36.36 | epoch: 1 | total time: 4.03m
step 00286 (30.81%) | loss: 0.692202 | lrm: 1.00 | dt: 880.30ms | tok/sec: 148,894 | mfu: 36.49 | epoch: 1 | total time: 4.04m
step 00287 (30.92%) | loss: 0.687744 | lrm: 1.00 | dt: 880.50ms | tok/sec: 148,860 | mfu: 36.48 | epoch: 1 | total time: 4.06m
step 00288 (31.03%) | loss: 0.689573 | lrm: 1.00 | dt: 880.31ms | tok/sec: 148,893 | mfu: 36.49 | epoch: 1 | total time: 4.07m
step 00289 (31.13%) | loss: 0.688226 | lrm: 1.00 | dt: 880.19ms | tok/sec: 148,913 | mfu: 36.49 | epoch: 1 | total time: 4.09m
step 00290 (31.25%) | loss: 0.690466 | lrm: 1.00 | dt: 880.24ms | tok/sec: 148,904 | mfu: 36.49 | epoch: 1 | total time: 4.10m
step 00291 (31.35%) | loss: 0.691996 | lrm: 1.00 | dt: 880.86ms | tok/sec: 148,800 | mfu: 36.46 | epoch: 1 | total time: 4.12m
step 00292 (31.46%) | loss: 0.678100 | lrm: 1.00 | dt: 882.34ms | tok/sec: 148,551 | mfu: 36.40 | epoch: 1 | total time: 4.13m
step 00293 (31.57%) | loss: 0.688135 | lrm: 1.00 | dt: 883.54ms | tok/sec: 148,348 | mfu: 36.35 | epoch: 1 | total time: 4.15m
step 00294 (31.68%) | loss: 0.678006 | lrm: 1.00 | dt: 884.89ms | tok/sec: 148,123 | mfu: 36.30 | epoch: 1 | total time: 4.16m
step 00295 (31.79%) | loss: 0.664120 | lrm: 1.00 | dt: 882.34ms | tok/sec: 148,550 | mfu: 36.40 | epoch: 1 | total time: 4.18m
step 00296 (31.90%) | loss: 0.644934 | lrm: 1.00 | dt: 880.42ms | tok/sec: 148,874 | mfu: 36.48 | epoch: 1 | total time: 4.19m
step 00297 (32.01%) | loss: 0.666942 | lrm: 1.00 | dt: 880.30ms | tok/sec: 148,894 | mfu: 36.49 | epoch: 1 | total time: 4.21m
step 00298 (32.12%) | loss: 0.653100 | lrm: 1.00 | dt: 880.21ms | tok/sec: 148,910 | mfu: 36.49 | epoch: 1 | total time: 4.22m
step 00299 (32.23%) | loss: 0.660109 | lrm: 1.00 | dt: 879.95ms | tok/sec: 148,953 | mfu: 36.50 | epoch: 1 | total time: 4.23m
step 00300 (32.34%) | loss: 0.668460 | lrm: 1.00 | dt: 879.70ms | tok/sec: 148,996 | mfu: 36.51 | epoch: 1 | total time: 4.25m
Step 00300 | Validation bpb: 1.9200
step 00301 (32.44%) | loss: 0.678450 | lrm: 1.00 | dt: 885.57ms | tok/sec: 148,008 | mfu: 36.27 | epoch: 1 | total time: 4.26m
step 00302 (32.55%) | loss: 0.688852 | lrm: 1.00 | dt: 882.17ms | tok/sec: 148,578 | mfu: 36.41 | epoch: 1 | total time: 4.28m
step 00303 (32.66%) | loss: 0.665259 | lrm: 1.00 | dt: 885.21ms | tok/sec: 148,068 | mfu: 36.28 | epoch: 1 | total time: 4.29m
step 00304 (32.76%) | loss: 0.681164 | lrm: 1.00 | dt: 882.86ms | tok/sec: 148,462 | mfu: 36.38 | epoch: 1 | total time: 4.31m
step 00305 (32.87%) | loss: 0.685146 | lrm: 1.00 | dt: 881.44ms | tok/sec: 148,702 | mfu: 36.44 | epoch: 1 | total time: 4.32m
step 00306 (32.98%) | loss: 0.654081 | lrm: 1.00 | dt: 880.59ms | tok/sec: 148,845 | mfu: 36.48 | epoch: 1 | total time: 4.34m
step 00307 (33.09%) | loss: 0.642349 | lrm: 1.00 | dt: 880.41ms | tok/sec: 148,875 | mfu: 36.48 | epoch: 1 | total time: 4.35m
step 00308 (33.19%) | loss: 0.648686 | lrm: 1.00 | dt: 879.99ms | tok/sec: 148,947 | mfu: 36.50 | epoch: 1 | total time: 4.37m
step 00309 (33.30%) | loss: 0.624493 | lrm: 1.00 | dt: 880.06ms | tok/sec: 148,934 | mfu: 36.50 | epoch: 1 | total time: 4.38m
step 00310 (33.41%) | loss: 0.630457 | lrm: 1.00 | dt: 880.63ms | tok/sec: 148,838 | mfu: 36.47 | epoch: 1 | total time: 4.40m
step 00311 (33.52%) | loss: 0.624038 | lrm: 1.00 | dt: 880.23ms | tok/sec: 148,906 | mfu: 36.49 | epoch: 1 | total time: 4.41m
step 00312 (33.63%) | loss: 0.610725 | lrm: 1.00 | dt: 881.58ms | tok/sec: 148,678 | mfu: 36.43 | epoch: 1 | total time: 4.43m
step 00313 (33.74%) | loss: 0.616694 | lrm: 1.00 | dt: 880.07ms | tok/sec: 148,933 | mfu: 36.50 | epoch: 1 | total time: 4.44m
step 00314 (33.84%) | loss: 0.623125 | lrm: 1.00 | dt: 880.91ms | tok/sec: 148,790 | mfu: 36.46 | epoch: 1 | total time: 4.45m
step 00315 (33.96%) | loss: 0.616498 | lrm: 1.00 | dt: 881.41ms | tok/sec: 148,707 | mfu: 36.44 | epoch: 1 | total time: 4.47m
step 00316 (34.06%) | loss: 0.606731 | lrm: 1.00 | dt: 881.41ms | tok/sec: 148,706 | mfu: 36.44 | epoch: 1 | total time: 4.48m
step 00317 (34.17%) | loss: 0.611153 | lrm: 1.00 | dt: 882.27ms | tok/sec: 148,562 | mfu: 36.41 | epoch: 1 | total time: 4.50m
step 00318 (34.28%) | loss: 0.614837 | lrm: 1.00 | dt: 881.74ms | tok/sec: 148,651 | mfu: 36.43 | epoch: 1 | total time: 4.51m
step 00319 (34.38%) | loss: 0.636887 | lrm: 1.00 | dt: 880.08ms | tok/sec: 148,931 | mfu: 36.50 | epoch: 1 | total time: 4.53m
step 00320 (34.49%) | loss: 0.633481 | lrm: 1.00 | dt: 879.34ms | tok/sec: 149,056 | mfu: 36.53 | epoch: 1 | total time: 4.54m
step 00321 (34.60%) | loss: 0.627146 | lrm: 1.00 | dt: 880.18ms | tok/sec: 148,914 | mfu: 36.49 | epoch: 1 | total time: 4.56m
step 00322 (34.70%) | loss: 0.632955 | lrm: 1.00 | dt: 879.71ms | tok/sec: 148,994 | mfu: 36.51 | epoch: 1 | total time: 4.57m
step 00323 (34.81%) | loss: 0.638769 | lrm: 1.00 | dt: 879.60ms | tok/sec: 149,013 | mfu: 36.52 | epoch: 1 | total time: 4.59m
step 00324 (34.92%) | loss: 0.630812 | lrm: 1.00 | dt: 879.79ms | tok/sec: 148,981 | mfu: 36.51 | epoch: 1 | total time: 4.60m
step 00325 (35.03%) | loss: 0.645287 | lrm: 1.00 | dt: 879.39ms | tok/sec: 149,048 | mfu: 36.52 | epoch: 1 | total time: 4.62m
Step 00325 | Validation bpb: 2.0474
step 00326 (35.14%) | loss: 0.640643 | lrm: 1.00 | dt: 884.93ms | tok/sec: 148,115 | mfu: 36.30 | epoch: 1 | total time: 4.63m
step 00327 (35.25%) | loss: 0.636217 | lrm: 1.00 | dt: 881.13ms | tok/sec: 148,754 | mfu: 36.45 | epoch: 1 | total time: 4.65m
step 00328 (35.36%) | loss: 0.627029 | lrm: 1.00 | dt: 880.92ms | tok/sec: 148,789 | mfu: 36.46 | epoch: 1 | total time: 4.66m
step 00329 (35.46%) | loss: 0.647332 | lrm: 1.00 | dt: 880.22ms | tok/sec: 148,908 | mfu: 36.49 | epoch: 1 | total time: 4.67m
step 00330 (35.57%) | loss: 0.645539 | lrm: 1.00 | dt: 879.55ms | tok/sec: 149,021 | mfu: 36.52 | epoch: 1 | total time: 4.69m
step 00331 (35.68%) | loss: 0.673608 | lrm: 1.00 | dt: 879.30ms | tok/sec: 149,064 | mfu: 36.53 | epoch: 1 | total time: 4.70m
step 00332 (35.79%) | loss: 0.665631 | lrm: 1.00 | dt: 879.36ms | tok/sec: 149,054 | mfu: 36.53 | epoch: 1 | total time: 4.72m
step 00333 (35.90%) | loss: 0.656328 | lrm: 1.00 | dt: 879.40ms | tok/sec: 149,046 | mfu: 36.52 | epoch: 1 | total time: 4.73m
step 00334 (36.00%) | loss: 0.630901 | lrm: 1.00 | dt: 880.19ms | tok/sec: 148,913 | mfu: 36.49 | epoch: 1 | total time: 4.75m
step 00335 (36.11%) | loss: 0.643574 | lrm: 1.00 | dt: 880.06ms | tok/sec: 148,935 | mfu: 36.50 | epoch: 1 | total time: 4.76m
step 00336 (36.22%) | loss: 0.664330 | lrm: 1.00 | dt: 879.81ms | tok/sec: 148,977 | mfu: 36.51 | epoch: 1 | total time: 4.78m
step 00337 (36.33%) | loss: 0.654936 | lrm: 1.00 | dt: 879.48ms | tok/sec: 149,033 | mfu: 36.52 | epoch: 1 | total time: 4.79m
step 00338 (36.44%) | loss: 0.642886 | lrm: 1.00 | dt: 880.45ms | tok/sec: 148,869 | mfu: 36.48 | epoch: 1 | total time: 4.81m
step 00339 (36.55%) | loss: 0.628555 | lrm: 1.00 | dt: 878.85ms | tok/sec: 149,139 | mfu: 36.55 | epoch: 1 | total time: 4.82m
step 00340 (36.65%) | loss: 0.619306 | lrm: 1.00 | dt: 880.23ms | tok/sec: 148,905 | mfu: 36.49 | epoch: 1 | total time: 4.84m
step 00341 (36.76%) | loss: 0.610663 | lrm: 1.00 | dt: 879.97ms | tok/sec: 148,949 | mfu: 36.50 | epoch: 1 | total time: 4.85m
step 00342 (36.87%) | loss: 0.605324 | lrm: 1.00 | dt: 879.18ms | tok/sec: 149,084 | mfu: 36.53 | epoch: 1 | total time: 4.87m
step 00343 (36.97%) | loss: 0.643265 | lrm: 1.00 | dt: 879.35ms | tok/sec: 149,055 | mfu: 36.53 | epoch: 1 | total time: 4.88m
step 00344 (37.08%) | loss: 0.632322 | lrm: 1.00 | dt: 880.14ms | tok/sec: 148,922 | mfu: 36.49 | epoch: 1 | total time: 4.89m
step 00345 (37.19%) | loss: 0.650732 | lrm: 1.00 | dt: 880.88ms | tok/sec: 148,797 | mfu: 36.46 | epoch: 1 | total time: 4.91m
step 00346 (37.30%) | loss: 0.688015 | lrm: 1.00 | dt: 879.12ms | tok/sec: 149,094 | mfu: 36.54 | epoch: 1 | total time: 4.92m
step 00347 (37.41%) | loss: 0.682128 | lrm: 1.00 | dt: 879.36ms | tok/sec: 149,053 | mfu: 36.53 | epoch: 1 | total time: 4.94m
step 00348 (37.51%) | loss: 0.675527 | lrm: 1.00 | dt: 878.66ms | tok/sec: 149,173 | mfu: 36.56 | epoch: 1 | total time: 4.95m
step 00349 (37.62%) | loss: 0.676848 | lrm: 1.00 | dt: 880.23ms | tok/sec: 148,905 | mfu: 36.49 | epoch: 1 | total time: 4.97m
step 00350 (37.73%) | loss: 0.659949 | lrm: 1.00 | dt: 879.22ms | tok/sec: 149,077 | mfu: 36.53 | epoch: 1 | total time: 4.98m
Step 00350 | Validation bpb: 2.0679
step 00351 (37.84%) | loss: 0.648940 | lrm: 1.00 | dt: 883.84ms | tok/sec: 148,298 | mfu: 36.34 | epoch: 1 | total time: 5.00m
step 00352 (37.95%) | loss: 0.656499 | lrm: 1.00 | dt: 881.14ms | tok/sec: 148,751 | mfu: 36.45 | epoch: 1 | total time: 5.01m
step 00353 (38.06%) | loss: 0.668823 | lrm: 1.00 | dt: 879.27ms | tok/sec: 149,068 | mfu: 36.53 | epoch: 1 | total time: 5.03m
step 00354 (38.17%) | loss: 0.666101 | lrm: 1.00 | dt: 878.95ms | tok/sec: 149,123 | mfu: 36.54 | epoch: 1 | total time: 5.04m
step 00355 (38.27%) | loss: 0.662748 | lrm: 1.00 | dt: 879.94ms | tok/sec: 148,955 | mfu: 36.50 | epoch: 1 | total time: 5.06m
step 00356 (38.38%) | loss: 0.681047 | lrm: 1.00 | dt: 880.11ms | tok/sec: 148,926 | mfu: 36.50 | epoch: 1 | total time: 5.07m
step 00357 (38.49%) | loss: 0.682372 | lrm: 1.00 | dt: 879.39ms | tok/sec: 149,049 | mfu: 36.53 | epoch: 1 | total time: 5.09m
step 00358 (38.59%) | loss: 0.673702 | lrm: 1.00 | dt: 880.64ms | tok/sec: 148,837 | mfu: 36.47 | epoch: 1 | total time: 5.10m
step 00359 (38.70%) | loss: 0.660936 | lrm: 1.00 | dt: 879.07ms | tok/sec: 149,103 | mfu: 36.54 | epoch: 1 | total time: 5.11m
step 00360 (38.81%) | loss: 0.669575 | lrm: 1.00 | dt: 879.85ms | tok/sec: 148,970 | mfu: 36.51 | epoch: 1 | total time: 5.13m
step 00361 (38.92%) | loss: 0.695854 | lrm: 1.00 | dt: 878.98ms | tok/sec: 149,118 | mfu: 36.54 | epoch: 1 | total time: 5.14m
step 00362 (39.02%) | loss: 0.677287 | lrm: 1.00 | dt: 879.26ms | tok/sec: 149,070 | mfu: 36.53 | epoch: 1 | total time: 5.16m
step 00363 (39.13%) | loss: 0.670700 | lrm: 1.00 | dt: 880.18ms | tok/sec: 148,914 | mfu: 36.49 | epoch: 1 | total time: 5.17m
step 00364 (39.24%) | loss: 0.664037 | lrm: 1.00 | dt: 879.56ms | tok/sec: 149,020 | mfu: 36.52 | epoch: 1 | total time: 5.19m
step 00365 (39.35%) | loss: 0.675941 | lrm: 1.00 | dt: 879.75ms | tok/sec: 148,987 | mfu: 36.51 | epoch: 1 | total time: 5.20m
step 00366 (39.46%) | loss: 0.677250 | lrm: 1.00 | dt: 879.59ms | tok/sec: 149,015 | mfu: 36.52 | epoch: 1 | total time: 5.22m
step 00367 (39.57%) | loss: 0.665765 | lrm: 1.00 | dt: 879.44ms | tok/sec: 149,039 | mfu: 36.52 | epoch: 1 | total time: 5.23m
step 00368 (39.68%) | loss: 0.646635 | lrm: 1.00 | dt: 879.48ms | tok/sec: 149,032 | mfu: 36.52 | epoch: 1 | total time: 5.25m
step 00369 (39.78%) | loss: 0.646580 | lrm: 1.00 | dt: 880.35ms | tok/sec: 148,886 | mfu: 36.49 | epoch: 1 | total time: 5.26m
step 00370 (39.89%) | loss: 0.634529 | lrm: 1.00 | dt: 879.40ms | tok/sec: 149,046 | mfu: 36.52 | epoch: 1 | total time: 5.28m
step 00371 (40.00%) | loss: 0.626595 | lrm: 1.00 | dt: 880.04ms | tok/sec: 148,939 | mfu: 36.50 | epoch: 1 | total time: 5.29m
step 00372 (40.12%) | loss: 0.610123 | lrm: 1.00 | dt: 878.50ms | tok/sec: 149,200 | mfu: 36.56 | epoch: 1 | total time: 5.31m
step 00373 (40.23%) | loss: 0.606550 | lrm: 1.00 | dt: 880.38ms | tok/sec: 148,881 | mfu: 36.48 | epoch: 1 | total time: 5.32m
step 00374 (40.33%) | loss: 0.592263 | lrm: 1.00 | dt: 879.29ms | tok/sec: 149,065 | mfu: 36.53 | epoch: 1 | total time: 5.33m
step 00375 (40.44%) | loss: 0.593431 | lrm: 1.00 | dt: 879.54ms | tok/sec: 149,023 | mfu: 36.52 | epoch: 1 | total time: 5.35m
Step 00375 | Validation bpb: 2.2059
step 00376 (40.55%) | loss: 0.587601 | lrm: 1.00 | dt: 884.23ms | tok/sec: 148,232 | mfu: 36.32 | epoch: 1 | total time: 5.36m
step 00377 (40.66%) | loss: 0.575140 | lrm: 1.00 | dt: 880.90ms | tok/sec: 148,793 | mfu: 36.46 | epoch: 1 | total time: 5.38m
step 00378 (40.77%) | loss: 0.567093 | lrm: 1.00 | dt: 879.57ms | tok/sec: 149,018 | mfu: 36.52 | epoch: 1 | total time: 5.39m
step 00379 (40.88%) | loss: 0.553382 | lrm: 1.00 | dt: 879.64ms | tok/sec: 149,005 | mfu: 36.51 | epoch: 1 | total time: 5.41m
step 00380 (40.99%) | loss: 0.548284 | lrm: 1.00 | dt: 879.80ms | tok/sec: 148,978 | mfu: 36.51 | epoch: 1 | total time: 5.42m
step 00381 (41.10%) | loss: 0.565266 | lrm: 1.00 | dt: 879.50ms | tok/sec: 149,029 | mfu: 36.52 | epoch: 1 | total time: 5.44m
step 00382 (41.20%) | loss: 0.562223 | lrm: 1.00 | dt: 880.02ms | tok/sec: 148,941 | mfu: 36.50 | epoch: 1 | total time: 5.45m
step 00383 (41.31%) | loss: 0.561873 | lrm: 1.00 | dt: 878.65ms | tok/sec: 149,174 | mfu: 36.56 | epoch: 1 | total time: 5.47m
step 00384 (41.42%) | loss: 0.558473 | lrm: 1.00 | dt: 880.23ms | tok/sec: 148,906 | mfu: 36.49 | epoch: 1 | total time: 5.48m
step 00385 (41.53%) | loss: 0.595859 | lrm: 1.00 | dt: 879.47ms | tok/sec: 149,034 | mfu: 36.52 | epoch: 1 | total time: 5.50m
step 00386 (41.64%) | loss: 0.607918 | lrm: 1.00 | dt: 879.97ms | tok/sec: 148,950 | mfu: 36.50 | epoch: 1 | total time: 5.51m
step 00387 (41.75%) | loss: 0.606225 | lrm: 1.00 | dt: 878.71ms | tok/sec: 149,163 | mfu: 36.55 | epoch: 1 | total time: 5.53m
step 00388 (41.85%) | loss: 0.626030 | lrm: 1.00 | dt: 880.15ms | tok/sec: 148,920 | mfu: 36.49 | epoch: 1 | total time: 5.54m
step 00389 (41.96%) | loss: 0.618991 | lrm: 1.00 | dt: 879.67ms | tok/sec: 149,000 | mfu: 36.51 | epoch: 1 | total time: 5.55m
step 00390 (42.07%) | loss: 0.637241 | lrm: 1.00 | dt: 879.42ms | tok/sec: 149,043 | mfu: 36.52 | epoch: 1 | total time: 5.57m
step 00391 (42.17%) | loss: 0.631568 | lrm: 1.00 | dt: 879.02ms | tok/sec: 149,110 | mfu: 36.54 | epoch: 1 | total time: 5.58m
step 00392 (42.28%) | loss: 0.625710 | lrm: 1.00 | dt: 880.21ms | tok/sec: 148,910 | mfu: 36.49 | epoch: 1 | total time: 5.60m
step 00393 (42.39%) | loss: 0.622569 | lrm: 1.00 | dt: 879.54ms | tok/sec: 149,024 | mfu: 36.52 | epoch: 1 | total time: 5.61m
step 00394 (42.49%) | loss: 0.625245 | lrm: 1.00 | dt: 879.35ms | tok/sec: 149,055 | mfu: 36.53 | epoch: 1 | total time: 5.63m
step 00395 (42.60%) | loss: 0.651918 | lrm: 1.00 | dt: 880.20ms | tok/sec: 148,912 | mfu: 36.49 | epoch: 1 | total time: 5.64m
step 00396 (42.71%) | loss: 0.644935 | lrm: 1.00 | dt: 878.58ms | tok/sec: 149,186 | mfu: 36.56 | epoch: 1 | total time: 5.66m
step 00397 (42.81%) | loss: 0.644769 | lrm: 1.00 | dt: 880.21ms | tok/sec: 148,910 | mfu: 36.49 | epoch: 1 | total time: 5.67m
step 00398 (42.92%) | loss: 0.638781 | lrm: 1.00 | dt: 879.48ms | tok/sec: 149,033 | mfu: 36.52 | epoch: 1 | total time: 5.69m
step 00399 (43.03%) | loss: 0.628080 | lrm: 1.00 | dt: 880.26ms | tok/sec: 148,900 | mfu: 36.49 | epoch: 1 | total time: 5.70m
step 00400 (43.15%) | loss: 0.643793 | lrm: 1.00 | dt: 878.74ms | tok/sec: 149,159 | mfu: 36.55 | epoch: 1 | total time: 5.72m
Step 00400 | Validation bpb: 2.2910
step 00401 (43.26%) | loss: 0.630190 | lrm: 1.00 | dt: 884.45ms | tok/sec: 148,195 | mfu: 36.32 | epoch: 1 | total time: 5.73m
step 00402 (43.36%) | loss: 0.630779 | lrm: 1.00 | dt: 880.06ms | tok/sec: 148,934 | mfu: 36.50 | epoch: 1 | total time: 5.75m
step 00403 (43.47%) | loss: 0.618478 | lrm: 1.00 | dt: 879.74ms | tok/sec: 148,990 | mfu: 36.51 | epoch: 1 | total time: 5.76m
step 00404 (43.58%) | loss: 0.603549 | lrm: 1.00 | dt: 882.68ms | tok/sec: 148,492 | mfu: 36.39 | epoch: 1 | total time: 5.77m
step 00405 (43.69%) | loss: 0.609446 | lrm: 1.00 | dt: 877.68ms | tok/sec: 149,338 | mfu: 36.60 | epoch: 1 | total time: 5.79m
step 00406 (43.80%) | loss: 0.629919 | lrm: 1.00 | dt: 879.27ms | tok/sec: 149,069 | mfu: 36.53 | epoch: 1 | total time: 5.80m
step 00407 (43.90%) | loss: 0.638586 | lrm: 1.00 | dt: 879.39ms | tok/sec: 149,049 | mfu: 36.53 | epoch: 1 | total time: 5.82m
step 00408 (44.01%) | loss: 0.636025 | lrm: 1.00 | dt: 879.67ms | tok/sec: 149,001 | mfu: 36.51 | epoch: 1 | total time: 5.83m
step 00409 (44.12%) | loss: 0.613055 | lrm: 1.00 | dt: 879.28ms | tok/sec: 149,067 | mfu: 36.53 | epoch: 1 | total time: 5.85m
step 00410 (44.23%) | loss: 0.595911 | lrm: 1.00 | dt: 880.39ms | tok/sec: 148,879 | mfu: 36.48 | epoch: 1 | total time: 5.86m
step 00411 (44.33%) | loss: 0.598754 | lrm: 1.00 | dt: 879.87ms | tok/sec: 148,968 | mfu: 36.51 | epoch: 1 | total time: 5.88m
step 00412 (44.45%) | loss: 0.611869 | lrm: 1.00 | dt: 879.58ms | tok/sec: 149,016 | mfu: 36.52 | epoch: 1 | total time: 5.89m
step 00413 (44.55%) | loss: 0.627235 | lrm: 1.00 | dt: 879.15ms | tok/sec: 149,089 | mfu: 36.54 | epoch: 1 | total time: 5.91m
step 00414 (44.66%) | loss: 0.624423 | lrm: 1.00 | dt: 879.74ms | tok/sec: 148,989 | mfu: 36.51 | epoch: 1 | total time: 5.92m
step 00415 (44.77%) | loss: 0.621775 | lrm: 1.00 | dt: 879.41ms | tok/sec: 149,044 | mfu: 36.52 | epoch: 1 | total time: 5.94m
step 00416 (44.88%) | loss: 0.616645 | lrm: 1.00 | dt: 879.97ms | tok/sec: 148,950 | mfu: 36.50 | epoch: 1 | total time: 5.95m
step 00417 (44.99%) | loss: 0.604647 | lrm: 1.00 | dt: 879.47ms | tok/sec: 149,034 | mfu: 36.52 | epoch: 1 | total time: 5.97m
step 00418 (45.10%) | loss: 0.600210 | lrm: 1.00 | dt: 880.25ms | tok/sec: 148,902 | mfu: 36.49 | epoch: 1 | total time: 5.98m
step 00419 (45.20%) | loss: 0.602194 | lrm: 1.00 | dt: 879.40ms | tok/sec: 149,046 | mfu: 36.52 | epoch: 1 | total time: 5.99m
step 00420 (45.31%) | loss: 0.593177 | lrm: 1.00 | dt: 879.86ms | tok/sec: 148,968 | mfu: 36.51 | epoch: 1 | total time: 6.01m
step 00421 (45.41%) | loss: 0.623729 | lrm: 1.00 | dt: 879.16ms | tok/sec: 149,088 | mfu: 36.53 | epoch: 1 | total time: 6.02m
step 00422 (45.52%) | loss: 0.612693 | lrm: 1.00 | dt: 879.91ms | tok/sec: 148,961 | mfu: 36.50 | epoch: 1 | total time: 6.04m
step 00423 (45.62%) | loss: 0.590040 | lrm: 1.00 | dt: 880.21ms | tok/sec: 148,910 | mfu: 36.49 | epoch: 1 | total time: 6.05m
step 00424 (45.73%) | loss: 0.594499 | lrm: 1.00 | dt: 879.39ms | tok/sec: 149,048 | mfu: 36.53 | epoch: 1 | total time: 6.07m
step 00425 (45.84%) | loss: 0.586157 | lrm: 1.00 | dt: 880.86ms | tok/sec: 148,799 | mfu: 36.46 | epoch: 1 | total time: 6.08m
Step 00425 | Validation bpb: 2.2724
step 00426 (45.95%) | loss: 0.578894 | lrm: 1.00 | dt: 886.08ms | tok/sec: 147,924 | mfu: 36.25 | epoch: 1 | total time: 6.10m
step 00427 (46.05%) | loss: 0.566275 | lrm: 1.00 | dt: 879.30ms | tok/sec: 149,063 | mfu: 36.53 | epoch: 1 | total time: 6.11m
step 00428 (46.16%) | loss: 0.593421 | lrm: 1.00 | dt: 878.07ms | tok/sec: 149,272 | mfu: 36.58 | epoch: 1 | total time: 6.13m
step 00429 (46.27%) | loss: 0.587380 | lrm: 1.00 | dt: 880.87ms | tok/sec: 148,797 | mfu: 36.46 | epoch: 1 | total time: 6.14m
step 00430 (46.38%) | loss: 0.581749 | lrm: 1.00 | dt: 879.51ms | tok/sec: 149,029 | mfu: 36.52 | epoch: 1 | total time: 6.16m
step 00431 (46.49%) | loss: 0.579218 | lrm: 1.00 | dt: 879.44ms | tok/sec: 149,039 | mfu: 36.52 | epoch: 1 | total time: 6.17m
step 00432 (46.59%) | loss: 0.605837 | lrm: 1.00 | dt: 879.41ms | tok/sec: 149,044 | mfu: 36.52 | epoch: 1 | total time: 6.19m
step 00433 (46.70%) | loss: 0.621165 | lrm: 1.00 | dt: 879.02ms | tok/sec: 149,111 | mfu: 36.54 | epoch: 1 | total time: 6.20m
step 00434 (46.81%) | loss: 0.614786 | lrm: 1.00 | dt: 880.13ms | tok/sec: 148,923 | mfu: 36.49 | epoch: 1 | total time: 6.21m
step 00435 (46.91%) | loss: 0.615050 | lrm: 1.00 | dt: 879.44ms | tok/sec: 149,039 | mfu: 36.52 | epoch: 1 | total time: 6.23m
step 00436 (47.03%) | loss: 0.614240 | lrm: 1.00 | dt: 879.76ms | tok/sec: 148,985 | mfu: 36.51 | epoch: 1 | total time: 6.24m
step 00437 (47.14%) | loss: 0.600815 | lrm: 1.00 | dt: 879.28ms | tok/sec: 149,067 | mfu: 36.53 | epoch: 1 | total time: 6.26m
step 00438 (47.24%) | loss: 0.591671 | lrm: 1.00 | dt: 879.50ms | tok/sec: 149,029 | mfu: 36.52 | epoch: 1 | total time: 6.27m
step 00439 (47.34%) | loss: 0.580484 | lrm: 1.00 | dt: 879.92ms | tok/sec: 148,958 | mfu: 36.50 | epoch: 1 | total time: 6.29m
step 00440 (47.45%) | loss: 0.567862 | lrm: 1.00 | dt: 879.43ms | tok/sec: 149,042 | mfu: 36.52 | epoch: 1 | total time: 6.30m
step 00441 (47.56%) | loss: 0.579461 | lrm: 1.00 | dt: 880.00ms | tok/sec: 148,946 | mfu: 36.50 | epoch: 1 | total time: 6.32m
step 00442 (47.67%) | loss: 0.573107 | lrm: 1.00 | dt: 880.21ms | tok/sec: 148,910 | mfu: 36.49 | epoch: 1 | total time: 6.33m
step 00443 (47.78%) | loss: 0.578570 | lrm: 1.00 | dt: 878.81ms | tok/sec: 149,146 | mfu: 36.55 | epoch: 1 | total time: 6.35m
step 00444 (47.89%) | loss: 0.589241 | lrm: 1.00 | dt: 879.50ms | tok/sec: 149,030 | mfu: 36.52 | epoch: 1 | total time: 6.36m
step 00445 (47.99%) | loss: 0.619874 | lrm: 1.00 | dt: 880.06ms | tok/sec: 148,935 | mfu: 36.50 | epoch: 1 | total time: 6.38m
step 00446 (48.10%) | loss: 0.599983 | lrm: 1.00 | dt: 879.53ms | tok/sec: 149,024 | mfu: 36.52 | epoch: 1 | total time: 6.39m
step 00447 (48.21%) | loss: 0.587306 | lrm: 1.00 | dt: 879.34ms | tok/sec: 149,057 | mfu: 36.53 | epoch: 1 | total time: 6.41m
step 00448 (48.32%) | loss: 0.575181 | lrm: 1.00 | dt: 879.62ms | tok/sec: 149,009 | mfu: 36.52 | epoch: 1 | total time: 6.42m
step 00449 (48.43%) | loss: 0.558885 | lrm: 1.00 | dt: 880.14ms | tok/sec: 148,921 | mfu: 36.49 | epoch: 1 | total time: 6.43m
step 00450 (48.54%) | loss: 0.536550 | lrm: 1.00 | dt: 879.90ms | tok/sec: 148,961 | mfu: 36.50 | epoch: 1 | total time: 6.45m
Step 00450 | Validation bpb: 2.4218
step 00451 (48.64%) | loss: 0.529009 | lrm: 1.00 | dt: 883.01ms | tok/sec: 148,437 | mfu: 36.38 | epoch: 1 | total time: 6.46m
step 00452 (48.75%) | loss: 0.522300 | lrm: 1.00 | dt: 881.34ms | tok/sec: 148,719 | mfu: 36.44 | epoch: 1 | total time: 6.48m
step 00453 (48.85%) | loss: 0.526994 | lrm: 1.00 | dt: 879.77ms | tok/sec: 148,985 | mfu: 36.51 | epoch: 1 | total time: 6.49m
step 00454 (48.96%) | loss: 0.547233 | lrm: 1.00 | dt: 880.40ms | tok/sec: 148,878 | mfu: 36.48 | epoch: 1 | total time: 6.51m
step 00455 (49.07%) | loss: 0.586842 | lrm: 1.00 | dt: 879.84ms | tok/sec: 148,971 | mfu: 36.51 | epoch: 1 | total time: 6.52m
step 00456 (49.17%) | loss: 0.589937 | lrm: 1.00 | dt: 879.43ms | tok/sec: 149,041 | mfu: 36.52 | epoch: 1 | total time: 6.54m
step 00457 (49.28%) | loss: 0.586701 | lrm: 1.00 | dt: 879.54ms | tok/sec: 149,023 | mfu: 36.52 | epoch: 1 | total time: 6.55m
step 00458 (49.39%) | loss: 0.572241 | lrm: 1.00 | dt: 880.19ms | tok/sec: 148,912 | mfu: 36.49 | epoch: 1 | total time: 6.57m
step 00459 (49.49%) | loss: 0.574043 | lrm: 1.00 | dt: 878.61ms | tok/sec: 149,181 | mfu: 36.56 | epoch: 1 | total time: 6.58m
step 00460 (49.60%) | loss: 0.567524 | lrm: 1.00 | dt: 878.63ms | tok/sec: 149,176 | mfu: 36.56 | epoch: 1 | total time: 6.60m
step 00461 (49.71%) | loss: 0.569425 | lrm: 1.00 | dt: 879.17ms | tok/sec: 149,085 | mfu: 36.53 | epoch: 1 | total time: 6.61m
step 00462 (49.82%) | loss: 0.557941 | lrm: 1.00 | dt: 879.78ms | tok/sec: 148,981 | mfu: 36.51 | epoch: 1 | total time: 6.63m
step 00463 (49.93%) | loss: 0.573851 | lrm: 1.00 | dt: 879.64ms | tok/sec: 149,006 | mfu: 36.51 | epoch: 1 | total time: 6.64m
step 00464 (50.04%) | loss: 0.562018 | lrm: 1.00 | dt: 878.62ms | tok/sec: 149,179 | mfu: 36.56 | epoch: 1 | total time: 6.65m
step 00465 (50.15%) | loss: 0.570774 | lrm: 1.00 | dt: 879.59ms | tok/sec: 149,015 | mfu: 36.52 | epoch: 1 | total time: 6.67m
step 00466 (50.26%) | loss: 0.562773 | lrm: 0.99 | dt: 880.42ms | tok/sec: 148,874 | mfu: 36.48 | epoch: 1 | total time: 6.68m
step 00467 (50.37%) | loss: 0.567012 | lrm: 0.99 | dt: 880.62ms | tok/sec: 148,840 | mfu: 36.47 | epoch: 1 | total time: 6.70m
step 00468 (50.48%) | loss: 0.582618 | lrm: 0.99 | dt: 879.28ms | tok/sec: 149,067 | mfu: 36.53 | epoch: 1 | total time: 6.71m
step 00469 (50.58%) | loss: 0.586728 | lrm: 0.99 | dt: 879.20ms | tok/sec: 149,081 | mfu: 36.53 | epoch: 1 | total time: 6.73m
step 00470 (50.69%) | loss: 0.584045 | lrm: 0.99 | dt: 880.73ms | tok/sec: 148,822 | mfu: 36.47 | epoch: 1 | total time: 6.74m
step 00471 (50.80%) | loss: 0.586333 | lrm: 0.98 | dt: 879.25ms | tok/sec: 149,073 | mfu: 36.53 | epoch: 1 | total time: 6.76m
step 00472 (50.91%) | loss: 0.611382 | lrm: 0.98 | dt: 879.36ms | tok/sec: 149,054 | mfu: 36.53 | epoch: 1 | total time: 6.77m
step 00473 (51.02%) | loss: 0.601668 | lrm: 0.98 | dt: 879.65ms | tok/sec: 149,005 | mfu: 36.51 | epoch: 1 | total time: 6.79m
step 00474 (51.13%) | loss: 0.595991 | lrm: 0.98 | dt: 880.04ms | tok/sec: 148,937 | mfu: 36.50 | epoch: 1 | total time: 6.80m
step 00475 (51.24%) | loss: 0.589558 | lrm: 0.98 | dt: 880.24ms | tok/sec: 148,905 | mfu: 36.49 | epoch: 1 | total time: 6.82m
Step 00475 | Validation bpb: 2.3980
step 00476 (51.34%) | loss: 0.575203 | lrm: 0.97 | dt: 882.01ms | tok/sec: 148,605 | mfu: 36.42 | epoch: 1 | total time: 6.83m
step 00477 (51.45%) | loss: 0.575241 | lrm: 0.97 | dt: 881.94ms | tok/sec: 148,617 | mfu: 36.42 | epoch: 1 | total time: 6.85m
step 00478 (51.55%) | loss: 0.577046 | lrm: 0.97 | dt: 880.88ms | tok/sec: 148,796 | mfu: 36.46 | epoch: 1 | total time: 6.86m
step 00479 (51.66%) | loss: 0.583941 | lrm: 0.97 | dt: 881.49ms | tok/sec: 148,693 | mfu: 36.44 | epoch: 1 | total time: 6.87m
step 00480 (51.77%) | loss: 0.588004 | lrm: 0.96 | dt: 879.54ms | tok/sec: 149,022 | mfu: 36.52 | epoch: 1 | total time: 6.89m
step 00481 (51.88%) | loss: 0.569923 | lrm: 0.96 | dt: 879.33ms | tok/sec: 149,059 | mfu: 36.53 | epoch: 1 | total time: 6.90m
step 00482 (51.99%) | loss: 0.568602 | lrm: 0.96 | dt: 879.69ms | tok/sec: 148,997 | mfu: 36.51 | epoch: 1 | total time: 6.92m
step 00483 (52.09%) | loss: 0.572064 | lrm: 0.96 | dt: 879.33ms | tok/sec: 149,059 | mfu: 36.53 | epoch: 1 | total time: 6.93m
step 00484 (52.20%) | loss: 0.543520 | lrm: 0.96 | dt: 879.98ms | tok/sec: 148,949 | mfu: 36.50 | epoch: 1 | total time: 6.95m
step 00485 (52.31%) | loss: 0.531715 | lrm: 0.95 | dt: 879.08ms | tok/sec: 149,100 | mfu: 36.54 | epoch: 1 | total time: 6.96m
step 00486 (52.42%) | loss: 0.540240 | lrm: 0.95 | dt: 879.05ms | tok/sec: 149,105 | mfu: 36.54 | epoch: 1 | total time: 6.98m
step 00487 (52.52%) | loss: 0.521068 | lrm: 0.95 | dt: 879.27ms | tok/sec: 149,068 | mfu: 36.53 | epoch: 1 | total time: 6.99m
step 00488 (52.63%) | loss: 0.520664 | lrm: 0.95 | dt: 881.12ms | tok/sec: 148,756 | mfu: 36.45 | epoch: 1 | total time: 7.01m
step 00489 (52.74%) | loss: 0.520064 | lrm: 0.95 | dt: 878.82ms | tok/sec: 149,146 | mfu: 36.55 | epoch: 1 | total time: 7.02m
step 00490 (52.84%) | loss: 0.594239 | lrm: 0.94 | dt: 879.65ms | tok/sec: 149,004 | mfu: 36.51 | epoch: 1 | total time: 7.04m
step 00491 (52.95%) | loss: 0.612330 | lrm: 0.94 | dt: 878.86ms | tok/sec: 149,139 | mfu: 36.55 | epoch: 1 | total time: 7.05m
step 00492 (53.06%) | loss: 0.603352 | lrm: 0.94 | dt: 878.92ms | tok/sec: 149,128 | mfu: 36.54 | epoch: 1 | total time: 7.07m
step 00493 (53.17%) | loss: 0.606060 | lrm: 0.94 | dt: 881.45ms | tok/sec: 148,700 | mfu: 36.44 | epoch: 1 | total time: 7.08m
step 00494 (53.27%) | loss: 0.611415 | lrm: 0.93 | dt: 879.47ms | tok/sec: 149,034 | mfu: 36.52 | epoch: 1 | total time: 7.09m
step 00495 (53.38%) | loss: 0.594854 | lrm: 0.93 | dt: 879.69ms | tok/sec: 148,997 | mfu: 36.51 | epoch: 1 | total time: 7.11m
step 00496 (53.49%) | loss: 0.571766 | lrm: 0.93 | dt: 879.25ms | tok/sec: 149,072 | mfu: 36.53 | epoch: 1 | total time: 7.12m
step 00497 (53.60%) | loss: 0.557671 | lrm: 0.93 | dt: 879.61ms | tok/sec: 149,011 | mfu: 36.52 | epoch: 1 | total time: 7.14m
step 00498 (53.71%) | loss: 0.579244 | lrm: 0.93 | dt: 878.73ms | tok/sec: 149,161 | mfu: 36.55 | epoch: 1 | total time: 7.15m
step 00499 (53.82%) | loss: 0.577067 | lrm: 0.92 | dt: 880.74ms | tok/sec: 148,819 | mfu: 36.47 | epoch: 1 | total time: 7.17m
step 00500 (53.93%) | loss: 0.571263 | lrm: 0.92 | dt: 879.31ms | tok/sec: 149,062 | mfu: 36.53 | epoch: 1 | total time: 7.18m
Step 00500 | Validation bpb: 2.4381
step 00501 (54.04%) | loss: 0.561099 | lrm: 0.92 | dt: 881.17ms | tok/sec: 148,747 | mfu: 36.45 | epoch: 1 | total time: 7.20m
step 00502 (54.14%) | loss: 0.568608 | lrm: 0.92 | dt: 878.28ms | tok/sec: 149,237 | mfu: 36.57 | epoch: 1 | total time: 7.21m
step 00503 (54.25%) | loss: 0.551038 | lrm: 0.91 | dt: 877.91ms | tok/sec: 149,300 | mfu: 36.59 | epoch: 1 | total time: 7.23m
step 00504 (54.36%) | loss: 0.556238 | lrm: 0.91 | dt: 877.34ms | tok/sec: 149,396 | mfu: 36.61 | epoch: 1 | total time: 7.24m
step 00505 (54.47%) | loss: 0.545287 | lrm: 0.91 | dt: 876.79ms | tok/sec: 149,490 | mfu: 36.63 | epoch: 1 | total time: 7.26m
step 00506 (54.58%) | loss: 0.545634 | lrm: 0.91 | dt: 876.63ms | tok/sec: 149,518 | mfu: 36.64 | epoch: 1 | total time: 7.27m
step 00507 (54.69%) | loss: 0.564303 | lrm: 0.91 | dt: 877.53ms | tok/sec: 149,365 | mfu: 36.60 | epoch: 1 | total time: 7.28m
step 00508 (54.79%) | loss: 0.550755 | lrm: 0.90 | dt: 878.75ms | tok/sec: 149,158 | mfu: 36.55 | epoch: 1 | total time: 7.30m
step 00509 (54.90%) | loss: 0.535142 | lrm: 0.90 | dt: 880.19ms | tok/sec: 148,912 | mfu: 36.49 | epoch: 1 | total time: 7.31m
step 00510 (55.00%) | loss: 0.521045 | lrm: 0.90 | dt: 879.03ms | tok/sec: 149,109 | mfu: 36.54 | epoch: 1 | total time: 7.33m
step 00511 (55.11%) | loss: 0.507966 | lrm: 0.90 | dt: 878.58ms | tok/sec: 149,185 | mfu: 36.56 | epoch: 1 | total time: 7.34m
step 00512 (55.22%) | loss: 0.513708 | lrm: 0.90 | dt: 880.11ms | tok/sec: 148,927 | mfu: 36.50 | epoch: 1 | total time: 7.36m
step 00513 (55.33%) | loss: 0.506609 | lrm: 0.89 | dt: 879.53ms | tok/sec: 149,025 | mfu: 36.52 | epoch: 1 | total time: 7.37m
step 00514 (55.43%) | loss: 0.514574 | lrm: 0.89 | dt: 879.68ms | tok/sec: 149,000 | mfu: 36.51 | epoch: 1 | total time: 7.39m
step 00515 (55.54%) | loss: 0.532107 | lrm: 0.89 | dt: 879.41ms | tok/sec: 149,045 | mfu: 36.52 | epoch: 1 | total time: 7.40m
step 00516 (55.65%) | loss: 0.540139 | lrm: 0.89 | dt: 879.91ms | tok/sec: 148,960 | mfu: 36.50 | epoch: 1 | total time: 7.42m
step 00517 (55.76%) | loss: 0.534945 | lrm: 0.88 | dt: 879.51ms | tok/sec: 149,028 | mfu: 36.52 | epoch: 1 | total time: 7.43m
step 00518 (55.86%) | loss: 0.543504 | lrm: 0.88 | dt: 879.41ms | tok/sec: 149,045 | mfu: 36.52 | epoch: 1 | total time: 7.45m
step 00519 (55.97%) | loss: 0.531530 | lrm: 0.88 | dt: 879.98ms | tok/sec: 148,948 | mfu: 36.50 | epoch: 1 | total time: 7.46m
step 00520 (56.07%) | loss: 0.536032 | lrm: 0.88 | dt: 880.28ms | tok/sec: 148,897 | mfu: 36.49 | epoch: 1 | total time: 7.48m
step 00521 (56.19%) | loss: 0.523871 | lrm: 0.88 | dt: 879.96ms | tok/sec: 148,952 | mfu: 36.50 | epoch: 1 | total time: 7.49m
step 00522 (56.30%) | loss: 0.534737 | lrm: 0.87 | dt: 879.40ms | tok/sec: 149,047 | mfu: 36.52 | epoch: 1 | total time: 7.50m
step 00523 (56.40%) | loss: 0.527897 | lrm: 0.87 | dt: 879.19ms | tok/sec: 149,082 | mfu: 36.53 | epoch: 1 | total time: 7.52m
step 00524 (56.51%) | loss: 0.537686 | lrm: 0.87 | dt: 879.10ms | tok/sec: 149,097 | mfu: 36.54 | epoch: 1 | total time: 7.53m
step 00525 (56.62%) | loss: 0.515259 | lrm: 0.87 | dt: 879.59ms | tok/sec: 149,014 | mfu: 36.52 | epoch: 1 | total time: 7.55m
Step 00525 | Validation bpb: 2.5093
step 00526 (56.73%) | loss: 0.518511 | lrm: 0.87 | dt: 880.30ms | tok/sec: 148,895 | mfu: 36.49 | epoch: 1 | total time: 7.56m
step 00527 (56.83%) | loss: 0.508077 | lrm: 0.86 | dt: 877.60ms | tok/sec: 149,353 | mfu: 36.60 | epoch: 1 | total time: 7.58m
step 00528 (56.94%) | loss: 0.499202 | lrm: 0.86 | dt: 876.59ms | tok/sec: 149,525 | mfu: 36.64 | epoch: 1 | total time: 7.59m
step 00529 (57.04%) | loss: 0.484369 | lrm: 0.86 | dt: 877.20ms | tok/sec: 149,420 | mfu: 36.62 | epoch: 1 | total time: 7.61m
step 00530 (57.15%) | loss: 0.485507 | lrm: 0.86 | dt: 875.30ms | tok/sec: 149,745 | mfu: 36.70 | epoch: 1 | total time: 7.62m
step 00531 (57.26%) | loss: 0.481341 | lrm: 0.85 | dt: 877.84ms | tok/sec: 149,311 | mfu: 36.59 | epoch: 1 | total time: 7.64m
step 00532 (57.37%) | loss: 0.465704 | lrm: 0.85 | dt: 878.62ms | tok/sec: 149,178 | mfu: 36.56 | epoch: 1 | total time: 7.65m
step 00533 (57.47%) | loss: 0.481091 | lrm: 0.85 | dt: 878.91ms | tok/sec: 149,130 | mfu: 36.55 | epoch: 1 | total time: 7.67m
step 00534 (57.58%) | loss: 0.486531 | lrm: 0.85 | dt: 880.28ms | tok/sec: 148,897 | mfu: 36.49 | epoch: 1 | total time: 7.68m
step 00535 (57.69%) | loss: 0.488686 | lrm: 0.85 | dt: 880.21ms | tok/sec: 148,909 | mfu: 36.49 | epoch: 1 | total time: 7.70m
step 00536 (57.80%) | loss: 0.479064 | lrm: 0.84 | dt: 878.73ms | tok/sec: 149,159 | mfu: 36.55 | epoch: 1 | total time: 7.71m
step 00537 (57.91%) | loss: 0.495006 | lrm: 0.84 | dt: 879.52ms | tok/sec: 149,026 | mfu: 36.52 | epoch: 1 | total time: 7.72m
step 00538 (58.01%) | loss: 0.509633 | lrm: 0.84 | dt: 879.87ms | tok/sec: 148,968 | mfu: 36.51 | epoch: 1 | total time: 7.74m
step 00539 (58.12%) | loss: 0.533887 | lrm: 0.84 | dt: 880.01ms | tok/sec: 148,943 | mfu: 36.50 | epoch: 1 | total time: 7.75m
step 00540 (58.23%) | loss: 0.526227 | lrm: 0.84 | dt: 878.36ms | tok/sec: 149,222 | mfu: 36.57 | epoch: 1 | total time: 7.77m
step 00541 (58.34%) | loss: 0.510643 | lrm: 0.83 | dt: 880.38ms | tok/sec: 148,881 | mfu: 36.48 | epoch: 1 | total time: 7.78m
step 00542 (58.45%) | loss: 0.525716 | lrm: 0.83 | dt: 880.41ms | tok/sec: 148,875 | mfu: 36.48 | epoch: 1 | total time: 7.80m
step 00543 (58.55%) | loss: 0.538390 | lrm: 0.83 | dt: 879.91ms | tok/sec: 148,960 | mfu: 36.50 | epoch: 1 | total time: 7.81m
step 00544 (58.66%) | loss: 0.533742 | lrm: 0.83 | dt: 879.36ms | tok/sec: 149,053 | mfu: 36.53 | epoch: 1 | total time: 7.83m
step 00545 (58.77%) | loss: 0.512676 | lrm: 0.82 | dt: 880.17ms | tok/sec: 148,917 | mfu: 36.49 | epoch: 1 | total time: 7.84m
step 00546 (58.88%) | loss: 0.501071 | lrm: 0.82 | dt: 880.48ms | tok/sec: 148,864 | mfu: 36.48 | epoch: 1 | total time: 7.86m
step 00547 (58.99%) | loss: 0.502893 | lrm: 0.82 | dt: 880.02ms | tok/sec: 148,942 | mfu: 36.50 | epoch: 1 | total time: 7.87m
step 00548 (59.09%) | loss: 0.484321 | lrm: 0.82 | dt: 879.23ms | tok/sec: 149,075 | mfu: 36.53 | epoch: 1 | total time: 7.89m
step 00549 (59.20%) | loss: 0.488391 | lrm: 0.82 | dt: 879.18ms | tok/sec: 149,083 | mfu: 36.53 | epoch: 1 | total time: 7.90m
step 00550 (59.31%) | loss: 0.477974 | lrm: 0.81 | dt: 879.70ms | tok/sec: 148,995 | mfu: 36.51 | epoch: 1 | total time: 7.92m
Step 00550 | Validation bpb: 2.5807
step 00551 (59.41%) | loss: 0.470655 | lrm: 0.81 | dt: 880.27ms | tok/sec: 148,898 | mfu: 36.49 | epoch: 1 | total time: 7.93m
step 00552 (59.52%) | loss: 0.457681 | lrm: 0.81 | dt: 878.92ms | tok/sec: 149,129 | mfu: 36.54 | epoch: 1 | total time: 7.94m
step 00553 (59.63%) | loss: 0.462247 | lrm: 0.81 | dt: 878.54ms | tok/sec: 149,192 | mfu: 36.56 | epoch: 1 | total time: 7.96m
step 00554 (59.74%) | loss: 0.453017 | lrm: 0.81 | dt: 877.65ms | tok/sec: 149,343 | mfu: 36.60 | epoch: 1 | total time: 7.97m
step 00555 (59.85%) | loss: 0.446438 | lrm: 0.80 | dt: 878.17ms | tok/sec: 149,255 | mfu: 36.58 | epoch: 1 | total time: 7.99m
step 00556 (59.96%) | loss: 0.438703 | lrm: 0.80 | dt: 877.04ms | tok/sec: 149,448 | mfu: 36.62 | epoch: 1 | total time: 8.00m
step 00557 (60.07%) | loss: 0.444958 | lrm: 0.80 | dt: 876.93ms | tok/sec: 149,466 | mfu: 36.63 | epoch: 1 | total time: 8.02m
step 00558 (60.18%) | loss: 0.432759 | lrm: 0.80 | dt: 876.80ms | tok/sec: 149,488 | mfu: 36.63 | epoch: 1 | total time: 8.03m
step 00559 (60.29%) | loss: 0.424212 | lrm: 0.79 | dt: 879.33ms | tok/sec: 149,058 | mfu: 36.53 | epoch: 1 | total time: 8.05m
step 00560 (60.39%) | loss: 0.430916 | lrm: 0.79 | dt: 879.43ms | tok/sec: 149,041 | mfu: 36.52 | epoch: 1 | total time: 8.06m
step 00561 (60.50%) | loss: 0.429191 | lrm: 0.79 | dt: 879.73ms | tok/sec: 148,991 | mfu: 36.51 | epoch: 1 | total time: 8.08m
step 00562 (60.61%) | loss: 0.432104 | lrm: 0.79 | dt: 879.85ms | tok/sec: 148,971 | mfu: 36.51 | epoch: 1 | total time: 8.09m
step 00563 (60.71%) | loss: 0.434864 | lrm: 0.79 | dt: 879.40ms | tok/sec: 149,046 | mfu: 36.52 | epoch: 1 | total time: 8.11m
step 00564 (60.82%) | loss: 0.426856 | lrm: 0.78 | dt: 879.50ms | tok/sec: 149,029 | mfu: 36.52 | epoch: 1 | total time: 8.12m
step 00565 (60.93%) | loss: 0.436972 | lrm: 0.78 | dt: 879.38ms | tok/sec: 149,050 | mfu: 36.53 | epoch: 1 | total time: 8.13m
step 00566 (61.04%) | loss: 0.426670 | lrm: 0.78 | dt: 879.17ms | tok/sec: 149,085 | mfu: 36.53 | epoch: 1 | total time: 8.15m
step 00567 (61.15%) | loss: 0.435010 | lrm: 0.78 | dt: 878.85ms | tok/sec: 149,139 | mfu: 36.55 | epoch: 1 | total time: 8.16m
step 00568 (61.26%) | loss: 0.443768 | lrm: 0.77 | dt: 879.35ms | tok/sec: 149,056 | mfu: 36.53 | epoch: 1 | total time: 8.18m
step 00569 (61.37%) | loss: 0.459108 | lrm: 0.77 | dt: 879.36ms | tok/sec: 149,053 | mfu: 36.53 | epoch: 1 | total time: 8.19m
step 00570 (61.47%) | loss: 0.448329 | lrm: 0.77 | dt: 879.79ms | tok/sec: 148,981 | mfu: 36.51 | epoch: 1 | total time: 8.21m
step 00571 (61.58%) | loss: 0.446478 | lrm: 0.77 | dt: 879.42ms | tok/sec: 149,044 | mfu: 36.52 | epoch: 1 | total time: 8.22m
step 00572 (61.69%) | loss: 0.442410 | lrm: 0.77 | dt: 880.04ms | tok/sec: 148,938 | mfu: 36.50 | epoch: 1 | total time: 8.24m
step 00573 (61.79%) | loss: 0.435480 | lrm: 0.76 | dt: 879.96ms | tok/sec: 148,952 | mfu: 36.50 | epoch: 1 | total time: 8.25m
step 00574 (61.90%) | loss: 0.437025 | lrm: 0.76 | dt: 878.45ms | tok/sec: 149,207 | mfu: 36.56 | epoch: 1 | total time: 8.27m
step 00575 (62.01%) | loss: 0.442581 | lrm: 0.76 | dt: 879.30ms | tok/sec: 149,063 | mfu: 36.53 | epoch: 1 | total time: 8.28m
Step 00575 | Validation bpb: 2.6505
step 00576 (62.11%) | loss: 0.438917 | lrm: 0.76 | dt: 879.81ms | tok/sec: 148,977 | mfu: 36.51 | epoch: 1 | total time: 8.30m
step 00577 (62.21%) | loss: 0.435835 | lrm: 0.76 | dt: 876.30ms | tok/sec: 149,574 | mfu: 36.65 | epoch: 1 | total time: 8.31m
step 00578 (62.32%) | loss: 0.439056 | lrm: 0.75 | dt: 877.05ms | tok/sec: 149,445 | mfu: 36.62 | epoch: 1 | total time: 8.33m
step 00579 (62.43%) | loss: 0.434019 | lrm: 0.75 | dt: 875.68ms | tok/sec: 149,680 | mfu: 36.68 | epoch: 1 | total time: 8.34m
step 00580 (62.54%) | loss: 0.439984 | lrm: 0.75 | dt: 877.44ms | tok/sec: 149,379 | mfu: 36.61 | epoch: 1 | total time: 8.35m
step 00581 (62.64%) | loss: 0.458022 | lrm: 0.75 | dt: 878.69ms | tok/sec: 149,167 | mfu: 36.55 | epoch: 1 | total time: 8.37m
step 00582 (62.75%) | loss: 0.459819 | lrm: 0.75 | dt: 879.00ms | tok/sec: 149,114 | mfu: 36.54 | epoch: 1 | total time: 8.38m
step 00583 (62.85%) | loss: 0.449625 | lrm: 0.74 | dt: 880.06ms | tok/sec: 148,935 | mfu: 36.50 | epoch: 1 | total time: 8.40m
step 00584 (62.95%) | loss: 0.436468 | lrm: 0.74 | dt: 879.89ms | tok/sec: 148,963 | mfu: 36.50 | epoch: 1 | total time: 8.41m
step 00585 (63.06%) | loss: 0.439203 | lrm: 0.74 | dt: 878.94ms | tok/sec: 149,125 | mfu: 36.54 | epoch: 1 | total time: 8.43m
step 00586 (63.17%) | loss: 0.449651 | lrm: 0.74 | dt: 879.05ms | tok/sec: 149,106 | mfu: 36.54 | epoch: 1 | total time: 8.44m
step 00587 (63.27%) | loss: 0.440837 | lrm: 0.73 | dt: 880.33ms | tok/sec: 148,889 | mfu: 36.49 | epoch: 1 | total time: 8.46m
step 00588 (63.38%) | loss: 0.441549 | lrm: 0.73 | dt: 879.59ms | tok/sec: 149,014 | mfu: 36.52 | epoch: 1 | total time: 8.47m
step 00589 (63.49%) | loss: 0.428588 | lrm: 0.73 | dt: 878.98ms | tok/sec: 149,119 | mfu: 36.54 | epoch: 1 | total time: 8.49m
step 00590 (63.59%) | loss: 0.441825 | lrm: 0.73 | dt: 879.97ms | tok/sec: 148,950 | mfu: 36.50 | epoch: 1 | total time: 8.50m
step 00591 (63.70%) | loss: 0.446054 | lrm: 0.73 | dt: 880.29ms | tok/sec: 148,896 | mfu: 36.49 | epoch: 1 | total time: 8.52m
step 00592 (63.81%) | loss: 0.451115 | lrm: 0.72 | dt: 879.83ms | tok/sec: 148,973 | mfu: 36.51 | epoch: 1 | total time: 8.53m
step 00593 (63.91%) | loss: 0.451879 | lrm: 0.72 | dt: 878.27ms | tok/sec: 149,238 | mfu: 36.57 | epoch: 1 | total time: 8.55m
step 00594 (64.03%) | loss: 0.455895 | lrm: 0.72 | dt: 880.19ms | tok/sec: 148,913 | mfu: 36.49 | epoch: 1 | total time: 8.56m
step 00595 (64.13%) | loss: 0.443573 | lrm: 0.72 | dt: 880.16ms | tok/sec: 148,917 | mfu: 36.49 | epoch: 1 | total time: 8.57m
step 00596 (64.24%) | loss: 0.442272 | lrm: 0.72 | dt: 879.59ms | tok/sec: 149,014 | mfu: 36.52 | epoch: 1 | total time: 8.59m
step 00597 (64.35%) | loss: 0.446174 | lrm: 0.71 | dt: 878.66ms | tok/sec: 149,172 | mfu: 36.56 | epoch: 1 | total time: 8.60m
step 00598 (64.46%) | loss: 0.436354 | lrm: 0.71 | dt: 879.65ms | tok/sec: 149,005 | mfu: 36.51 | epoch: 1 | total time: 8.62m
step 00599 (64.57%) | loss: 0.442497 | lrm: 0.71 | dt: 879.86ms | tok/sec: 148,969 | mfu: 36.51 | epoch: 1 | total time: 8.63m
step 00600 (64.68%) | loss: 0.426160 | lrm: 0.71 | dt: 879.95ms | tok/sec: 148,953 | mfu: 36.50 | epoch: 1 | total time: 8.65m
Step 00600 | Validation bpb: 2.6906
step 00601 (64.79%) | loss: 0.414230 | lrm: 0.70 | dt: 879.34ms | tok/sec: 149,056 | mfu: 36.53 | epoch: 1 | total time: 8.66m
step 00602 (64.89%) | loss: 0.418402 | lrm: 0.70 | dt: 876.35ms | tok/sec: 149,566 | mfu: 36.65 | epoch: 1 | total time: 8.68m
step 00603 (65.00%) | loss: 0.429310 | lrm: 0.70 | dt: 876.44ms | tok/sec: 149,551 | mfu: 36.65 | epoch: 1 | total time: 8.69m
step 00604 (65.10%) | loss: 0.407439 | lrm: 0.70 | dt: 875.74ms | tok/sec: 149,670 | mfu: 36.68 | epoch: 1 | total time: 8.71m
step 00605 (65.21%) | loss: 0.412951 | lrm: 0.70 | dt: 878.20ms | tok/sec: 149,251 | mfu: 36.57 | epoch: 1 | total time: 8.72m
step 00606 (65.32%) | loss: 0.407258 | lrm: 0.69 | dt: 878.61ms | tok/sec: 149,181 | mfu: 36.56 | epoch: 1 | total time: 8.74m
step 00607 (65.43%) | loss: 0.398450 | lrm: 0.69 | dt: 880.34ms | tok/sec: 148,887 | mfu: 36.49 | epoch: 1 | total time: 8.75m
step 00608 (65.53%) | loss: 0.403053 | lrm: 0.69 | dt: 878.37ms | tok/sec: 149,221 | mfu: 36.57 | epoch: 1 | total time: 8.76m
step 00609 (65.64%) | loss: 0.398787 | lrm: 0.69 | dt: 878.37ms | tok/sec: 149,222 | mfu: 36.57 | epoch: 1 | total time: 8.78m
step 00610 (65.75%) | loss: 0.404490 | lrm: 0.68 | dt: 880.19ms | tok/sec: 148,913 | mfu: 36.49 | epoch: 1 | total time: 8.79m
step 00611 (65.86%) | loss: 0.405893 | lrm: 0.68 | dt: 880.22ms | tok/sec: 148,908 | mfu: 36.49 | epoch: 1 | total time: 8.81m
step 00612 (65.97%) | loss: 0.402733 | lrm: 0.68 | dt: 879.68ms | tok/sec: 148,999 | mfu: 36.51 | epoch: 1 | total time: 8.82m
step 00613 (66.09%) | loss: 0.393105 | lrm: 0.68 | dt: 879.12ms | tok/sec: 149,095 | mfu: 36.54 | epoch: 1 | total time: 8.84m
step 00614 (66.19%) | loss: 0.382236 | lrm: 0.68 | dt: 879.84ms | tok/sec: 148,972 | mfu: 36.51 | epoch: 1 | total time: 8.85m
step 00615 (66.30%) | loss: 0.389651 | lrm: 0.67 | dt: 880.04ms | tok/sec: 148,937 | mfu: 36.50 | epoch: 1 | total time: 8.87m
step 00616 (66.40%) | loss: 0.371816 | lrm: 0.67 | dt: 878.76ms | tok/sec: 149,155 | mfu: 36.55 | epoch: 1 | total time: 8.88m
step 00617 (66.51%) | loss: 0.377012 | lrm: 0.67 | dt: 879.84ms | tok/sec: 148,972 | mfu: 36.51 | epoch: 1 | total time: 8.90m
step 00618 (66.62%) | loss: 0.369672 | lrm: 0.67 | dt: 879.50ms | tok/sec: 149,029 | mfu: 36.52 | epoch: 1 | total time: 8.91m
step 00619 (66.73%) | loss: 0.362717 | lrm: 0.67 | dt: 880.07ms | tok/sec: 148,933 | mfu: 36.50 | epoch: 1 | total time: 8.93m
step 00620 (66.84%) | loss: 0.363284 | lrm: 0.66 | dt: 878.74ms | tok/sec: 149,159 | mfu: 36.55 | epoch: 1 | total time: 8.94m
step 00621 (66.94%) | loss: 0.367110 | lrm: 0.66 | dt: 879.60ms | tok/sec: 149,013 | mfu: 36.52 | epoch: 1 | total time: 8.96m
step 00622 (67.05%) | loss: 0.375982 | lrm: 0.66 | dt: 880.67ms | tok/sec: 148,832 | mfu: 36.47 | epoch: 1 | total time: 8.97m
step 00623 (67.16%) | loss: 0.383666 | lrm: 0.66 | dt: 878.86ms | tok/sec: 149,138 | mfu: 36.55 | epoch: 1 | total time: 8.98m
step 00624 (67.26%) | loss: 0.381379 | lrm: 0.65 | dt: 879.44ms | tok/sec: 149,039 | mfu: 36.52 | epoch: 1 | total time: 9.00m
step 00625 (67.37%) | loss: 0.377091 | lrm: 0.65 | dt: 880.25ms | tok/sec: 148,903 | mfu: 36.49 | epoch: 1 | total time: 9.01m
Step 00625 | Validation bpb: 2.7599
step 00626 (67.48%) | loss: 0.386708 | lrm: 0.65 | dt: 880.96ms | tok/sec: 148,782 | mfu: 36.46 | epoch: 1 | total time: 9.03m
step 00627 (67.59%) | loss: 0.379063 | lrm: 0.65 | dt: 877.27ms | tok/sec: 149,408 | mfu: 36.61 | epoch: 1 | total time: 9.04m
step 00628 (67.70%) | loss: 0.377408 | lrm: 0.65 | dt: 876.57ms | tok/sec: 149,528 | mfu: 36.64 | epoch: 1 | total time: 9.06m
step 00629 (67.81%) | loss: 0.364125 | lrm: 0.64 | dt: 876.30ms | tok/sec: 149,575 | mfu: 36.65 | epoch: 1 | total time: 9.07m
step 00630 (67.92%) | loss: 0.368583 | lrm: 0.64 | dt: 877.67ms | tok/sec: 149,341 | mfu: 36.60 | epoch: 1 | total time: 9.09m
step 00631 (68.03%) | loss: 0.360552 | lrm: 0.64 | dt: 878.66ms | tok/sec: 149,173 | mfu: 36.56 | epoch: 1 | total time: 9.10m
step 00632 (68.13%) | loss: 0.365202 | lrm: 0.64 | dt: 878.67ms | tok/sec: 149,170 | mfu: 36.55 | epoch: 1 | total time: 9.12m
step 00633 (68.24%) | loss: 0.354236 | lrm: 0.64 | dt: 881.42ms | tok/sec: 148,704 | mfu: 36.44 | epoch: 1 | total time: 9.13m
step 00634 (68.35%) | loss: 0.350839 | lrm: 0.63 | dt: 878.90ms | tok/sec: 149,131 | mfu: 36.55 | epoch: 1 | total time: 9.15m
step 00635 (68.46%) | loss: 0.356216 | lrm: 0.63 | dt: 879.03ms | tok/sec: 149,109 | mfu: 36.54 | epoch: 1 | total time: 9.16m
step 00636 (68.56%) | loss: 0.369861 | lrm: 0.63 | dt: 879.24ms | tok/sec: 149,074 | mfu: 36.53 | epoch: 1 | total time: 9.17m
step 00637 (68.68%) | loss: 0.378987 | lrm: 0.63 | dt: 880.62ms | tok/sec: 148,841 | mfu: 36.47 | epoch: 1 | total time: 9.19m
step 00638 (68.78%) | loss: 0.375805 | lrm: 0.62 | dt: 878.93ms | tok/sec: 149,126 | mfu: 36.54 | epoch: 1 | total time: 9.20m
step 00639 (68.89%) | loss: 0.371655 | lrm: 0.62 | dt: 878.49ms | tok/sec: 149,200 | mfu: 36.56 | epoch: 1 | total time: 9.22m
step 00640 (69.00%) | loss: 0.380959 | lrm: 0.62 | dt: 880.19ms | tok/sec: 148,912 | mfu: 36.49 | epoch: 1 | total time: 9.23m
step 00641 (69.11%) | loss: 0.382651 | lrm: 0.62 | dt: 880.03ms | tok/sec: 148,940 | mfu: 36.50 | epoch: 1 | total time: 9.25m
step 00642 (69.22%) | loss: 0.377525 | lrm: 0.62 | dt: 879.26ms | tok/sec: 149,070 | mfu: 36.53 | epoch: 1 | total time: 9.26m
step 00643 (69.33%) | loss: 0.380092 | lrm: 0.61 | dt: 878.66ms | tok/sec: 149,173 | mfu: 36.56 | epoch: 1 | total time: 9.28m
step 00644 (69.44%) | loss: 0.384149 | lrm: 0.61 | dt: 879.87ms | tok/sec: 148,968 | mfu: 36.51 | epoch: 1 | total time: 9.29m
step 00645 (69.55%) | loss: 0.388575 | lrm: 0.61 | dt: 879.74ms | tok/sec: 148,989 | mfu: 36.51 | epoch: 1 | total time: 9.31m
step 00646 (69.66%) | loss: 0.384589 | lrm: 0.61 | dt: 879.60ms | tok/sec: 149,013 | mfu: 36.52 | epoch: 1 | total time: 9.32m
step 00647 (69.77%) | loss: 0.375229 | lrm: 0.60 | dt: 879.13ms | tok/sec: 149,092 | mfu: 36.54 | epoch: 1 | total time: 9.34m
step 00648 (69.87%) | loss: 0.389988 | lrm: 0.60 | dt: 881.19ms | tok/sec: 148,743 | mfu: 36.45 | epoch: 1 | total time: 9.35m
step 00649 (69.98%) | loss: 0.383760 | lrm: 0.60 | dt: 879.28ms | tok/sec: 149,066 | mfu: 36.53 | epoch: 1 | total time: 9.37m
step 00650 (70.09%) | loss: 0.381908 | lrm: 0.60 | dt: 878.96ms | tok/sec: 149,120 | mfu: 36.54 | epoch: 1 | total time: 9.38m
Step 00650 | Validation bpb: 2.7275
step 00651 (70.20%) | loss: 0.379919 | lrm: 0.60 | dt: 882.27ms | tok/sec: 148,562 | mfu: 36.41 | epoch: 1 | total time: 9.39m
step 00652 (70.30%) | loss: 0.401176 | lrm: 0.59 | dt: 880.19ms | tok/sec: 148,913 | mfu: 36.49 | epoch: 1 | total time: 9.41m
step 00653 (70.40%) | loss: 0.383085 | lrm: 0.59 | dt: 880.29ms | tok/sec: 148,895 | mfu: 36.49 | epoch: 1 | total time: 9.42m
step 00654 (70.51%) | loss: 0.377106 | lrm: 0.59 | dt: 879.45ms | tok/sec: 149,038 | mfu: 36.52 | epoch: 1 | total time: 9.44m
step 00655 (70.62%) | loss: 0.377462 | lrm: 0.59 | dt: 880.86ms | tok/sec: 148,799 | mfu: 36.46 | epoch: 1 | total time: 9.45m
step 00656 (70.73%) | loss: 0.388660 | lrm: 0.59 | dt: 880.20ms | tok/sec: 148,911 | mfu: 36.49 | epoch: 1 | total time: 9.47m
step 00657 (70.83%) | loss: 0.388267 | lrm: 0.58 | dt: 879.03ms | tok/sec: 149,109 | mfu: 36.54 | epoch: 1 | total time: 9.48m
step 00658 (70.94%) | loss: 0.397609 | lrm: 0.58 | dt: 879.90ms | tok/sec: 148,962 | mfu: 36.50 | epoch: 1 | total time: 9.50m
step 00659 (71.06%) | loss: 0.372896 | lrm: 0.58 | dt: 878.77ms | tok/sec: 149,153 | mfu: 36.55 | epoch: 1 | total time: 9.51m
step 00660 (71.16%) | loss: 0.373691 | lrm: 0.58 | dt: 880.03ms | tok/sec: 148,939 | mfu: 36.50 | epoch: 1 | total time: 9.53m
step 00661 (71.27%) | loss: 0.367268 | lrm: 0.57 | dt: 878.27ms | tok/sec: 149,238 | mfu: 36.57 | epoch: 1 | total time: 9.54m
step 00662 (71.38%) | loss: 0.358513 | lrm: 0.57 | dt: 880.45ms | tok/sec: 148,869 | mfu: 36.48 | epoch: 1 | total time: 9.56m
step 00663 (71.49%) | loss: 0.348318 | lrm: 0.57 | dt: 881.03ms | tok/sec: 148,770 | mfu: 36.46 | epoch: 1 | total time: 9.57m
step 00664 (71.60%) | loss: 0.353082 | lrm: 0.57 | dt: 880.64ms | tok/sec: 148,837 | mfu: 36.47 | epoch: 1 | total time: 9.59m
step 00665 (71.70%) | loss: 0.341634 | lrm: 0.57 | dt: 879.37ms | tok/sec: 149,052 | mfu: 36.53 | epoch: 1 | total time: 9.60m
step 00666 (71.81%) | loss: 0.329815 | lrm: 0.56 | dt: 879.59ms | tok/sec: 149,014 | mfu: 36.52 | epoch: 1 | total time: 9.61m
step 00667 (71.92%) | loss: 0.331480 | lrm: 0.56 | dt: 879.92ms | tok/sec: 148,959 | mfu: 36.50 | epoch: 1 | total time: 9.63m
step 00668 (72.02%) | loss: 0.336726 | lrm: 0.56 | dt: 879.64ms | tok/sec: 149,005 | mfu: 36.51 | epoch: 1 | total time: 9.64m
step 00669 (72.13%) | loss: 0.345992 | lrm: 0.56 | dt: 879.38ms | tok/sec: 149,050 | mfu: 36.53 | epoch: 1 | total time: 9.66m
step 00670 (72.24%) | loss: 0.335724 | lrm: 0.56 | dt: 879.18ms | tok/sec: 149,083 | mfu: 36.53 | epoch: 1 | total time: 9.67m
step 00671 (72.35%) | loss: 0.337319 | lrm: 0.55 | dt: 879.49ms | tok/sec: 149,031 | mfu: 36.52 | epoch: 1 | total time: 9.69m
step 00672 (72.46%) | loss: 0.340402 | lrm: 0.55 | dt: 880.03ms | tok/sec: 148,940 | mfu: 36.50 | epoch: 1 | total time: 9.70m
step 00673 (72.56%) | loss: 0.333128 | lrm: 0.55 | dt: 880.15ms | tok/sec: 148,920 | mfu: 36.49 | epoch: 1 | total time: 9.72m
step 00674 (72.67%) | loss: 0.335367 | lrm: 0.55 | dt: 879.12ms | tok/sec: 149,094 | mfu: 36.54 | epoch: 1 | total time: 9.73m
step 00675 (72.78%) | loss: 0.328551 | lrm: 0.54 | dt: 879.71ms | tok/sec: 148,994 | mfu: 36.51 | epoch: 1 | total time: 9.75m
Step 00675 | Validation bpb: 2.8129
step 00676 (72.89%) | loss: 0.334086 | lrm: 0.54 | dt: 880.72ms | tok/sec: 148,824 | mfu: 36.47 | epoch: 1 | total time: 9.76m
step 00677 (73.00%) | loss: 0.330317 | lrm: 0.54 | dt: 879.59ms | tok/sec: 149,015 | mfu: 36.52 | epoch: 1 | total time: 9.78m
step 00678 (73.10%) | loss: 0.346234 | lrm: 0.54 | dt: 879.58ms | tok/sec: 149,017 | mfu: 36.52 | epoch: 1 | total time: 9.79m
step 00679 (73.21%) | loss: 0.332759 | lrm: 0.54 | dt: 879.14ms | tok/sec: 149,090 | mfu: 36.54 | epoch: 1 | total time: 9.81m
step 00680 (73.32%) | loss: 0.332977 | lrm: 0.53 | dt: 878.67ms | tok/sec: 149,171 | mfu: 36.56 | epoch: 1 | total time: 9.82m
step 00681 (73.43%) | loss: 0.318951 | lrm: 0.53 | dt: 880.09ms | tok/sec: 148,930 | mfu: 36.50 | epoch: 1 | total time: 9.83m
step 00682 (73.54%) | loss: 0.316012 | lrm: 0.53 | dt: 879.28ms | tok/sec: 149,066 | mfu: 36.53 | epoch: 1 | total time: 9.85m
step 00683 (73.65%) | loss: 0.311934 | lrm: 0.53 | dt: 878.98ms | tok/sec: 149,117 | mfu: 36.54 | epoch: 1 | total time: 9.86m
step 00684 (73.75%) | loss: 0.310685 | lrm: 0.52 | dt: 880.03ms | tok/sec: 148,941 | mfu: 36.50 | epoch: 1 | total time: 9.88m
step 00685 (73.86%) | loss: 0.321270 | lrm: 0.52 | dt: 879.96ms | tok/sec: 148,952 | mfu: 36.50 | epoch: 1 | total time: 9.89m
step 00686 (73.97%) | loss: 0.313092 | lrm: 0.52 | dt: 879.48ms | tok/sec: 149,033 | mfu: 36.52 | epoch: 1 | total time: 9.91m
step 00687 (74.08%) | loss: 0.327829 | lrm: 0.52 | dt: 879.19ms | tok/sec: 149,082 | mfu: 36.53 | epoch: 1 | total time: 9.92m
step 00688 (74.19%) | loss: 0.318760 | lrm: 0.52 | dt: 880.40ms | tok/sec: 148,877 | mfu: 36.48 | epoch: 1 | total time: 9.94m
step 00689 (74.30%) | loss: 0.313990 | lrm: 0.51 | dt: 878.91ms | tok/sec: 149,129 | mfu: 36.54 | epoch: 1 | total time: 9.95m
step 00690 (74.41%) | loss: 0.311148 | lrm: 0.51 | dt: 879.91ms | tok/sec: 148,960 | mfu: 36.50 | epoch: 1 | total time: 9.97m
step 00691 (74.51%) | loss: 0.315546 | lrm: 0.51 | dt: 879.59ms | tok/sec: 149,014 | mfu: 36.52 | epoch: 1 | total time: 9.98m
step 00692 (74.62%) | loss: 0.323793 | lrm: 0.51 | dt: 879.57ms | tok/sec: 149,018 | mfu: 36.52 | epoch: 1 | total time: 10.00m
step 00693 (74.73%) | loss: 0.337817 | lrm: 0.51 | dt: 879.72ms | tok/sec: 148,993 | mfu: 36.51 | epoch: 1 | total time: 10.01m
step 00694 (74.83%) | loss: 0.333208 | lrm: 0.50 | dt: 880.40ms | tok/sec: 148,877 | mfu: 36.48 | epoch: 1 | total time: 10.03m
step 00695 (74.94%) | loss: 0.329577 | lrm: 0.50 | dt: 878.98ms | tok/sec: 149,117 | mfu: 36.54 | epoch: 1 | total time: 10.04m
step 00696 (75.05%) | loss: 0.344707 | lrm: 0.50 | dt: 879.95ms | tok/sec: 148,953 | mfu: 36.50 | epoch: 1 | total time: 10.05m
step 00697 (75.16%) | loss: 0.344711 | lrm: 0.50 | dt: 879.95ms | tok/sec: 148,953 | mfu: 36.50 | epoch: 1 | total time: 10.07m
step 00698 (75.26%) | loss: 0.344489 | lrm: 0.49 | dt: 879.14ms | tok/sec: 149,091 | mfu: 36.54 | epoch: 1 | total time: 10.08m
step 00699 (75.37%) | loss: 0.333045 | lrm: 0.49 | dt: 879.20ms | tok/sec: 149,081 | mfu: 36.53 | epoch: 1 | total time: 10.10m
step 00700 (75.48%) | loss: 0.336553 | lrm: 0.49 | dt: 879.81ms | tok/sec: 148,978 | mfu: 36.51 | epoch: 1 | total time: 10.11m
Step 00700 | Validation bpb: 2.8605
step 00701 (75.59%) | loss: 0.337272 | lrm: 0.49 | dt: 879.57ms | tok/sec: 149,018 | mfu: 36.52 | epoch: 1 | total time: 10.13m
step 00702 (75.69%) | loss: 0.338282 | lrm: 0.49 | dt: 876.52ms | tok/sec: 149,537 | mfu: 36.64 | epoch: 1 | total time: 10.14m
step 00703 (75.80%) | loss: 0.329656 | lrm: 0.48 | dt: 875.69ms | tok/sec: 149,679 | mfu: 36.68 | epoch: 1 | total time: 10.16m
step 00704 (75.92%) | loss: 0.315780 | lrm: 0.48 | dt: 877.96ms | tok/sec: 149,291 | mfu: 36.58 | epoch: 1 | total time: 10.17m
step 00705 (76.02%) | loss: 0.325966 | lrm: 0.48 | dt: 877.89ms | tok/sec: 149,303 | mfu: 36.59 | epoch: 1 | total time: 10.19m
step 00706 (76.13%) | loss: 0.330945 | lrm: 0.48 | dt: 879.42ms | tok/sec: 149,043 | mfu: 36.52 | epoch: 1 | total time: 10.20m
step 00707 (76.24%) | loss: 0.325536 | lrm: 0.48 | dt: 878.55ms | tok/sec: 149,190 | mfu: 36.56 | epoch: 1 | total time: 10.22m
step 00708 (76.35%) | loss: 0.323271 | lrm: 0.47 | dt: 879.60ms | tok/sec: 149,014 | mfu: 36.52 | epoch: 1 | total time: 10.23m
step 00709 (76.46%) | loss: 0.314767 | lrm: 0.47 | dt: 879.95ms | tok/sec: 148,953 | mfu: 36.50 | epoch: 1 | total time: 10.25m
step 00710 (76.56%) | loss: 0.325689 | lrm: 0.47 | dt: 878.51ms | tok/sec: 149,197 | mfu: 36.56 | epoch: 1 | total time: 10.26m
step 00711 (76.67%) | loss: 0.321696 | lrm: 0.47 | dt: 880.72ms | tok/sec: 148,824 | mfu: 36.47 | epoch: 1 | total time: 10.27m
step 00712 (76.77%) | loss: 0.309283 | lrm: 0.46 | dt: 880.55ms | tok/sec: 148,853 | mfu: 36.48 | epoch: 1 | total time: 10.29m
step 00713 (76.88%) | loss: 0.297655 | lrm: 0.46 | dt: 878.72ms | tok/sec: 149,162 | mfu: 36.55 | epoch: 1 | total time: 10.30m
step 00714 (76.99%) | loss: 0.296077 | lrm: 0.46 | dt: 879.07ms | tok/sec: 149,102 | mfu: 36.54 | epoch: 1 | total time: 10.32m
step 00715 (77.10%) | loss: 0.298875 | lrm: 0.46 | dt: 879.88ms | tok/sec: 148,965 | mfu: 36.50 | epoch: 1 | total time: 10.33m
step 00716 (77.21%) | loss: 0.324216 | lrm: 0.46 | dt: 879.94ms | tok/sec: 148,954 | mfu: 36.50 | epoch: 1 | total time: 10.35m
step 00717 (77.31%) | loss: 0.325939 | lrm: 0.45 | dt: 880.76ms | tok/sec: 148,817 | mfu: 36.47 | epoch: 1 | total time: 10.36m
step 00718 (77.42%) | loss: 0.326244 | lrm: 0.45 | dt: 879.55ms | tok/sec: 149,020 | mfu: 36.52 | epoch: 1 | total time: 10.38m
step 00719 (77.53%) | loss: 0.311745 | lrm: 0.45 | dt: 879.83ms | tok/sec: 148,974 | mfu: 36.51 | epoch: 1 | total time: 10.39m
step 00720 (77.63%) | loss: 0.303508 | lrm: 0.45 | dt: 878.96ms | tok/sec: 149,122 | mfu: 36.54 | epoch: 1 | total time: 10.41m
step 00721 (77.74%) | loss: 0.299763 | lrm: 0.45 | dt: 879.50ms | tok/sec: 149,029 | mfu: 36.52 | epoch: 1 | total time: 10.42m
step 00722 (77.84%) | loss: 0.295530 | lrm: 0.44 | dt: 880.35ms | tok/sec: 148,886 | mfu: 36.49 | epoch: 1 | total time: 10.44m
step 00723 (77.95%) | loss: 0.320538 | lrm: 0.44 | dt: 880.04ms | tok/sec: 148,939 | mfu: 36.50 | epoch: 1 | total time: 10.45m
step 00724 (78.06%) | loss: 0.308070 | lrm: 0.44 | dt: 878.40ms | tok/sec: 149,216 | mfu: 36.57 | epoch: 1 | total time: 10.47m
step 00725 (78.17%) | loss: 0.297264 | lrm: 0.44 | dt: 879.73ms | tok/sec: 148,991 | mfu: 36.51 | epoch: 1 | total time: 10.48m
Step 00725 | Validation bpb: 2.8727
step 00726 (78.28%) | loss: 0.293143 | lrm: 0.43 | dt: 880.53ms | tok/sec: 148,855 | mfu: 36.48 | epoch: 1 | total time: 10.49m
step 00727 (78.38%) | loss: 0.288635 | lrm: 0.43 | dt: 877.34ms | tok/sec: 149,397 | mfu: 36.61 | epoch: 1 | total time: 10.51m
step 00728 (78.49%) | loss: 0.285412 | lrm: 0.43 | dt: 876.13ms | tok/sec: 149,602 | mfu: 36.66 | epoch: 1 | total time: 10.52m
step 00729 (78.59%) | loss: 0.285320 | lrm: 0.43 | dt: 877.03ms | tok/sec: 149,449 | mfu: 36.62 | epoch: 1 | total time: 10.54m
step 00730 (78.70%) | loss: 0.310381 | lrm: 0.43 | dt: 876.29ms | tok/sec: 149,576 | mfu: 36.65 | epoch: 1 | total time: 10.55m
step 00731 (78.81%) | loss: 0.308948 | lrm: 0.42 | dt: 878.53ms | tok/sec: 149,195 | mfu: 36.56 | epoch: 1 | total time: 10.57m
step 00732 (78.92%) | loss: 0.299032 | lrm: 0.42 | dt: 878.51ms | tok/sec: 149,197 | mfu: 36.56 | epoch: 1 | total time: 10.58m
step 00733 (79.03%) | loss: 0.300087 | lrm: 0.42 | dt: 878.04ms | tok/sec: 149,277 | mfu: 36.58 | epoch: 1 | total time: 10.60m
step 00734 (79.14%) | loss: 0.304773 | lrm: 0.42 | dt: 879.86ms | tok/sec: 148,969 | mfu: 36.51 | epoch: 1 | total time: 10.61m
step 00735 (79.24%) | loss: 0.301404 | lrm: 0.42 | dt: 880.32ms | tok/sec: 148,890 | mfu: 36.49 | epoch: 1 | total time: 10.63m
step 00736 (79.34%) | loss: 0.303651 | lrm: 0.41 | dt: 878.68ms | tok/sec: 149,170 | mfu: 36.55 | epoch: 1 | total time: 10.64m
step 00737 (79.44%) | loss: 0.291367 | lrm: 0.41 | dt: 879.43ms | tok/sec: 149,041 | mfu: 36.52 | epoch: 1 | total time: 10.66m
step 00738 (79.55%) | loss: 0.293282 | lrm: 0.41 | dt: 880.42ms | tok/sec: 148,874 | mfu: 36.48 | epoch: 1 | total time: 10.67m
step 00739 (79.66%) | loss: 0.282288 | lrm: 0.41 | dt: 879.12ms | tok/sec: 149,094 | mfu: 36.54 | epoch: 1 | total time: 10.68m
step 00740 (79.76%) | loss: 0.274886 | lrm: 0.40 | dt: 879.61ms | tok/sec: 149,011 | mfu: 36.52 | epoch: 1 | total time: 10.70m
step 00741 (79.87%) | loss: 0.268317 | lrm: 0.40 | dt: 879.71ms | tok/sec: 148,993 | mfu: 36.51 | epoch: 1 | total time: 10.71m
step 00742 (79.98%) | loss: 0.269302 | lrm: 0.40 | dt: 879.55ms | tok/sec: 149,021 | mfu: 36.52 | epoch: 1 | total time: 10.73m
step 00743 (80.09%) | loss: 0.290026 | lrm: 0.40 | dt: 879.44ms | tok/sec: 149,040 | mfu: 36.52 | epoch: 1 | total time: 10.74m
step 00744 (80.19%) | loss: 0.301575 | lrm: 0.40 | dt: 880.13ms | tok/sec: 148,922 | mfu: 36.49 | epoch: 1 | total time: 10.76m
step 00745 (80.30%) | loss: 0.301562 | lrm: 0.39 | dt: 879.29ms | tok/sec: 149,065 | mfu: 36.53 | epoch: 1 | total time: 10.77m
step 00746 (80.41%) | loss: 0.291128 | lrm: 0.39 | dt: 880.32ms | tok/sec: 148,891 | mfu: 36.49 | epoch: 1 | total time: 10.79m
step 00747 (80.51%) | loss: 0.294390 | lrm: 0.39 | dt: 878.78ms | tok/sec: 149,152 | mfu: 36.55 | epoch: 1 | total time: 10.80m
step 00748 (80.62%) | loss: 0.287141 | lrm: 0.39 | dt: 880.15ms | tok/sec: 148,919 | mfu: 36.49 | epoch: 1 | total time: 10.82m
step 00749 (80.73%) | loss: 0.278074 | lrm: 0.39 | dt: 879.57ms | tok/sec: 149,017 | mfu: 36.52 | epoch: 1 | total time: 10.83m
step 00750 (80.83%) | loss: 0.277190 | lrm: 0.38 | dt: 880.11ms | tok/sec: 148,927 | mfu: 36.50 | epoch: 1 | total time: 10.85m
Step 00750 | Validation bpb: 2.8912
step 00751 (80.94%) | loss: 0.284075 | lrm: 0.38 | dt: 879.44ms | tok/sec: 149,040 | mfu: 36.52 | epoch: 1 | total time: 10.86m
step 00752 (81.05%) | loss: 0.320253 | lrm: 0.38 | dt: 876.12ms | tok/sec: 149,604 | mfu: 36.66 | epoch: 1 | total time: 10.88m
step 00753 (81.16%) | loss: 0.305824 | lrm: 0.38 | dt: 876.71ms | tok/sec: 149,503 | mfu: 36.64 | epoch: 1 | total time: 10.89m
step 00754 (81.26%) | loss: 0.293847 | lrm: 0.37 | dt: 876.23ms | tok/sec: 149,586 | mfu: 36.66 | epoch: 1 | total time: 10.90m
step 00755 (81.37%) | loss: 0.300628 | lrm: 0.37 | dt: 878.11ms | tok/sec: 149,266 | mfu: 36.58 | epoch: 1 | total time: 10.92m
step 00756 (81.48%) | loss: 0.286296 | lrm: 0.37 | dt: 879.16ms | tok/sec: 149,087 | mfu: 36.53 | epoch: 1 | total time: 10.93m
step 00757 (81.59%) | loss: 0.278275 | lrm: 0.37 | dt: 879.08ms | tok/sec: 149,100 | mfu: 36.54 | epoch: 1 | total time: 10.95m
step 00758 (81.70%) | loss: 0.280264 | lrm: 0.37 | dt: 879.62ms | tok/sec: 149,010 | mfu: 36.52 | epoch: 1 | total time: 10.96m
step 00759 (81.81%) | loss: 0.269438 | lrm: 0.36 | dt: 878.63ms | tok/sec: 149,177 | mfu: 36.56 | epoch: 1 | total time: 10.98m
step 00760 (81.91%) | loss: 0.260184 | lrm: 0.36 | dt: 879.44ms | tok/sec: 149,040 | mfu: 36.52 | epoch: 1 | total time: 10.99m
step 00761 (82.02%) | loss: 0.258532 | lrm: 0.36 | dt: 880.15ms | tok/sec: 148,920 | mfu: 36.49 | epoch: 1 | total time: 11.01m
step 00762 (82.12%) | loss: 0.254416 | lrm: 0.36 | dt: 879.28ms | tok/sec: 149,067 | mfu: 36.53 | epoch: 1 | total time: 11.02m
step 00763 (82.23%) | loss: 0.267706 | lrm: 0.36 | dt: 878.85ms | tok/sec: 149,139 | mfu: 36.55 | epoch: 1 | total time: 11.04m
step 00764 (82.33%) | loss: 0.258039 | lrm: 0.35 | dt: 879.95ms | tok/sec: 148,953 | mfu: 36.50 | epoch: 1 | total time: 11.05m
step 00765 (82.44%) | loss: 0.274882 | lrm: 0.35 | dt: 879.58ms | tok/sec: 149,015 | mfu: 36.52 | epoch: 1 | total time: 11.07m
step 00766 (82.55%) | loss: 0.286454 | lrm: 0.35 | dt: 880.14ms | tok/sec: 148,921 | mfu: 36.49 | epoch: 1 | total time: 11.08m
step 00767 (82.66%) | loss: 0.284899 | lrm: 0.35 | dt: 880.53ms | tok/sec: 148,855 | mfu: 36.48 | epoch: 1 | total time: 11.09m
step 00768 (82.77%) | loss: 0.272883 | lrm: 0.34 | dt: 879.39ms | tok/sec: 149,048 | mfu: 36.53 | epoch: 1 | total time: 11.11m
step 00769 (82.87%) | loss: 0.275982 | lrm: 0.34 | dt: 879.41ms | tok/sec: 149,045 | mfu: 36.52 | epoch: 1 | total time: 11.12m
step 00770 (82.98%) | loss: 0.279593 | lrm: 0.34 | dt: 879.20ms | tok/sec: 149,080 | mfu: 36.53 | epoch: 1 | total time: 11.14m
step 00771 (83.09%) | loss: 0.271364 | lrm: 0.34 | dt: 879.39ms | tok/sec: 149,048 | mfu: 36.53 | epoch: 1 | total time: 11.15m
step 00772 (83.20%) | loss: 0.260833 | lrm: 0.34 | dt: 879.63ms | tok/sec: 149,008 | mfu: 36.52 | epoch: 1 | total time: 11.17m
step 00773 (83.30%) | loss: 0.255521 | lrm: 0.33 | dt: 879.87ms | tok/sec: 148,967 | mfu: 36.51 | epoch: 1 | total time: 11.18m
step 00774 (83.41%) | loss: 0.248422 | lrm: 0.33 | dt: 879.37ms | tok/sec: 149,052 | mfu: 36.53 | epoch: 1 | total time: 11.20m
step 00775 (83.51%) | loss: 0.240768 | lrm: 0.33 | dt: 880.03ms | tok/sec: 148,939 | mfu: 36.50 | epoch: 1 | total time: 11.21m
Step 00775 | Validation bpb: 2.8773
step 00776 (83.62%) | loss: 0.245306 | lrm: 0.33 | dt: 878.98ms | tok/sec: 149,118 | mfu: 36.54 | epoch: 1 | total time: 11.23m
step 00777 (83.72%) | loss: 0.242686 | lrm: 0.33 | dt: 876.68ms | tok/sec: 149,509 | mfu: 36.64 | epoch: 1 | total time: 11.24m
step 00778 (83.83%) | loss: 0.251351 | lrm: 0.32 | dt: 875.68ms | tok/sec: 149,680 | mfu: 36.68 | epoch: 1 | total time: 11.26m
step 00779 (83.94%) | loss: 0.254834 | lrm: 0.32 | dt: 877.87ms | tok/sec: 149,306 | mfu: 36.59 | epoch: 1 | total time: 11.27m
step 00780 (84.05%) | loss: 0.244590 | lrm: 0.32 | dt: 878.40ms | tok/sec: 149,217 | mfu: 36.57 | epoch: 1 | total time: 11.29m
step 00781 (84.16%) | loss: 0.249164 | lrm: 0.32 | dt: 879.37ms | tok/sec: 149,051 | mfu: 36.53 | epoch: 1 | total time: 11.30m
step 00782 (84.26%) | loss: 0.241573 | lrm: 0.31 | dt: 878.90ms | tok/sec: 149,131 | mfu: 36.55 | epoch: 1 | total time: 11.31m
step 00783 (84.38%) | loss: 0.236744 | lrm: 0.31 | dt: 879.66ms | tok/sec: 149,002 | mfu: 36.51 | epoch: 1 | total time: 11.33m
step 00784 (84.48%) | loss: 0.232072 | lrm: 0.31 | dt: 880.24ms | tok/sec: 148,904 | mfu: 36.49 | epoch: 1 | total time: 11.34m
step 00785 (84.59%) | loss: 0.221627 | lrm: 0.31 | dt: 879.47ms | tok/sec: 149,035 | mfu: 36.52 | epoch: 1 | total time: 11.36m
step 00786 (84.70%) | loss: 0.215159 | lrm: 0.31 | dt: 879.13ms | tok/sec: 149,092 | mfu: 36.54 | epoch: 1 | total time: 11.37m
step 00787 (84.80%) | loss: 0.222248 | lrm: 0.30 | dt: 879.18ms | tok/sec: 149,083 | mfu: 36.53 | epoch: 1 | total time: 11.39m
step 00788 (84.91%) | loss: 0.222222 | lrm: 0.30 | dt: 880.92ms | tok/sec: 148,790 | mfu: 36.46 | epoch: 1 | total time: 11.40m
step 00789 (85.03%) | loss: 0.211572 | lrm: 0.30 | dt: 878.61ms | tok/sec: 149,181 | mfu: 36.56 | epoch: 1 | total time: 11.42m
step 00790 (85.14%) | loss: 0.209785 | lrm: 0.30 | dt: 879.92ms | tok/sec: 148,959 | mfu: 36.50 | epoch: 1 | total time: 11.43m
step 00791 (85.25%) | loss: 0.215005 | lrm: 0.30 | dt: 879.78ms | tok/sec: 148,983 | mfu: 36.51 | epoch: 1 | total time: 11.45m
step 00792 (85.35%) | loss: 0.208147 | lrm: 0.29 | dt: 879.66ms | tok/sec: 149,002 | mfu: 36.51 | epoch: 1 | total time: 11.46m
step 00793 (85.46%) | loss: 0.212213 | lrm: 0.29 | dt: 879.35ms | tok/sec: 149,056 | mfu: 36.53 | epoch: 1 | total time: 11.48m
step 00794 (85.56%) | loss: 0.213238 | lrm: 0.29 | dt: 879.87ms | tok/sec: 148,967 | mfu: 36.51 | epoch: 1 | total time: 11.49m
step 00795 (85.67%) | loss: 0.206091 | lrm: 0.29 | dt: 879.42ms | tok/sec: 149,043 | mfu: 36.52 | epoch: 1 | total time: 11.51m
step 00796 (85.78%) | loss: 0.210787 | lrm: 0.28 | dt: 879.14ms | tok/sec: 149,091 | mfu: 36.54 | epoch: 1 | total time: 11.52m
step 00797 (85.88%) | loss: 0.203622 | lrm: 0.28 | dt: 879.40ms | tok/sec: 149,047 | mfu: 36.52 | epoch: 1 | total time: 11.53m
step 00798 (85.99%) | loss: 0.205881 | lrm: 0.28 | dt: 879.45ms | tok/sec: 149,038 | mfu: 36.52 | epoch: 1 | total time: 11.55m
step 00799 (86.10%) | loss: 0.202026 | lrm: 0.28 | dt: 880.17ms | tok/sec: 148,916 | mfu: 36.49 | epoch: 1 | total time: 11.56m
step 00800 (86.20%) | loss: 0.201348 | lrm: 0.28 | dt: 878.81ms | tok/sec: 149,147 | mfu: 36.55 | epoch: 1 | total time: 11.58m
Step 00800 | Validation bpb: 2.8842
step 00801 (86.31%) | loss: 0.202393 | lrm: 0.27 | dt: 879.25ms | tok/sec: 149,073 | mfu: 36.53 | epoch: 1 | total time: 11.59m
step 00802 (86.42%) | loss: 0.204797 | lrm: 0.27 | dt: 876.35ms | tok/sec: 149,565 | mfu: 36.65 | epoch: 1 | total time: 11.61m
step 00803 (86.53%) | loss: 0.225827 | lrm: 0.27 | dt: 875.00ms | tok/sec: 149,795 | mfu: 36.71 | epoch: 1 | total time: 11.62m
step 00804 (86.64%) | loss: 0.223865 | lrm: 0.27 | dt: 878.11ms | tok/sec: 149,265 | mfu: 36.58 | epoch: 1 | total time: 11.64m
step 00805 (86.75%) | loss: 0.225864 | lrm: 0.26 | dt: 878.80ms | tok/sec: 149,149 | mfu: 36.55 | epoch: 1 | total time: 11.65m
step 00806 (86.86%) | loss: 0.232128 | lrm: 0.26 | dt: 879.42ms | tok/sec: 149,043 | mfu: 36.52 | epoch: 1 | total time: 11.67m
step 00807 (86.97%) | loss: 0.225378 | lrm: 0.26 | dt: 879.27ms | tok/sec: 149,068 | mfu: 36.53 | epoch: 1 | total time: 11.68m
step 00808 (87.08%) | loss: 0.227656 | lrm: 0.26 | dt: 878.64ms | tok/sec: 149,176 | mfu: 36.56 | epoch: 1 | total time: 11.70m
step 00809 (87.19%) | loss: 0.231357 | lrm: 0.26 | dt: 880.70ms | tok/sec: 148,827 | mfu: 36.47 | epoch: 1 | total time: 11.71m
step 00810 (87.29%) | loss: 0.230291 | lrm: 0.25 | dt: 878.66ms | tok/sec: 149,171 | mfu: 36.56 | epoch: 1 | total time: 11.72m
step 00811 (87.40%) | loss: 0.222043 | lrm: 0.25 | dt: 879.94ms | tok/sec: 148,956 | mfu: 36.50 | epoch: 1 | total time: 11.74m
step 00812 (87.51%) | loss: 0.215627 | lrm: 0.25 | dt: 879.09ms | tok/sec: 149,100 | mfu: 36.54 | epoch: 1 | total time: 11.75m
step 00813 (87.61%) | loss: 0.218955 | lrm: 0.25 | dt: 880.12ms | tok/sec: 148,924 | mfu: 36.49 | epoch: 1 | total time: 11.77m
step 00814 (87.72%) | loss: 0.217213 | lrm: 0.25 | dt: 879.91ms | tok/sec: 148,959 | mfu: 36.50 | epoch: 1 | total time: 11.78m
step 00815 (87.82%) | loss: 0.229439 | lrm: 0.24 | dt: 878.94ms | tok/sec: 149,124 | mfu: 36.54 | epoch: 1 | total time: 11.80m
step 00816 (87.92%) | loss: 0.223126 | lrm: 0.24 | dt: 878.71ms | tok/sec: 149,163 | mfu: 36.55 | epoch: 1 | total time: 11.81m
step 00817 (88.03%) | loss: 0.224087 | lrm: 0.24 | dt: 879.67ms | tok/sec: 149,001 | mfu: 36.51 | epoch: 1 | total time: 11.83m
step 00818 (88.14%) | loss: 0.219626 | lrm: 0.24 | dt: 880.18ms | tok/sec: 148,914 | mfu: 36.49 | epoch: 1 | total time: 11.84m
step 00819 (88.25%) | loss: 0.219983 | lrm: 0.24 | dt: 879.49ms | tok/sec: 149,032 | mfu: 36.52 | epoch: 1 | total time: 11.86m
step 00820 (88.36%) | loss: 0.207453 | lrm: 0.23 | dt: 879.33ms | tok/sec: 149,059 | mfu: 36.53 | epoch: 1 | total time: 11.87m
step 00821 (88.46%) | loss: 0.198473 | lrm: 0.23 | dt: 879.47ms | tok/sec: 149,035 | mfu: 36.52 | epoch: 1 | total time: 11.89m
step 00822 (88.57%) | loss: 0.193520 | lrm: 0.23 | dt: 880.32ms | tok/sec: 148,891 | mfu: 36.49 | epoch: 1 | total time: 11.90m
step 00823 (88.68%) | loss: 0.185021 | lrm: 0.23 | dt: 880.02ms | tok/sec: 148,941 | mfu: 36.50 | epoch: 1 | total time: 11.92m
step 00824 (88.79%) | loss: 0.183388 | lrm: 0.22 | dt: 879.95ms | tok/sec: 148,954 | mfu: 36.50 | epoch: 1 | total time: 11.93m
step 00825 (88.89%) | loss: 0.204013 | lrm: 0.22 | dt: 879.73ms | tok/sec: 148,991 | mfu: 36.51 | epoch: 1 | total time: 11.94m
Step 00825 | Validation bpb: 2.8869
step 00826 (89.00%) | loss: 0.202862 | lrm: 0.22 | dt: 879.42ms | tok/sec: 149,043 | mfu: 36.52 | epoch: 1 | total time: 11.96m
step 00827 (89.11%) | loss: 0.199358 | lrm: 0.22 | dt: 876.44ms | tok/sec: 149,551 | mfu: 36.65 | epoch: 1 | total time: 11.97m
step 00828 (89.22%) | loss: 0.197089 | lrm: 0.22 | dt: 876.21ms | tok/sec: 149,589 | mfu: 36.66 | epoch: 1 | total time: 11.99m
step 00829 (89.34%) | loss: 0.199826 | lrm: 0.21 | dt: 876.22ms | tok/sec: 149,588 | mfu: 36.66 | epoch: 1 | total time: 12.00m
step 00830 (89.45%) | loss: 0.196267 | lrm: 0.21 | dt: 877.90ms | tok/sec: 149,301 | mfu: 36.59 | epoch: 1 | total time: 12.02m
step 00831 (89.55%) | loss: 0.188341 | lrm: 0.21 | dt: 878.88ms | tok/sec: 149,135 | mfu: 36.55 | epoch: 1 | total time: 12.03m
step 00832 (89.66%) | loss: 0.182871 | lrm: 0.21 | dt: 879.79ms | tok/sec: 148,980 | mfu: 36.51 | epoch: 1 | total time: 12.05m
step 00833 (89.77%) | loss: 0.185837 | lrm: 0.20 | dt: 879.31ms | tok/sec: 149,062 | mfu: 36.53 | epoch: 1 | total time: 12.06m
step 00834 (89.87%) | loss: 0.177831 | lrm: 0.20 | dt: 880.16ms | tok/sec: 148,918 | mfu: 36.49 | epoch: 1 | total time: 12.08m
step 00835 (89.98%) | loss: 0.181993 | lrm: 0.20 | dt: 878.56ms | tok/sec: 149,189 | mfu: 36.56 | epoch: 1 | total time: 12.09m
step 00836 (90.08%) | loss: 0.186161 | lrm: 0.20 | dt: 879.16ms | tok/sec: 149,087 | mfu: 36.53 | epoch: 1 | total time: 12.11m
step 00837 (90.19%) | loss: 0.187030 | lrm: 0.20 | dt: 880.44ms | tok/sec: 148,871 | mfu: 36.48 | epoch: 1 | total time: 12.12m
step 00838 (90.30%) | loss: 0.189462 | lrm: 0.19 | dt: 879.77ms | tok/sec: 148,983 | mfu: 36.51 | epoch: 1 | total time: 12.14m
step 00839 (90.40%) | loss: 0.182251 | lrm: 0.19 | dt: 879.62ms | tok/sec: 149,009 | mfu: 36.52 | epoch: 1 | total time: 12.15m
step 00840 (90.51%) | loss: 0.179087 | lrm: 0.19 | dt: 880.75ms | tok/sec: 148,819 | mfu: 36.47 | epoch: 1 | total time: 12.16m
step 00841 (90.61%) | loss: 0.176492 | lrm: 0.19 | dt: 879.23ms | tok/sec: 149,075 | mfu: 36.53 | epoch: 1 | total time: 12.18m
step 00842 (90.73%) | loss: 0.173480 | lrm: 0.19 | dt: 880.37ms | tok/sec: 148,883 | mfu: 36.48 | epoch: 1 | total time: 12.19m
step 00843 (90.83%) | loss: 0.173851 | lrm: 0.18 | dt: 879.33ms | tok/sec: 149,059 | mfu: 36.53 | epoch: 1 | total time: 12.21m
step 00844 (90.94%) | loss: 0.176597 | lrm: 0.18 | dt: 881.14ms | tok/sec: 148,753 | mfu: 36.45 | epoch: 1 | total time: 12.22m
step 00845 (91.04%) | loss: 0.180793 | lrm: 0.18 | dt: 880.31ms | tok/sec: 148,892 | mfu: 36.49 | epoch: 1 | total time: 12.24m
step 00846 (91.15%) | loss: 0.175729 | lrm: 0.18 | dt: 879.71ms | tok/sec: 148,994 | mfu: 36.51 | epoch: 1 | total time: 12.25m
step 00847 (91.26%) | loss: 0.195110 | lrm: 0.17 | dt: 879.74ms | tok/sec: 148,989 | mfu: 36.51 | epoch: 1 | total time: 12.27m
step 00848 (91.37%) | loss: 0.194229 | lrm: 0.17 | dt: 878.36ms | tok/sec: 149,223 | mfu: 36.57 | epoch: 1 | total time: 12.28m
step 00849 (91.47%) | loss: 0.195394 | lrm: 0.17 | dt: 880.32ms | tok/sec: 148,891 | mfu: 36.49 | epoch: 1 | total time: 12.30m
step 00850 (91.57%) | loss: 0.195750 | lrm: 0.17 | dt: 879.20ms | tok/sec: 149,081 | mfu: 36.53 | epoch: 1 | total time: 12.31m
Step 00850 | Validation bpb: 2.8912
step 00851 (91.68%) | loss: 0.191570 | lrm: 0.17 | dt: 879.24ms | tok/sec: 149,073 | mfu: 36.53 | epoch: 1 | total time: 12.33m
step 00852 (91.79%) | loss: 0.187013 | lrm: 0.16 | dt: 877.32ms | tok/sec: 149,399 | mfu: 36.61 | epoch: 1 | total time: 12.34m
step 00853 (91.90%) | loss: 0.178271 | lrm: 0.16 | dt: 875.88ms | tok/sec: 149,646 | mfu: 36.67 | epoch: 1 | total time: 12.36m
step 00854 (92.01%) | loss: 0.171364 | lrm: 0.16 | dt: 874.73ms | tok/sec: 149,842 | mfu: 36.72 | epoch: 1 | total time: 12.37m
step 00855 (92.11%) | loss: 0.167531 | lrm: 0.16 | dt: 878.75ms | tok/sec: 149,156 | mfu: 36.55 | epoch: 1 | total time: 12.38m
step 00856 (92.23%) | loss: 0.162798 | lrm: 0.16 | dt: 879.50ms | tok/sec: 149,029 | mfu: 36.52 | epoch: 1 | total time: 12.40m
step 00857 (92.33%) | loss: 0.154900 | lrm: 0.15 | dt: 877.91ms | tok/sec: 149,300 | mfu: 36.59 | epoch: 1 | total time: 12.41m
step 00858 (92.44%) | loss: 0.154482 | lrm: 0.15 | dt: 879.36ms | tok/sec: 149,054 | mfu: 36.53 | epoch: 1 | total time: 12.43m
step 00859 (92.56%) | loss: 0.149803 | lrm: 0.15 | dt: 878.50ms | tok/sec: 149,200 | mfu: 36.56 | epoch: 1 | total time: 12.44m
step 00860 (92.66%) | loss: 0.143375 | lrm: 0.15 | dt: 880.75ms | tok/sec: 148,819 | mfu: 36.47 | epoch: 1 | total time: 12.46m
step 00861 (92.77%) | loss: 0.140977 | lrm: 0.14 | dt: 880.91ms | tok/sec: 148,792 | mfu: 36.46 | epoch: 1 | total time: 12.47m
step 00862 (92.88%) | loss: 0.145448 | lrm: 0.14 | dt: 877.42ms | tok/sec: 149,383 | mfu: 36.61 | epoch: 1 | total time: 12.49m
step 00863 (92.98%) | loss: 0.144505 | lrm: 0.14 | dt: 878.81ms | tok/sec: 149,147 | mfu: 36.55 | epoch: 1 | total time: 12.50m
step 00864 (93.10%) | loss: 0.145139 | lrm: 0.14 | dt: 880.94ms | tok/sec: 148,785 | mfu: 36.46 | epoch: 1 | total time: 12.52m
step 00865 (93.21%) | loss: 0.146376 | lrm: 0.14 | dt: 879.72ms | tok/sec: 148,992 | mfu: 36.51 | epoch: 1 | total time: 12.53m
step 00866 (93.32%) | loss: 0.144517 | lrm: 0.13 | dt: 878.55ms | tok/sec: 149,191 | mfu: 36.56 | epoch: 1 | total time: 12.55m
step 00867 (93.42%) | loss: 0.141276 | lrm: 0.13 | dt: 879.06ms | tok/sec: 149,103 | mfu: 36.54 | epoch: 1 | total time: 12.56m
step 00868 (93.52%) | loss: 0.148232 | lrm: 0.13 | dt: 879.20ms | tok/sec: 149,081 | mfu: 36.53 | epoch: 1 | total time: 12.57m
step 00869 (93.63%) | loss: 0.144893 | lrm: 0.13 | dt: 878.27ms | tok/sec: 149,238 | mfu: 36.57 | epoch: 1 | total time: 12.59m
step 00870 (93.74%) | loss: 0.141009 | lrm: 0.13 | dt: 879.16ms | tok/sec: 149,088 | mfu: 36.53 | epoch: 1 | total time: 12.60m
step 00871 (93.85%) | loss: 0.141539 | lrm: 0.12 | dt: 876.28ms | tok/sec: 149,577 | mfu: 36.65 | epoch: 1 | total time: 12.62m
step 00872 (93.96%) | loss: 0.141922 | lrm: 0.12 | dt: 876.60ms | tok/sec: 149,523 | mfu: 36.64 | epoch: 1 | total time: 12.63m
step 00873 (94.07%) | loss: 0.145607 | lrm: 0.12 | dt: 876.75ms | tok/sec: 149,497 | mfu: 36.63 | epoch: 1 | total time: 12.65m
step 00874 (94.18%) | loss: 0.140422 | lrm: 0.12 | dt: 875.36ms | tok/sec: 149,735 | mfu: 36.69 | epoch: 1 | total time: 12.66m
step 00875 (94.29%) | loss: 0.148310 | lrm: 0.11 | dt: 878.39ms | tok/sec: 149,219 | mfu: 36.57 | epoch: 1 | total time: 12.68m
Step 00875 | Validation bpb: 2.9104
step 00876 (94.40%) | loss: 0.166372 | lrm: 0.11 | dt: 878.90ms | tok/sec: 149,131 | mfu: 36.55 | epoch: 1 | total time: 12.69m
step 00877 (94.51%) | loss: 0.158619 | lrm: 0.11 | dt: 875.88ms | tok/sec: 149,646 | mfu: 36.67 | epoch: 1 | total time: 12.71m
step 00878 (94.62%) | loss: 0.156982 | lrm: 0.11 | dt: 876.77ms | tok/sec: 149,494 | mfu: 36.63 | epoch: 1 | total time: 12.72m
step 00879 (94.73%) | loss: 0.160467 | lrm: 0.11 | dt: 875.07ms | tok/sec: 149,784 | mfu: 36.71 | epoch: 1 | total time: 12.74m
step 00880 (94.84%) | loss: 0.157587 | lrm: 0.10 | dt: 877.77ms | tok/sec: 149,323 | mfu: 36.59 | epoch: 1 | total time: 12.75m
step 00881 (94.95%) | loss: 0.156572 | lrm: 0.10 | dt: 879.22ms | tok/sec: 149,078 | mfu: 36.53 | epoch: 1 | total time: 12.76m
step 00882 (95.06%) | loss: 0.153150 | lrm: 0.10 | dt: 881.49ms | tok/sec: 148,693 | mfu: 36.44 | epoch: 1 | total time: 12.78m
step 00883 (95.17%) | loss: 0.144117 | lrm: 0.10 | dt: 879.40ms | tok/sec: 149,047 | mfu: 36.52 | epoch: 1 | total time: 12.79m
step 00884 (95.27%) | loss: 0.144879 | lrm: 0.09 | dt: 879.07ms | tok/sec: 149,103 | mfu: 36.54 | epoch: 1 | total time: 12.81m
step 00885 (95.38%) | loss: 0.139658 | lrm: 0.09 | dt: 878.85ms | tok/sec: 149,140 | mfu: 36.55 | epoch: 1 | total time: 12.82m
step 00886 (95.49%) | loss: 0.132582 | lrm: 0.09 | dt: 878.93ms | tok/sec: 149,127 | mfu: 36.54 | epoch: 1 | total time: 12.84m
step 00887 (95.59%) | loss: 0.130183 | lrm: 0.09 | dt: 880.63ms | tok/sec: 148,838 | mfu: 36.47 | epoch: 1 | total time: 12.85m
step 00888 (95.69%) | loss: 0.132014 | lrm: 0.09 | dt: 880.32ms | tok/sec: 148,891 | mfu: 36.49 | epoch: 1 | total time: 12.87m
step 00889 (95.80%) | loss: 0.136180 | lrm: 0.08 | dt: 878.96ms | tok/sec: 149,121 | mfu: 36.54 | epoch: 1 | total time: 12.88m
step 00890 (95.91%) | loss: 0.136581 | lrm: 0.08 | dt: 878.47ms | tok/sec: 149,205 | mfu: 36.56 | epoch: 1 | total time: 12.90m
step 00891 (96.02%) | loss: 0.139249 | lrm: 0.08 | dt: 879.96ms | tok/sec: 148,952 | mfu: 36.50 | epoch: 1 | total time: 12.91m
step 00892 (96.13%) | loss: 0.135922 | lrm: 0.08 | dt: 880.78ms | tok/sec: 148,813 | mfu: 36.47 | epoch: 1 | total time: 12.93m
step 00893 (96.23%) | loss: 0.134750 | lrm: 0.08 | dt: 879.13ms | tok/sec: 149,092 | mfu: 36.54 | epoch: 1 | total time: 12.94m
step 00894 (96.34%) | loss: 0.130421 | lrm: 0.07 | dt: 878.39ms | tok/sec: 149,217 | mfu: 36.57 | epoch: 1 | total time: 12.96m
step 00895 (96.45%) | loss: 0.128744 | lrm: 0.07 | dt: 880.20ms | tok/sec: 148,911 | mfu: 36.49 | epoch: 1 | total time: 12.97m
step 00896 (96.55%) | loss: 0.138779 | lrm: 0.07 | dt: 881.03ms | tok/sec: 148,771 | mfu: 36.46 | epoch: 1 | total time: 12.98m
step 00897 (96.66%) | loss: 0.139196 | lrm: 0.07 | dt: 879.21ms | tok/sec: 149,079 | mfu: 36.53 | epoch: 1 | total time: 13.00m
step 00898 (96.77%) | loss: 0.134991 | lrm: 0.06 | dt: 879.10ms | tok/sec: 149,098 | mfu: 36.54 | epoch: 1 | total time: 13.01m
step 00899 (96.87%) | loss: 0.145158 | lrm: 0.06 | dt: 878.61ms | tok/sec: 149,181 | mfu: 36.56 | epoch: 1 | total time: 13.03m
step 00900 (96.98%) | loss: 0.140845 | lrm: 0.06 | dt: 880.12ms | tok/sec: 148,924 | mfu: 36.49 | epoch: 1 | total time: 13.04m
Step 00900 | Validation bpb: 2.9214
step 00901 (97.09%) | loss: 0.140001 | lrm: 0.06 | dt: 880.56ms | tok/sec: 148,849 | mfu: 36.48 | epoch: 1 | total time: 13.06m
step 00902 (97.20%) | loss: 0.134487 | lrm: 0.06 | dt: 884.76ms | tok/sec: 148,144 | mfu: 36.30 | epoch: 1 | total time: 13.07m
step 00903 (97.30%) | loss: 0.127281 | lrm: 0.05 | dt: 878.08ms | tok/sec: 149,270 | mfu: 36.58 | epoch: 1 | total time: 13.09m
step 00904 (97.41%) | loss: 0.127073 | lrm: 0.05 | dt: 876.57ms | tok/sec: 149,528 | mfu: 36.64 | epoch: 1 | total time: 13.10m
step 00905 (97.52%) | loss: 0.122900 | lrm: 0.05 | dt: 876.95ms | tok/sec: 149,462 | mfu: 36.63 | epoch: 1 | total time: 13.12m
step 00906 (97.63%) | loss: 0.119301 | lrm: 0.05 | dt: 877.41ms | tok/sec: 149,385 | mfu: 36.61 | epoch: 1 | total time: 13.13m
step 00907 (97.74%) | loss: 0.120256 | lrm: 0.05 | dt: 875.19ms | tok/sec: 149,764 | mfu: 36.70 | epoch: 1 | total time: 13.15m
step 00908 (97.85%) | loss: 0.117951 | lrm: 0.04 | dt: 876.60ms | tok/sec: 149,523 | mfu: 36.64 | epoch: 1 | total time: 13.16m
step 00909 (97.95%) | loss: 0.118289 | lrm: 0.04 | dt: 879.54ms | tok/sec: 149,022 | mfu: 36.52 | epoch: 1 | total time: 13.18m
step 00910 (98.06%) | loss: 0.117998 | lrm: 0.04 | dt: 879.22ms | tok/sec: 149,078 | mfu: 36.53 | epoch: 1 | total time: 13.19m
step 00911 (98.18%) | loss: 0.117562 | lrm: 0.04 | dt: 878.21ms | tok/sec: 149,249 | mfu: 36.57 | epoch: 1 | total time: 13.20m
step 00912 (98.28%) | loss: 0.117213 | lrm: 0.03 | dt: 879.58ms | tok/sec: 149,017 | mfu: 36.52 | epoch: 1 | total time: 13.22m
step 00913 (98.39%) | loss: 0.122669 | lrm: 0.03 | dt: 879.38ms | tok/sec: 149,050 | mfu: 36.53 | epoch: 1 | total time: 13.23m
step 00914 (98.50%) | loss: 0.119829 | lrm: 0.03 | dt: 880.35ms | tok/sec: 148,886 | mfu: 36.49 | epoch: 1 | total time: 13.25m
step 00915 (98.61%) | loss: 0.118484 | lrm: 0.03 | dt: 880.73ms | tok/sec: 148,822 | mfu: 36.47 | epoch: 1 | total time: 13.26m
step 00916 (98.71%) | loss: 0.114851 | lrm: 0.03 | dt: 878.62ms | tok/sec: 149,179 | mfu: 36.56 | epoch: 1 | total time: 13.28m
step 00917 (98.82%) | loss: 0.119735 | lrm: 0.02 | dt: 878.80ms | tok/sec: 149,148 | mfu: 36.55 | epoch: 1 | total time: 13.29m
step 00918 (98.93%) | loss: 0.122390 | lrm: 0.02 | dt: 878.89ms | tok/sec: 149,134 | mfu: 36.55 | epoch: 1 | total time: 13.31m
step 00919 (99.03%) | loss: 0.117110 | lrm: 0.02 | dt: 879.74ms | tok/sec: 148,989 | mfu: 36.51 | epoch: 1 | total time: 13.32m
step 00920 (99.14%) | loss: 0.115386 | lrm: 0.02 | dt: 879.77ms | tok/sec: 148,984 | mfu: 36.51 | epoch: 1 | total time: 13.34m
step 00921 (99.25%) | loss: 0.117375 | lrm: 0.02 | dt: 878.44ms | tok/sec: 149,209 | mfu: 36.56 | epoch: 1 | total time: 13.35m
step 00922 (99.35%) | loss: 0.121813 | lrm: 0.01 | dt: 878.84ms | tok/sec: 149,142 | mfu: 36.55 | epoch: 1 | total time: 13.37m
step 00923 (99.46%) | loss: 0.118779 | lrm: 0.01 | dt: 878.49ms | tok/sec: 149,202 | mfu: 36.56 | epoch: 1 | total time: 13.38m
step 00924 (99.57%) | loss: 0.124324 | lrm: 0.01 | dt: 878.80ms | tok/sec: 149,148 | mfu: 36.55 | epoch: 1 | total time: 13.39m
step 00925 (99.68%) | loss: 0.126559 | lrm: 0.01 | dt: 876.37ms | tok/sec: 149,562 | mfu: 36.65 | epoch: 1 | total time: 13.41m
Step 00925 | Validation bpb: 2.9319
step 00926 (99.79%) | loss: 0.119996 | lrm: 0.00 | dt: 878.30ms | tok/sec: 149,233 | mfu: 36.57 | epoch: 1 | total time: 13.42m
step 00927 (99.89%) | loss: 0.122656 | lrm: 0.00 | dt: 879.41ms | tok/sec: 149,045 | mfu: 36.52 | epoch: 1 | total time: 13.44m
step 00928 (100.00%) | loss: 0.127014 | lrm: -0.00 | dt: 880.17ms | tok/sec: 148,917 | mfu: 36.49 | epoch: 2 | total time: 13.45m
Step 00928 | Validation bpb: 2.9319
Stage 'mid' saving checkpoint to: /local/s3774740/d12/cache/midtrain_checkpoints/d12v32768
2026-09-25 21:34:25,270 - nanochat.checkpoint_manager - [32m[1mINFO[0m - Saved model parameters to: /local/s3774740/d12/cache/midtrain_checkpoints/d12v32768/model_000928.pt
2026-09-25 21:34:25,270 - nanochat.checkpoint_manager - [32m[1mINFO[0m - Saved metadata to: /local/s3774740/d12/cache/midtrain_checkpoints/d12v32768/meta_000928.json
2026-09-25 21:34:26,043 - nanochat.checkpoint_manager - [32m[1mINFO[0m - Saved optimizer state to: /local/s3774740/d12/cache/midtrain_checkpoints/d12v32768/optim_000928_rank0.pt
Peak memory usage: 15895.82MiB
Total training time: 13.45m
Minimum validation bpb: 0.6116
END_UTC 2026-09-25T19:34:26.832094+00:00
EXIT_CODE 0
ELAPSED_SECONDS 868.953
