START_UTC 2026-09-25T15:59:05.048212+00:00
COMMAND /local/s3774740/d12/venv/bin/python -m scripts.base_train --device-type cuda --depth 12 --model-tag d12v32768 --window-pattern L --max-seq-len 2048 --device-batch-size 16 --target-param-data-ratio 12 --eval-every 150 --eval-tokens 131072 --log-every 5 --sample-every 50 --save-every 150 --core-metric-every -1

                                                       █████                █████
                                                      ░░███                ░░███
     ████████    ██████   ████████    ██████   ██████  ░███████    ██████  ███████
    ░░███░░███  ░░░░░███ ░░███░░███  ███░░███ ███░░███ ░███░░███  ░░░░░███░░░███░
     ░███ ░███   ███████  ░███ ░███ ░███ ░███░███ ░░░  ░███ ░███   ███████  ░███
     ░███ ░███  ███░░███  ░███ ░███ ░███ ░███░███  ███ ░███ ░███  ███░░███  ░███ ███
     ████ █████░░████████ ████ █████░░██████ ░░██████  ████ █████░░███████  ░░█████
    ░░░░ ░░░░░  ░░░░░░░░ ░░░░ ░░░░░  ░░░░░░   ░░░░░░  ░░░░ ░░░░░  ░░░░░░░░   ░░░░░
    
2026-09-25 17:59:08,114 - nanochat.common - [32m[1mINFO[0m - Distributed world size: 1
GPU: NVIDIA L40S | Peak FLOPS (BF16): 3.62e+14
COMPUTE_DTYPE: torch.bfloat16 (auto-detected: CUDA SM 89 (bf16 supported))
[jsonl_logger] writing structured logs to: /local/s3774740/d12/run/logs/d12v32768_20260925_175908.jsonl
✓ Using Flash Attention 3: efficient, new and awesome.
Vocab size: 32,768
Model config:
{
  "sequence_len": 2048,
  "vocab_size": 32768,
  "n_layer": 12,
  "n_head": 6,
  "n_kv_head": 6,
  "n_embd": 768,
  "window_pattern": "L"
}
Parameter counts:
wte                     : 25,165,824
value_embeds            : 150,994,944
lm_head                 : 25,165,824
transformer_matrices    : 84,935,088
scalars                 : 50
total                   : 286,261,730
Estimated FLOPs per token: 8.870980e+08
Auto-computed optimal batch size: 524,288 tokens
Scaling the LR for the AdamW parameters ∝1/√(768/768) = 1.000000
Calculated number of iterations from target data:param ratio: 2,520
Total number of training tokens: 1,321,205,760
Tokens : Scaling params ratio: 12.00
Total training FLOPs estimate: 1.172039e+18
Tokens / micro-batch / rank: 16 x 2048 = 32,768
Tokens / micro-batch: 32,768
Total batch size 524,288 => gradient accumulation steps: 16
Step 00000 | Validation bpb: 3.186207
step 00000/02520 (0.00%) | loss: 10.398129 | lrm: 0.03 | dt: 41564.52ms | tok/sec: 12,613 | bf16_mfu: 3.09 | epoch: 1 pq: 0 rg: 1 | total time: 0.00m
step 00001/02520 (0.04%) | loss: 10.385527 | lrm: 0.05 | dt: 3426.63ms | tok/sec: 153,004 | bf16_mfu: 37.49 | epoch: 1 pq: 0 rg: 2 | total time: 0.00m
step 00002/02520 (0.08%) | loss: 10.362842 | lrm: 0.07 | dt: 3430.49ms | tok/sec: 152,831 | bf16_mfu: 37.45 | epoch: 1 pq: 0 rg: 3 | total time: 0.00m
step 00003/02520 (0.12%) | loss: 10.328459 | lrm: 0.10 | dt: 3437.99ms | tok/sec: 152,498 | bf16_mfu: 37.37 | epoch: 1 pq: 0 rg: 4 | total time: 0.00m
step 00004/02520 (0.16%) | loss: 10.282056 | lrm: 0.12 | dt: 3440.14ms | tok/sec: 152,402 | bf16_mfu: 37.35 | epoch: 1 pq: 0 rg: 5 | total time: 0.00m
step 00005/02520 (0.20%) | loss: 10.201577 | lrm: 0.15 | dt: 3441.66ms | tok/sec: 152,335 | bf16_mfu: 37.33 | epoch: 1 pq: 0 rg: 6 | total time: 0.00m
step 00006/02520 (0.24%) | loss: 10.082267 | lrm: 0.17 | dt: 3440.68ms | tok/sec: 152,379 | bf16_mfu: 37.34 | epoch: 1 pq: 0 rg: 7 | total time: 0.00m
step 00007/02520 (0.28%) | loss: 9.879260 | lrm: 0.20 | dt: 3444.55ms | tok/sec: 152,207 | bf16_mfu: 37.30 | epoch: 1 pq: 0 rg: 8 | total time: 0.00m
step 00008/02520 (0.32%) | loss: 9.578929 | lrm: 0.23 | dt: 3451.68ms | tok/sec: 151,893 | bf16_mfu: 37.22 | epoch: 1 pq: 0 rg: 9 | total time: 0.00m
step 00009/02520 (0.36%) | loss: 9.357701 | lrm: 0.25 | dt: 3437.49ms | tok/sec: 152,520 | bf16_mfu: 37.38 | epoch: 1 pq: 0 rg: 11 | total time: 0.00m
step 00010/02520 (0.40%) | loss: 9.114064 | lrm: 0.28 | dt: 3448.50ms | tok/sec: 152,033 | bf16_mfu: 37.26 | epoch: 1 pq: 0 rg: 12 | total time: 0.00m
step 00011/02520 (0.44%) | loss: 8.862965 | lrm: 0.30 | dt: 3464.58ms | tok/sec: 151,328 | bf16_mfu: 37.08 | epoch: 1 pq: 0 rg: 13 | total time: 0.06m | eta: 144.9m
step 00012/02520 (0.48%) | loss: 8.635548 | lrm: 0.33 | dt: 3476.89ms | tok/sec: 150,792 | bf16_mfu: 36.95 | epoch: 1 pq: 0 rg: 14 | total time: 0.12m | eta: 145.1m
step 00013/02520 (0.52%) | loss: 8.412820 | lrm: 0.35 | dt: 3481.98ms | tok/sec: 150,571 | bf16_mfu: 36.90 | epoch: 1 pq: 0 rg: 15 | total time: 0.17m | eta: 145.2m
step 00014/02520 (0.56%) | loss: 8.222616 | lrm: 0.38 | dt: 3491.06ms | tok/sec: 150,179 | bf16_mfu: 36.80 | epoch: 1 pq: 0 rg: 16 | total time: 0.23m | eta: 145.3m
step 00015/02520 (0.60%) | loss: 8.032767 | lrm: 0.40 | dt: 3495.70ms | tok/sec: 149,980 | bf16_mfu: 36.75 | epoch: 1 pq: 0 rg: 17 | total time: 0.29m | eta: 145.4m
step 00016/02520 (0.63%) | loss: 7.846293 | lrm: 0.42 | dt: 3505.41ms | tok/sec: 149,565 | bf16_mfu: 36.65 | epoch: 1 pq: 0 rg: 18 | total time: 0.35m | eta: 145.5m
step 00017/02520 (0.67%) | loss: 7.689570 | lrm: 0.45 | dt: 3508.12ms | tok/sec: 149,449 | bf16_mfu: 36.62 | epoch: 1 pq: 0 rg: 19 | total time: 0.41m | eta: 145.6m
step 00018/02520 (0.71%) | loss: 7.532910 | lrm: 0.47 | dt: 3511.37ms | tok/sec: 149,311 | bf16_mfu: 36.59 | epoch: 1 pq: 0 rg: 20 | total time: 0.47m | eta: 145.6m
step 00019/02520 (0.75%) | loss: 7.400434 | lrm: 0.50 | dt: 3517.23ms | tok/sec: 149,062 | bf16_mfu: 36.53 | epoch: 1 pq: 0 rg: 21 | total time: 0.52m | eta: 145.7m
step 00020/02520 (0.79%) | loss: 7.267037 | lrm: 0.53 | dt: 3519.60ms | tok/sec: 148,962 | bf16_mfu: 36.50 | epoch: 1 pq: 0 rg: 22 | total time: 0.58m | eta: 145.7m
step 00021/02520 (0.83%) | loss: 7.143659 | lrm: 0.55 | dt: 3521.21ms | tok/sec: 148,894 | bf16_mfu: 36.49 | epoch: 1 pq: 0 rg: 23 | total time: 0.64m | eta: 145.7m
step 00022/02520 (0.87%) | loss: 7.028690 | lrm: 0.57 | dt: 3521.15ms | tok/sec: 148,896 | bf16_mfu: 36.49 | epoch: 1 pq: 0 rg: 24 | total time: 0.70m | eta: 145.8m
step 00023/02520 (0.91%) | loss: 6.924523 | lrm: 0.60 | dt: 3524.37ms | tok/sec: 148,760 | bf16_mfu: 36.45 | epoch: 1 pq: 0 rg: 25 | total time: 0.76m | eta: 145.8m
step 00024/02520 (0.95%) | loss: 6.827280 | lrm: 0.62 | dt: 3531.02ms | tok/sec: 148,480 | bf16_mfu: 36.39 | epoch: 1 pq: 0 rg: 27 | total time: 0.82m | eta: 145.8m
step 00025/02520 (0.99%) | loss: 6.751785 | lrm: 0.65 | dt: 3536.13ms | tok/sec: 148,265 | bf16_mfu: 36.33 | epoch: 1 pq: 0 rg: 28 | total time: 0.88m | eta: 145.8m
step 00026/02520 (1.03%) | loss: 6.668874 | lrm: 0.68 | dt: 3542.87ms | tok/sec: 147,984 | bf16_mfu: 36.26 | epoch: 1 pq: 0 rg: 29 | total time: 0.94m | eta: 145.9m
step 00027/02520 (1.07%) | loss: 6.574327 | lrm: 0.70 | dt: 3538.82ms | tok/sec: 148,153 | bf16_mfu: 36.31 | epoch: 1 pq: 0 rg: 30 | total time: 0.99m | eta: 145.9m
step 00028/02520 (1.11%) | loss: 6.503082 | lrm: 0.72 | dt: 3539.94ms | tok/sec: 148,106 | bf16_mfu: 36.29 | epoch: 1 pq: 0 rg: 31 | total time: 1.05m | eta: 145.9m
step 00029/02520 (1.15%) | loss: 6.433762 | lrm: 0.75 | dt: 3538.02ms | tok/sec: 148,186 | bf16_mfu: 36.31 | epoch: 1 pq: 0 rg: 32 | total time: 1.11m | eta: 145.9m
step 00030/02520 (1.19%) | loss: 6.372234 | lrm: 0.78 | dt: 3539.02ms | tok/sec: 148,145 | bf16_mfu: 36.30 | epoch: 1 pq: 0 rg: 33 | total time: 1.17m | eta: 145.9m
step 00031/02520 (1.23%) | loss: 6.325960 | lrm: 0.80 | dt: 3538.87ms | tok/sec: 148,151 | bf16_mfu: 36.31 | epoch: 1 pq: 0 rg: 34 | total time: 1.23m | eta: 145.9m
step 00032/02520 (1.27%) | loss: 6.279405 | lrm: 0.82 | dt: 3538.86ms | tok/sec: 148,151 | bf16_mfu: 36.31 | epoch: 1 pq: 0 rg: 35 | total time: 1.29m | eta: 145.9m
step 00033/02520 (1.31%) | loss: 6.242248 | lrm: 0.85 | dt: 3539.44ms | tok/sec: 148,127 | bf16_mfu: 36.30 | epoch: 1 pq: 0 rg: 36 | total time: 1.35m | eta: 145.8m
step 00034/02520 (1.35%) | loss: 6.202290 | lrm: 0.88 | dt: 3533.77ms | tok/sec: 148,365 | bf16_mfu: 36.36 | epoch: 1 pq: 0 rg: 37 | total time: 1.41m | eta: 145.8m
step 00035/02520 (1.39%) | loss: 6.152166 | lrm: 0.90 | dt: 3527.75ms | tok/sec: 148,618 | bf16_mfu: 36.42 | epoch: 1 pq: 0 rg: 38 | total time: 1.47m | eta: 145.8m
step 00036/02520 (1.43%) | loss: 6.117267 | lrm: 0.93 | dt: 3525.98ms | tok/sec: 148,692 | bf16_mfu: 36.44 | epoch: 1 pq: 0 rg: 39 | total time: 1.53m | eta: 145.7m
step 00037/02520 (1.47%) | loss: 6.079466 | lrm: 0.95 | dt: 3530.05ms | tok/sec: 148,521 | bf16_mfu: 36.40 | epoch: 1 pq: 0 rg: 40 | total time: 1.58m | eta: 145.7m
step 00038/02520 (1.51%) | loss: 6.058159 | lrm: 0.97 | dt: 3532.92ms | tok/sec: 148,400 | bf16_mfu: 36.37 | epoch: 1 pq: 0 rg: 41 | total time: 1.64m | eta: 145.6m
step 00039/02520 (1.55%) | loss: 6.029165 | lrm: 1.00 | dt: 3538.62ms | tok/sec: 148,161 | bf16_mfu: 36.31 | epoch: 1 pq: 0 rg: 42 | total time: 1.70m | eta: 145.6m
step 00040/02520 (1.59%) | loss: 5.999988 | lrm: 1.00 | dt: 3539.36ms | tok/sec: 148,130 | bf16_mfu: 36.30 | epoch: 1 pq: 0 rg: 43 | total time: 1.76m | eta: 145.6m
step 00041/02520 (1.63%) | loss: 5.973892 | lrm: 1.00 | dt: 3538.39ms | tok/sec: 148,171 | bf16_mfu: 36.31 | epoch: 1 pq: 0 rg: 44 | total time: 1.82m | eta: 145.5m
step 00042/02520 (1.67%) | loss: 5.944608 | lrm: 1.00 | dt: 3538.76ms | tok/sec: 148,155 | bf16_mfu: 36.31 | epoch: 1 pq: 0 rg: 44 | total time: 1.88m | eta: 145.5m
step 00043/02520 (1.71%) | loss: 5.917035 | lrm: 1.00 | dt: 3538.91ms | tok/sec: 148,149 | bf16_mfu: 36.30 | epoch: 1 pq: 0 rg: 45 | total time: 1.94m | eta: 145.5m
step 00044/02520 (1.75%) | loss: 5.875375 | lrm: 1.00 | dt: 3540.05ms | tok/sec: 148,101 | bf16_mfu: 36.29 | epoch: 1 pq: 0 rg: 46 | total time: 2.00m | eta: 145.4m
step 00045/02520 (1.79%) | loss: 5.848094 | lrm: 1.00 | dt: 3538.85ms | tok/sec: 148,152 | bf16_mfu: 36.31 | epoch: 1 pq: 0 rg: 47 | total time: 2.06m | eta: 145.4m
step 00046/02520 (1.83%) | loss: 5.816696 | lrm: 1.00 | dt: 3539.41ms | tok/sec: 148,128 | bf16_mfu: 36.30 | epoch: 1 pq: 0 rg: 48 | total time: 2.11m | eta: 145.3m
step 00047/02520 (1.87%) | loss: 5.794764 | lrm: 1.00 | dt: 3537.22ms | tok/sec: 148,220 | bf16_mfu: 36.32 | epoch: 1 pq: 0 rg: 49 | total time: 2.17m | eta: 145.3m
step 00048/02520 (1.90%) | loss: 5.777304 | lrm: 1.00 | dt: 3540.50ms | tok/sec: 148,082 | bf16_mfu: 36.29 | epoch: 1 pq: 0 rg: 50 | total time: 2.23m | eta: 145.2m
step 00049/02520 (1.94%) | loss: 5.762657 | lrm: 1.00 | dt: 3539.24ms | tok/sec: 148,135 | bf16_mfu: 36.30 | epoch: 1 pq: 0 rg: 51 | total time: 2.29m | eta: 145.2m
<|bos|>The capital of France is a great way to the United States, and the United States, and the United
<|bos|>The chemical symbol of gold is a very popular in the world of the world of the world of the world of
<|bos|>If yesterday was Friday, then tomorrow will be able to make a great way to the first time, the most common in the
<|bos|>The opposite of hot is the most common in the most common in the most common in the most common in
<|bos|>The planets of the solar system are: The system is the most common in the system is the most common in the system
<|bos|>My favorite color is a great way to the text? The text? The text? The text?
<|bos|>If 5*x + 3 = 13, then x is 2. 2. 2. 2. 2.2
step 00050/02520 (1.98%) | loss: 5.733215 | lrm: 1.00 | dt: 3545.55ms | tok/sec: 147,871 | bf16_mfu: 36.24 | epoch: 1 pq: 0 rg: 52 | total time: 2.35m | eta: 145.2m
step 00051/02520 (2.02%) | loss: 5.713345 | lrm: 1.00 | dt: 3538.84ms | tok/sec: 148,152 | bf16_mfu: 36.31 | epoch: 1 pq: 0 rg: 53 | total time: 2.41m | eta: 145.1m
step 00052/02520 (2.06%) | loss: 5.684057 | lrm: 1.00 | dt: 3538.75ms | tok/sec: 148,156 | bf16_mfu: 36.31 | epoch: 1 pq: 0 rg: 54 | total time: 2.47m | eta: 145.1m
step 00053/02520 (2.10%) | loss: 5.656682 | lrm: 1.00 | dt: 3538.90ms | tok/sec: 148,150 | bf16_mfu: 36.30 | epoch: 1 pq: 0 rg: 55 | total time: 2.53m | eta: 145.0m
step 00054/02520 (2.14%) | loss: 5.637496 | lrm: 1.00 | dt: 3539.05ms | tok/sec: 148,143 | bf16_mfu: 36.30 | epoch: 1 pq: 0 rg: 56 | total time: 2.59m | eta: 145.0m
step 00055/02520 (2.18%) | loss: 5.620014 | lrm: 1.00 | dt: 3538.90ms | tok/sec: 148,150 | bf16_mfu: 36.30 | epoch: 1 pq: 0 rg: 57 | total time: 2.65m | eta: 144.9m
step 00056/02520 (2.22%) | loss: 5.609265 | lrm: 1.00 | dt: 3538.37ms | tok/sec: 148,172 | bf16_mfu: 36.31 | epoch: 1 pq: 0 rg: 58 | total time: 2.70m | eta: 144.9m
step 00057/02520 (2.26%) | loss: 5.588342 | lrm: 1.00 | dt: 3539.67ms | tok/sec: 148,117 | bf16_mfu: 36.30 | epoch: 1 pq: 0 rg: 59 | total time: 2.76m | eta: 144.8m
step 00058/02520 (2.30%) | loss: 5.571495 | lrm: 1.00 | dt: 3539.36ms | tok/sec: 148,130 | bf16_mfu: 36.30 | epoch: 1 pq: 0 rg: 60 | total time: 2.82m | eta: 144.8m
step 00059/02520 (2.34%) | loss: 5.561621 | lrm: 1.00 | dt: 3538.54ms | tok/sec: 148,164 | bf16_mfu: 36.31 | epoch: 1 pq: 0 rg: 61 | total time: 2.88m | eta: 144.7m
step 00060/02520 (2.38%) | loss: 5.520712 | lrm: 1.00 | dt: 3539.57ms | tok/sec: 148,121 | bf16_mfu: 36.30 | epoch: 1 pq: 0 rg: 62 | total time: 2.94m | eta: 144.7m
step 00061/02520 (2.42%) | loss: 5.490249 | lrm: 1.00 | dt: 3538.64ms | tok/sec: 148,160 | bf16_mfu: 36.31 | epoch: 1 pq: 0 rg: 63 | total time: 3.00m | eta: 144.6m
step 00062/02520 (2.46%) | loss: 5.474452 | lrm: 1.00 | dt: 3539.12ms | tok/sec: 148,140 | bf16_mfu: 36.30 | epoch: 1 pq: 0 rg: 64 | total time: 3.06m | eta: 144.6m
step 00063/02520 (2.50%) | loss: 5.446848 | lrm: 1.00 | dt: 3538.65ms | tok/sec: 148,160 | bf16_mfu: 36.31 | epoch: 1 pq: 0 rg: 65 | total time: 3.12m | eta: 144.5m
step 00064/02520 (2.54%) | loss: 5.422645 | lrm: 1.00 | dt: 3540.40ms | tok/sec: 148,087 | bf16_mfu: 36.29 | epoch: 1 pq: 0 rg: 66 | total time: 3.18m | eta: 144.5m
step 00065/02520 (2.58%) | loss: 5.390490 | lrm: 1.00 | dt: 3537.61ms | tok/sec: 148,203 | bf16_mfu: 36.32 | epoch: 1 pq: 0 rg: 67 | total time: 3.24m | eta: 144.4m
step 00066/02520 (2.62%) | loss: 5.378499 | lrm: 1.00 | dt: 3540.24ms | tok/sec: 148,094 | bf16_mfu: 36.29 | epoch: 1 pq: 0 rg: 68 | total time: 3.29m | eta: 144.4m
step 00067/02520 (2.66%) | loss: 5.361460 | lrm: 1.00 | dt: 3551.48ms | tok/sec: 147,625 | bf16_mfu: 36.18 | epoch: 1 pq: 0 rg: 69 | total time: 3.35m | eta: 144.3m
step 00068/02520 (2.70%) | loss: 5.330264 | lrm: 1.00 | dt: 3545.60ms | tok/sec: 147,870 | bf16_mfu: 36.24 | epoch: 1 pq: 0 rg: 70 | total time: 3.41m | eta: 144.3m
step 00069/02520 (2.74%) | loss: 5.316160 | lrm: 1.00 | dt: 3558.82ms | tok/sec: 147,320 | bf16_mfu: 36.10 | epoch: 1 pq: 0 rg: 71 | total time: 3.47m | eta: 144.2m
step 00070/02520 (2.78%) | loss: 5.288858 | lrm: 1.00 | dt: 3557.73ms | tok/sec: 147,365 | bf16_mfu: 36.11 | epoch: 1 pq: 0 rg: 72 | total time: 3.53m | eta: 144.2m
step 00071/02520 (2.82%) | loss: 5.271743 | lrm: 1.00 | dt: 3558.86ms | tok/sec: 147,318 | bf16_mfu: 36.10 | epoch: 1 pq: 0 rg: 72 | total time: 3.59m | eta: 144.2m
step 00072/02520 (2.86%) | loss: 5.259140 | lrm: 1.00 | dt: 3558.14ms | tok/sec: 147,348 | bf16_mfu: 36.11 | epoch: 1 pq: 0 rg: 73 | total time: 3.65m | eta: 144.1m
step 00073/02520 (2.90%) | loss: 5.240530 | lrm: 1.00 | dt: 3542.47ms | tok/sec: 148,000 | bf16_mfu: 36.27 | epoch: 1 pq: 0 rg: 74 | total time: 3.71m | eta: 144.1m
step 00074/02520 (2.94%) | loss: 5.219520 | lrm: 1.00 | dt: 3558.54ms | tok/sec: 147,332 | bf16_mfu: 36.10 | epoch: 1 pq: 0 rg: 75 | total time: 3.77m | eta: 144.0m
step 00075/02520 (2.98%) | loss: 5.197073 | lrm: 1.00 | dt: 3557.11ms | tok/sec: 147,391 | bf16_mfu: 36.12 | epoch: 1 pq: 0 rg: 76 | total time: 3.83m | eta: 144.0m
step 00076/02520 (3.02%) | loss: 5.188159 | lrm: 1.00 | dt: 3558.25ms | tok/sec: 147,344 | bf16_mfu: 36.11 | epoch: 1 pq: 0 rg: 77 | total time: 3.89m | eta: 143.9m
step 00077/02520 (3.06%) | loss: 5.178992 | lrm: 1.00 | dt: 3558.09ms | tok/sec: 147,350 | bf16_mfu: 36.11 | epoch: 1 pq: 0 rg: 78 | total time: 3.95m | eta: 143.9m
step 00078/02520 (3.10%) | loss: 5.157320 | lrm: 1.00 | dt: 3556.95ms | tok/sec: 147,397 | bf16_mfu: 36.12 | epoch: 1 pq: 0 rg: 79 | total time: 4.01m | eta: 143.8m
step 00079/02520 (3.13%) | loss: 5.139390 | lrm: 1.00 | dt: 3559.13ms | tok/sec: 147,307 | bf16_mfu: 36.10 | epoch: 1 pq: 0 rg: 80 | total time: 4.06m | eta: 143.8m
step 00080/02520 (3.17%) | loss: 5.104897 | lrm: 1.00 | dt: 3558.91ms | tok/sec: 147,316 | bf16_mfu: 36.10 | epoch: 1 pq: 0 rg: 81 | total time: 4.12m | eta: 143.8m
step 00081/02520 (3.21%) | loss: 5.106977 | lrm: 1.00 | dt: 3555.67ms | tok/sec: 147,451 | bf16_mfu: 36.13 | epoch: 1 pq: 0 rg: 82 | total time: 4.18m | eta: 143.7m
step 00082/02520 (3.25%) | loss: 5.083824 | lrm: 1.00 | dt: 3546.11ms | tok/sec: 147,848 | bf16_mfu: 36.23 | epoch: 1 pq: 0 rg: 83 | total time: 4.24m | eta: 143.7m
step 00083/02520 (3.29%) | loss: 5.066373 | lrm: 1.00 | dt: 3557.93ms | tok/sec: 147,357 | bf16_mfu: 36.11 | epoch: 1 pq: 1 rg: 0 | total time: 4.30m | eta: 143.6m
step 00084/02520 (3.33%) | loss: 5.050233 | lrm: 1.00 | dt: 3557.38ms | tok/sec: 147,380 | bf16_mfu: 36.12 | epoch: 1 pq: 1 rg: 1 | total time: 4.36m | eta: 143.6m
step 00085/02520 (3.37%) | loss: 5.023502 | lrm: 1.00 | dt: 3558.83ms | tok/sec: 147,320 | bf16_mfu: 36.10 | epoch: 1 pq: 1 rg: 2 | total time: 4.42m | eta: 143.5m
step 00086/02520 (3.41%) | loss: 5.002568 | lrm: 1.00 | dt: 3557.90ms | tok/sec: 147,358 | bf16_mfu: 36.11 | epoch: 1 pq: 1 rg: 3 | total time: 4.48m | eta: 143.5m
step 00087/02520 (3.45%) | loss: 4.994074 | lrm: 1.00 | dt: 3559.83ms | tok/sec: 147,279 | bf16_mfu: 36.09 | epoch: 1 pq: 1 rg: 4 | total time: 4.54m | eta: 143.4m
step 00088/02520 (3.49%) | loss: 4.972622 | lrm: 1.00 | dt: 3558.40ms | tok/sec: 147,338 | bf16_mfu: 36.11 | epoch: 1 pq: 1 rg: 5 | total time: 4.60m | eta: 143.4m
step 00089/02520 (3.53%) | loss: 4.962409 | lrm: 1.00 | dt: 3560.20ms | tok/sec: 147,263 | bf16_mfu: 36.09 | epoch: 1 pq: 1 rg: 6 | total time: 4.66m | eta: 143.3m
step 00090/02520 (3.57%) | loss: 4.954152 | lrm: 1.00 | dt: 3559.62ms | tok/sec: 147,287 | bf16_mfu: 36.09 | epoch: 1 pq: 1 rg: 7 | total time: 4.72m | eta: 143.3m
step 00091/02520 (3.61%) | loss: 4.948841 | lrm: 1.00 | dt: 3558.58ms | tok/sec: 147,330 | bf16_mfu: 36.10 | epoch: 1 pq: 1 rg: 8 | total time: 4.78m | eta: 143.2m
step 00092/02520 (3.65%) | loss: 4.933135 | lrm: 1.00 | dt: 3559.51ms | tok/sec: 147,292 | bf16_mfu: 36.09 | epoch: 1 pq: 1 rg: 9 | total time: 4.84m | eta: 143.2m
step 00093/02520 (3.69%) | loss: 4.926246 | lrm: 1.00 | dt: 3556.85ms | tok/sec: 147,402 | bf16_mfu: 36.12 | epoch: 1 pq: 1 rg: 10 | total time: 4.89m | eta: 143.1m
step 00094/02520 (3.73%) | loss: 4.924857 | lrm: 1.00 | dt: 3557.55ms | tok/sec: 147,373 | bf16_mfu: 36.11 | epoch: 1 pq: 1 rg: 11 | total time: 4.95m | eta: 143.1m
step 00095/02520 (3.77%) | loss: 4.904827 | lrm: 1.00 | dt: 3560.30ms | tok/sec: 147,259 | bf16_mfu: 36.09 | epoch: 1 pq: 1 rg: 12 | total time: 5.01m | eta: 143.0m
step 00096/02520 (3.81%) | loss: 4.892157 | lrm: 1.00 | dt: 3557.55ms | tok/sec: 147,373 | bf16_mfu: 36.11 | epoch: 1 pq: 1 rg: 13 | total time: 5.07m | eta: 143.0m
step 00097/02520 (3.85%) | loss: 4.865649 | lrm: 1.00 | dt: 3558.44ms | tok/sec: 147,336 | bf16_mfu: 36.11 | epoch: 1 pq: 1 rg: 14 | total time: 5.13m | eta: 142.9m
step 00098/02520 (3.89%) | loss: 4.855986 | lrm: 1.00 | dt: 3561.99ms | tok/sec: 147,189 | bf16_mfu: 36.07 | epoch: 1 pq: 1 rg: 15 | total time: 5.19m | eta: 142.9m
step 00099/02520 (3.93%) | loss: 4.844887 | lrm: 1.00 | dt: 3557.13ms | tok/sec: 147,390 | bf16_mfu: 36.12 | epoch: 1 pq: 1 rg: 16 | total time: 5.25m | eta: 142.8m
<|bos|>The capital of France is the country of the country of the country of the country. The country is the
<|bos|>The chemical symbol of gold is a chemical substance that is a substance that is a substance that is a substance that
<|bos|>If yesterday was Friday, then tomorrow will be the first day, the first day, the day, and the day day,
<|bos|>The opposite of hot is the opposite of the cold water. The cold water is cold water. The cold
<|bos|>The planets of the solar system are: the solar system of the solar system, the solar system, and the solar system
<|bos|>My favorite color is a great way to get a lot of people in the world. I have a
<|bos|>If 5*x + 3 = 13, then x is 10 x 10 x 10 x 10 x 10 x 
step 00100/02520 (3.97%) | loss: 4.819042 | lrm: 1.00 | dt: 3544.78ms | tok/sec: 147,904 | bf16_mfu: 36.24 | epoch: 1 pq: 1 rg: 17 | total time: 5.31m | eta: 142.8m
step 00101/02520 (4.01%) | loss: 4.808153 | lrm: 1.00 | dt: 3560.13ms | tok/sec: 147,266 | bf16_mfu: 36.09 | epoch: 1 pq: 1 rg: 18 | total time: 5.37m | eta: 142.7m
step 00102/02520 (4.05%) | loss: 4.795064 | lrm: 1.00 | dt: 3558.23ms | tok/sec: 147,345 | bf16_mfu: 36.11 | epoch: 1 pq: 1 rg: 19 | total time: 5.43m | eta: 142.7m
step 00103/02520 (4.09%) | loss: 4.785664 | lrm: 1.00 | dt: 3558.72ms | tok/sec: 147,324 | bf16_mfu: 36.10 | epoch: 1 pq: 1 rg: 20 | total time: 5.49m | eta: 142.6m
step 00104/02520 (4.13%) | loss: 4.773588 | lrm: 1.00 | dt: 3560.79ms | tok/sec: 147,239 | bf16_mfu: 36.08 | epoch: 1 pq: 1 rg: 21 | total time: 5.55m | eta: 142.6m
step 00105/02520 (4.17%) | loss: 4.770076 | lrm: 1.00 | dt: 3559.44ms | tok/sec: 147,295 | bf16_mfu: 36.10 | epoch: 1 pq: 1 rg: 22 | total time: 5.61m | eta: 142.5m
step 00106/02520 (4.21%) | loss: 4.748414 | lrm: 1.00 | dt: 3554.45ms | tok/sec: 147,502 | bf16_mfu: 36.15 | epoch: 1 pq: 1 rg: 23 | total time: 5.67m | eta: 142.5m
step 00107/02520 (4.25%) | loss: 4.733627 | lrm: 1.00 | dt: 3558.57ms | tok/sec: 147,331 | bf16_mfu: 36.10 | epoch: 1 pq: 1 rg: 24 | total time: 5.73m | eta: 142.4m
step 00108/02520 (4.29%) | loss: 4.730098 | lrm: 1.00 | dt: 3559.23ms | tok/sec: 147,303 | bf16_mfu: 36.10 | epoch: 1 pq: 1 rg: 24 | total time: 5.78m | eta: 142.4m
step 00109/02520 (4.33%) | loss: 4.723748 | lrm: 1.00 | dt: 3560.89ms | tok/sec: 147,235 | bf16_mfu: 36.08 | epoch: 1 pq: 1 rg: 25 | total time: 5.84m | eta: 142.3m
step 00110/02520 (4.37%) | loss: 4.703620 | lrm: 1.00 | dt: 3554.28ms | tok/sec: 147,508 | bf16_mfu: 36.15 | epoch: 1 pq: 1 rg: 26 | total time: 5.90m | eta: 142.3m
step 00111/02520 (4.40%) | loss: 4.689205 | lrm: 1.00 | dt: 3561.04ms | tok/sec: 147,228 | bf16_mfu: 36.08 | epoch: 1 pq: 1 rg: 27 | total time: 5.96m | eta: 142.2m
step 00112/02520 (4.44%) | loss: 4.687156 | lrm: 1.00 | dt: 3560.38ms | tok/sec: 147,256 | bf16_mfu: 36.09 | epoch: 1 pq: 1 rg: 28 | total time: 6.02m | eta: 142.2m
step 00113/02520 (4.48%) | loss: 4.676359 | lrm: 1.00 | dt: 3557.29ms | tok/sec: 147,384 | bf16_mfu: 36.12 | epoch: 1 pq: 1 rg: 29 | total time: 6.08m | eta: 142.1m
step 00114/02520 (4.52%) | loss: 4.654954 | lrm: 1.00 | dt: 3562.31ms | tok/sec: 147,176 | bf16_mfu: 36.07 | epoch: 1 pq: 1 rg: 30 | total time: 6.14m | eta: 142.1m
step 00115/02520 (4.56%) | loss: 4.639936 | lrm: 1.00 | dt: 3561.58ms | tok/sec: 147,206 | bf16_mfu: 36.07 | epoch: 1 pq: 1 rg: 31 | total time: 6.20m | eta: 142.0m
step 00116/02520 (4.60%) | loss: 4.632201 | lrm: 1.00 | dt: 3553.91ms | tok/sec: 147,524 | bf16_mfu: 36.15 | epoch: 1 pq: 1 rg: 32 | total time: 6.26m | eta: 141.9m
step 00117/02520 (4.64%) | loss: 4.623228 | lrm: 1.00 | dt: 3559.17ms | tok/sec: 147,306 | bf16_mfu: 36.10 | epoch: 1 pq: 1 rg: 33 | total time: 6.32m | eta: 141.9m
step 00118/02520 (4.68%) | loss: 4.607630 | lrm: 1.00 | dt: 3564.32ms | tok/sec: 147,093 | bf16_mfu: 36.05 | epoch: 1 pq: 1 rg: 34 | total time: 6.38m | eta: 141.8m
step 00119/02520 (4.72%) | loss: 4.603545 | lrm: 1.00 | dt: 3555.36ms | tok/sec: 147,463 | bf16_mfu: 36.14 | epoch: 1 pq: 1 rg: 35 | total time: 6.44m | eta: 141.8m
step 00120/02520 (4.76%) | loss: 4.578853 | lrm: 1.00 | dt: 3554.54ms | tok/sec: 147,498 | bf16_mfu: 36.15 | epoch: 1 pq: 1 rg: 36 | total time: 6.50m | eta: 141.7m
step 00121/02520 (4.80%) | loss: 4.552923 | lrm: 1.00 | dt: 3558.42ms | tok/sec: 147,337 | bf16_mfu: 36.11 | epoch: 1 pq: 1 rg: 37 | total time: 6.56m | eta: 141.7m
step 00122/02520 (4.84%) | loss: 4.538944 | lrm: 1.00 | dt: 3563.11ms | tok/sec: 147,143 | bf16_mfu: 36.06 | epoch: 1 pq: 1 rg: 38 | total time: 6.61m | eta: 141.6m
step 00123/02520 (4.88%) | loss: 4.522551 | lrm: 1.00 | dt: 3557.84ms | tok/sec: 147,361 | bf16_mfu: 36.11 | epoch: 1 pq: 1 rg: 39 | total time: 6.67m | eta: 141.6m
step 00124/02520 (4.92%) | loss: 4.503329 | lrm: 1.00 | dt: 3567.67ms | tok/sec: 146,955 | bf16_mfu: 36.01 | epoch: 1 pq: 1 rg: 40 | total time: 6.73m | eta: 141.5m
step 00125/02520 (4.96%) | loss: 4.483224 | lrm: 1.00 | dt: 3565.65ms | tok/sec: 147,038 | bf16_mfu: 36.03 | epoch: 1 pq: 1 rg: 41 | total time: 6.79m | eta: 141.5m
step 00126/02520 (5.00%) | loss: 4.457592 | lrm: 1.00 | dt: 3558.86ms | tok/sec: 147,318 | bf16_mfu: 36.10 | epoch: 1 pq: 1 rg: 42 | total time: 6.85m | eta: 141.4m
step 00127/02520 (5.04%) | loss: 4.438869 | lrm: 1.00 | dt: 3559.37ms | tok/sec: 147,297 | bf16_mfu: 36.10 | epoch: 1 pq: 1 rg: 43 | total time: 6.91m | eta: 141.4m
step 00128/02520 (5.08%) | loss: 4.435927 | lrm: 1.00 | dt: 3559.17ms | tok/sec: 147,306 | bf16_mfu: 36.10 | epoch: 1 pq: 1 rg: 44 | total time: 6.97m | eta: 141.3m
step 00129/02520 (5.12%) | loss: 4.427227 | lrm: 1.00 | dt: 3562.34ms | tok/sec: 147,175 | bf16_mfu: 36.07 | epoch: 1 pq: 1 rg: 45 | total time: 7.03m | eta: 141.3m
step 00130/02520 (5.16%) | loss: 4.415566 | lrm: 1.00 | dt: 3556.94ms | tok/sec: 147,398 | bf16_mfu: 36.12 | epoch: 1 pq: 1 rg: 46 | total time: 7.09m | eta: 141.2m
step 00131/02520 (5.20%) | loss: 4.410149 | lrm: 1.00 | dt: 3556.65ms | tok/sec: 147,410 | bf16_mfu: 36.12 | epoch: 1 pq: 1 rg: 47 | total time: 7.15m | eta: 141.1m
step 00132/02520 (5.24%) | loss: 4.409808 | lrm: 1.00 | dt: 3563.68ms | tok/sec: 147,119 | bf16_mfu: 36.05 | epoch: 1 pq: 1 rg: 48 | total time: 7.21m | eta: 141.1m
step 00133/02520 (5.28%) | loss: 4.396078 | lrm: 1.00 | dt: 3553.40ms | tok/sec: 147,545 | bf16_mfu: 36.16 | epoch: 1 pq: 1 rg: 49 | total time: 7.27m | eta: 141.0m
step 00134/02520 (5.32%) | loss: 4.392968 | lrm: 1.00 | dt: 3561.05ms | tok/sec: 147,228 | bf16_mfu: 36.08 | epoch: 1 pq: 1 rg: 50 | total time: 7.33m | eta: 141.0m
step 00135/02520 (5.36%) | loss: 4.389256 | lrm: 1.00 | dt: 3555.86ms | tok/sec: 147,443 | bf16_mfu: 36.13 | epoch: 1 pq: 1 rg: 51 | total time: 7.39m | eta: 140.9m
step 00136/02520 (5.40%) | loss: 4.377448 | lrm: 1.00 | dt: 3559.10ms | tok/sec: 147,309 | bf16_mfu: 36.10 | epoch: 1 pq: 1 rg: 52 | total time: 7.45m | eta: 140.9m
step 00137/02520 (5.44%) | loss: 4.357925 | lrm: 1.00 | dt: 3558.88ms | tok/sec: 147,318 | bf16_mfu: 36.10 | epoch: 1 pq: 1 rg: 53 | total time: 7.50m | eta: 140.8m
step 00138/02520 (5.48%) | loss: 4.358416 | lrm: 1.00 | dt: 3557.74ms | tok/sec: 147,365 | bf16_mfu: 36.11 | epoch: 1 pq: 1 rg: 54 | total time: 7.56m | eta: 140.8m
step 00139/02520 (5.52%) | loss: 4.341343 | lrm: 1.00 | dt: 3558.59ms | tok/sec: 147,330 | bf16_mfu: 36.10 | epoch: 1 pq: 1 rg: 55 | total time: 7.62m | eta: 140.7m
step 00140/02520 (5.56%) | loss: 4.319703 | lrm: 1.00 | dt: 3560.00ms | tok/sec: 147,271 | bf16_mfu: 36.09 | epoch: 1 pq: 1 rg: 55 | total time: 7.68m | eta: 140.7m
step 00141/02520 (5.60%) | loss: 4.315170 | lrm: 1.00 | dt: 3562.06ms | tok/sec: 147,186 | bf16_mfu: 36.07 | epoch: 1 pq: 1 rg: 56 | total time: 7.74m | eta: 140.6m
step 00142/02520 (5.63%) | loss: 4.308175 | lrm: 1.00 | dt: 3553.26ms | tok/sec: 147,551 | bf16_mfu: 36.16 | epoch: 1 pq: 1 rg: 57 | total time: 7.80m | eta: 140.5m
step 00143/02520 (5.67%) | loss: 4.291167 | lrm: 1.00 | dt: 3560.69ms | tok/sec: 147,243 | bf16_mfu: 36.08 | epoch: 1 pq: 1 rg: 58 | total time: 7.86m | eta: 140.5m
step 00144/02520 (5.71%) | loss: 4.286850 | lrm: 1.00 | dt: 3556.85ms | tok/sec: 147,402 | bf16_mfu: 36.12 | epoch: 1 pq: 1 rg: 59 | total time: 7.92m | eta: 140.4m
step 00145/02520 (5.75%) | loss: 4.275879 | lrm: 1.00 | dt: 3560.08ms | tok/sec: 147,268 | bf16_mfu: 36.09 | epoch: 1 pq: 1 rg: 60 | total time: 7.98m | eta: 140.4m
step 00146/02520 (5.79%) | loss: 4.265100 | lrm: 1.00 | dt: 3559.54ms | tok/sec: 147,290 | bf16_mfu: 36.09 | epoch: 1 pq: 1 rg: 61 | total time: 8.04m | eta: 140.3m
step 00147/02520 (5.83%) | loss: 4.279000 | lrm: 1.00 | dt: 3558.98ms | tok/sec: 147,314 | bf16_mfu: 36.10 | epoch: 1 pq: 1 rg: 62 | total time: 8.10m | eta: 140.3m
step 00148/02520 (5.87%) | loss: 4.267328 | lrm: 1.00 | dt: 3559.10ms | tok/sec: 147,309 | bf16_mfu: 36.10 | epoch: 1 pq: 1 rg: 63 | total time: 8.16m | eta: 140.2m
step 00149/02520 (5.91%) | loss: 4.254750 | lrm: 1.00 | dt: 3558.87ms | tok/sec: 147,318 | bf16_mfu: 36.10 | epoch: 1 pq: 1 rg: 64 | total time: 8.22m | eta: 140.2m
Step 00150 | Validation bpb: 1.272975
<|bos|>The capital of France is a large-scale capital of France. The capital of France is a large-scale capital
<|bos|>The chemical symbol of gold is a symbol of purity and purity. The symbol of gold is a symbol of purity
<|bos|>If yesterday was Friday, then tomorrow will be the next day. The day will be the day of the day, and will
<|bos|>The opposite of hot is the same as the other cold, but the cold is the same as the cold
<|bos|>The planets of the solar system are: the solar system of the solar system, the solar system, the system, the
<|bos|>My favorite color is the color of the color of the color of the color of the color of the
<|bos|>If 5*x + 3 = 13, then x is the best way to get the best results. If you are looking to get the
2026-09-25 18:08:51,988 - nanochat.checkpoint_manager - [32m[1mINFO[0m - Saved model parameters to: /local/s3774740/d12/cache/base_checkpoints/d12v32768/model_000150.pt
2026-09-25 18:08:51,988 - nanochat.checkpoint_manager - [32m[1mINFO[0m - Saved metadata to: /local/s3774740/d12/cache/base_checkpoints/d12v32768/meta_000150.json
2026-09-25 18:08:52,759 - nanochat.checkpoint_manager - [32m[1mINFO[0m - Saved optimizer state to: /local/s3774740/d12/cache/base_checkpoints/d12v32768/optim_000150_rank0.pt
step 00150/02520 (5.95%) | loss: 4.239251 | lrm: 1.00 | dt: 3551.33ms | tok/sec: 147,631 | bf16_mfu: 36.18 | epoch: 1 pq: 1 rg: 65 | total time: 8.28m | eta: 140.1m
step 00151/02520 (5.99%) | loss: 4.207891 | lrm: 1.00 | dt: 3553.57ms | tok/sec: 147,538 | bf16_mfu: 36.16 | epoch: 1 pq: 1 rg: 66 | total time: 8.33m | eta: 140.0m
step 00152/02520 (6.03%) | loss: 4.186378 | lrm: 1.00 | dt: 3545.27ms | tok/sec: 147,883 | bf16_mfu: 36.24 | epoch: 1 pq: 1 rg: 67 | total time: 8.39m | eta: 140.0m
step 00153/02520 (6.07%) | loss: 4.185757 | lrm: 1.00 | dt: 3558.43ms | tok/sec: 147,336 | bf16_mfu: 36.11 | epoch: 1 pq: 1 rg: 68 | total time: 8.45m | eta: 139.9m
step 00154/02520 (6.11%) | loss: 4.185561 | lrm: 1.00 | dt: 3559.35ms | tok/sec: 147,298 | bf16_mfu: 36.10 | epoch: 1 pq: 1 rg: 69 | total time: 8.51m | eta: 139.9m
step 00155/02520 (6.15%) | loss: 4.164311 | lrm: 1.00 | dt: 3559.75ms | tok/sec: 147,282 | bf16_mfu: 36.09 | epoch: 1 pq: 1 rg: 70 | total time: 8.57m | eta: 139.8m
step 00156/02520 (6.19%) | loss: 4.141587 | lrm: 1.00 | dt: 3557.61ms | tok/sec: 147,370 | bf16_mfu: 36.11 | epoch: 1 pq: 1 rg: 71 | total time: 8.63m | eta: 139.8m
step 00157/02520 (6.23%) | loss: 4.118739 | lrm: 1.00 | dt: 3558.63ms | tok/sec: 147,328 | bf16_mfu: 36.10 | epoch: 1 pq: 1 rg: 72 | total time: 8.69m | eta: 139.7m
step 00158/02520 (6.27%) | loss: 4.099190 | lrm: 1.00 | dt: 3563.01ms | tok/sec: 147,147 | bf16_mfu: 36.06 | epoch: 1 pq: 1 rg: 73 | total time: 8.75m | eta: 139.6m
step 00159/02520 (6.31%) | loss: 4.112763 | lrm: 1.00 | dt: 3555.82ms | tok/sec: 147,445 | bf16_mfu: 36.13 | epoch: 1 pq: 1 rg: 74 | total time: 8.81m | eta: 139.6m
step 00160/02520 (6.35%) | loss: 4.096359 | lrm: 1.00 | dt: 3558.68ms | tok/sec: 147,326 | bf16_mfu: 36.10 | epoch: 1 pq: 1 rg: 75 | total time: 8.87m | eta: 139.5m
step 00161/02520 (6.39%) | loss: 4.079018 | lrm: 1.00 | dt: 3558.78ms | tok/sec: 147,322 | bf16_mfu: 36.10 | epoch: 1 pq: 1 rg: 76 | total time: 8.93m | eta: 139.5m
step 00162/02520 (6.43%) | loss: 4.059173 | lrm: 1.00 | dt: 3559.60ms | tok/sec: 147,288 | bf16_mfu: 36.09 | epoch: 1 pq: 1 rg: 77 | total time: 8.99m | eta: 139.4m
step 00163/02520 (6.47%) | loss: 4.056764 | lrm: 1.00 | dt: 3558.11ms | tok/sec: 147,350 | bf16_mfu: 36.11 | epoch: 1 pq: 1 rg: 78 | total time: 9.05m | eta: 139.4m
step 00164/02520 (6.51%) | loss: 4.046439 | lrm: 1.00 | dt: 3561.56ms | tok/sec: 147,207 | bf16_mfu: 36.07 | epoch: 1 pq: 1 rg: 79 | total time: 9.11m | eta: 139.3m
step 00165/02520 (6.55%) | loss: 4.054381 | lrm: 1.00 | dt: 3556.22ms | tok/sec: 147,428 | bf16_mfu: 36.13 | epoch: 1 pq: 1 rg: 80 | total time: 9.17m | eta: 139.3m
step 00166/02520 (6.59%) | loss: 4.054213 | lrm: 1.00 | dt: 3558.01ms | tok/sec: 147,354 | bf16_mfu: 36.11 | epoch: 1 pq: 1 rg: 81 | total time: 9.22m | eta: 139.2m
step 00167/02520 (6.63%) | loss: 4.037916 | lrm: 1.00 | dt: 3558.67ms | tok/sec: 147,327 | bf16_mfu: 36.10 | epoch: 1 pq: 1 rg: 82 | total time: 9.28m | eta: 139.1m
step 00168/02520 (6.67%) | loss: 4.028826 | lrm: 1.00 | dt: 3559.05ms | tok/sec: 147,311 | bf16_mfu: 36.10 | epoch: 1 pq: 1 rg: 83 | total time: 9.34m | eta: 139.1m
step 00169/02520 (6.71%) | loss: 3.998825 | lrm: 1.00 | dt: 3558.36ms | tok/sec: 147,339 | bf16_mfu: 36.11 | epoch: 1 pq: 2 rg: 0 | total time: 9.40m | eta: 139.0m
step 00170/02520 (6.75%) | loss: 3.991102 | lrm: 1.00 | dt: 3559.44ms | tok/sec: 147,295 | bf16_mfu: 36.10 | epoch: 1 pq: 2 rg: 1 | total time: 9.46m | eta: 139.0m
step 00171/02520 (6.79%) | loss: 3.981104 | lrm: 1.00 | dt: 3559.00ms | tok/sec: 147,313 | bf16_mfu: 36.10 | epoch: 1 pq: 2 rg: 2 | total time: 9.52m | eta: 138.9m
step 00172/02520 (6.83%) | loss: 3.977508 | lrm: 1.00 | dt: 3557.46ms | tok/sec: 147,376 | bf16_mfu: 36.12 | epoch: 1 pq: 2 rg: 3 | total time: 9.58m | eta: 138.9m
step 00173/02520 (6.87%) | loss: 3.972711 | lrm: 1.00 | dt: 3559.62ms | tok/sec: 147,287 | bf16_mfu: 36.09 | epoch: 1 pq: 2 rg: 4 | total time: 9.64m | eta: 138.8m
step 00174/02520 (6.90%) | loss: 3.956729 | lrm: 1.00 | dt: 3560.69ms | tok/sec: 147,243 | bf16_mfu: 36.08 | epoch: 1 pq: 2 rg: 5 | total time: 9.70m | eta: 138.7m
step 00175/02520 (6.94%) | loss: 3.948243 | lrm: 1.00 | dt: 3557.44ms | tok/sec: 147,378 | bf16_mfu: 36.12 | epoch: 1 pq: 2 rg: 6 | total time: 9.76m | eta: 138.7m
step 00176/02520 (6.98%) | loss: 3.946697 | lrm: 1.00 | dt: 3557.46ms | tok/sec: 147,377 | bf16_mfu: 36.12 | epoch: 1 pq: 2 rg: 6 | total time: 9.82m | eta: 138.6m
step 00177/02520 (7.02%) | loss: 3.953410 | lrm: 1.00 | dt: 3561.69ms | tok/sec: 147,201 | bf16_mfu: 36.07 | epoch: 1 pq: 2 rg: 7 | total time: 9.88m | eta: 138.6m
step 00178/02520 (7.06%) | loss: 3.931720 | lrm: 1.00 | dt: 3555.90ms | tok/sec: 147,441 | bf16_mfu: 36.13 | epoch: 1 pq: 2 rg: 8 | total time: 9.94m | eta: 138.5m
step 00179/02520 (7.10%) | loss: 3.922568 | lrm: 1.00 | dt: 3558.63ms | tok/sec: 147,328 | bf16_mfu: 36.10 | epoch: 1 pq: 2 rg: 9 | total time: 10.00m | eta: 138.5m
step 00180/02520 (7.14%) | loss: 3.900067 | lrm: 1.00 | dt: 3560.72ms | tok/sec: 147,242 | bf16_mfu: 36.08 | epoch: 1 pq: 2 rg: 10 | total time: 10.05m | eta: 138.4m
step 00181/02520 (7.18%) | loss: 3.905824 | lrm: 1.00 | dt: 3556.65ms | tok/sec: 147,410 | bf16_mfu: 36.12 | epoch: 1 pq: 2 rg: 11 | total time: 10.11m | eta: 138.3m
step 00182/02520 (7.22%) | loss: 3.883583 | lrm: 1.00 | dt: 3559.22ms | tok/sec: 147,304 | bf16_mfu: 36.10 | epoch: 1 pq: 2 rg: 12 | total time: 10.17m | eta: 138.3m
step 00183/02520 (7.26%) | loss: 3.868481 | lrm: 1.00 | dt: 3558.37ms | tok/sec: 147,339 | bf16_mfu: 36.11 | epoch: 1 pq: 2 rg: 13 | total time: 10.23m | eta: 138.2m
step 00184/02520 (7.30%) | loss: 3.866204 | lrm: 1.00 | dt: 3559.43ms | tok/sec: 147,295 | bf16_mfu: 36.10 | epoch: 1 pq: 2 rg: 14 | total time: 10.29m | eta: 138.2m
step 00185/02520 (7.34%) | loss: 3.885142 | lrm: 1.00 | dt: 3559.21ms | tok/sec: 147,304 | bf16_mfu: 36.10 | epoch: 1 pq: 2 rg: 15 | total time: 10.35m | eta: 138.1m
step 00186/02520 (7.38%) | loss: 3.882268 | lrm: 1.00 | dt: 3557.33ms | tok/sec: 147,382 | bf16_mfu: 36.12 | epoch: 1 pq: 2 rg: 16 | total time: 10.41m | eta: 138.1m
step 00187/02520 (7.42%) | loss: 3.866746 | lrm: 1.00 | dt: 3560.11ms | tok/sec: 147,267 | bf16_mfu: 36.09 | epoch: 1 pq: 2 rg: 17 | total time: 10.47m | eta: 138.0m
step 00188/02520 (7.46%) | loss: 3.862231 | lrm: 1.00 | dt: 3557.61ms | tok/sec: 147,370 | bf16_mfu: 36.11 | epoch: 1 pq: 2 rg: 18 | total time: 10.53m | eta: 137.9m
step 00189/02520 (7.50%) | loss: 3.866345 | lrm: 1.00 | dt: 3559.42ms | tok/sec: 147,295 | bf16_mfu: 36.10 | epoch: 1 pq: 2 rg: 19 | total time: 10.59m | eta: 137.9m
step 00190/02520 (7.54%) | loss: 3.871418 | lrm: 1.00 | dt: 3558.19ms | tok/sec: 147,346 | bf16_mfu: 36.11 | epoch: 1 pq: 2 rg: 20 | total time: 10.65m | eta: 137.8m
step 00191/02520 (7.58%) | loss: 3.865197 | lrm: 1.00 | dt: 3558.80ms | tok/sec: 147,321 | bf16_mfu: 36.10 | epoch: 1 pq: 2 rg: 21 | total time: 10.71m | eta: 137.8m
step 00192/02520 (7.62%) | loss: 3.870532 | lrm: 1.00 | dt: 3557.67ms | tok/sec: 147,368 | bf16_mfu: 36.11 | epoch: 1 pq: 2 rg: 22 | total time: 10.77m | eta: 137.7m
step 00193/02520 (7.66%) | loss: 3.862622 | lrm: 1.00 | dt: 3559.47ms | tok/sec: 147,293 | bf16_mfu: 36.10 | epoch: 1 pq: 2 rg: 23 | total time: 10.83m | eta: 137.7m
step 00194/02520 (7.70%) | loss: 3.848357 | lrm: 1.00 | dt: 3559.69ms | tok/sec: 147,284 | bf16_mfu: 36.09 | epoch: 1 pq: 2 rg: 24 | total time: 10.89m | eta: 137.6m
step 00195/02520 (7.74%) | loss: 3.819457 | lrm: 1.00 | dt: 3557.71ms | tok/sec: 147,366 | bf16_mfu: 36.11 | epoch: 1 pq: 2 rg: 25 | total time: 10.94m | eta: 137.5m
step 00196/02520 (7.78%) | loss: 3.802416 | lrm: 1.00 | dt: 3557.68ms | tok/sec: 147,367 | bf16_mfu: 36.11 | epoch: 1 pq: 2 rg: 26 | total time: 11.00m | eta: 137.5m
step 00197/02520 (7.82%) | loss: 3.798631 | lrm: 1.00 | dt: 3560.52ms | tok/sec: 147,250 | bf16_mfu: 36.08 | epoch: 1 pq: 2 rg: 27 | total time: 11.06m | eta: 137.4m
step 00198/02520 (7.86%) | loss: 3.802462 | lrm: 1.00 | dt: 3557.79ms | tok/sec: 147,363 | bf16_mfu: 36.11 | epoch: 1 pq: 2 rg: 28 | total time: 11.12m | eta: 137.4m
step 00199/02520 (7.90%) | loss: 3.812809 | lrm: 1.00 | dt: 3558.66ms | tok/sec: 147,327 | bf16_mfu: 36.10 | epoch: 1 pq: 2 rg: 29 | total time: 11.18m | eta: 137.3m
<|bos|>The capital of France is the largest city of France, with its largest city in the world, and its
<|bos|>The chemical symbol of gold is a symbol of the gold and the symbol of the gold. It is a symbol
<|bos|>If yesterday was Friday, then tomorrow will be the first time. The first time we saw the first time we saw the first
<|bos|>The opposite of hot is true. The hot is true, but the hot is true. The hot is
<|bos|>The planets of the solar system are: solar, wind, wind, solar, wind, solar, wind, wind,
<|bos|>My favorite color is the red, orange, yellow, and red. I have a lot of colors
<|bos|>If 5*x + 3 = 13, then x is the number of 5*x + 3 = 13, then x
step 00200/02520 (7.94%) | loss: 3.812496 | lrm: 1.00 | dt: 3545.62ms | tok/sec: 147,869 | bf16_mfu: 36.24 | epoch: 1 pq: 2 rg: 30 | total time: 11.24m | eta: 137.3m
step 00201/02520 (7.98%) | loss: 3.827204 | lrm: 1.00 | dt: 3541.49ms | tok/sec: 148,041 | bf16_mfu: 36.28 | epoch: 1 pq: 2 rg: 31 | total time: 11.30m | eta: 137.2m
step 00202/02520 (8.02%) | loss: 3.836394 | lrm: 1.00 | dt: 3556.78ms | tok/sec: 147,405 | bf16_mfu: 36.12 | epoch: 1 pq: 2 rg: 32 | total time: 11.36m | eta: 137.1m
step 00203/02520 (8.06%) | loss: 3.842634 | lrm: 1.00 | dt: 3543.08ms | tok/sec: 147,975 | bf16_mfu: 36.26 | epoch: 1 pq: 2 rg: 33 | total time: 11.42m | eta: 137.1m
step 00204/02520 (8.10%) | loss: 3.834311 | lrm: 1.00 | dt: 3553.41ms | tok/sec: 147,545 | bf16_mfu: 36.16 | epoch: 1 pq: 2 rg: 34 | total time: 11.48m | eta: 137.0m
step 00205/02520 (8.13%) | loss: 3.844572 | lrm: 1.00 | dt: 3548.34ms | tok/sec: 147,755 | bf16_mfu: 36.21 | epoch: 1 pq: 2 rg: 35 | total time: 11.54m | eta: 137.0m
step 00206/02520 (8.17%) | loss: 3.817722 | lrm: 1.00 | dt: 3550.78ms | tok/sec: 147,654 | bf16_mfu: 36.18 | epoch: 1 pq: 2 rg: 36 | total time: 11.60m | eta: 136.9m
step 00207/02520 (8.21%) | loss: 3.832600 | lrm: 1.00 | dt: 3556.46ms | tok/sec: 147,418 | bf16_mfu: 36.13 | epoch: 1 pq: 2 rg: 36 | total time: 11.66m | eta: 136.8m
step 00208/02520 (8.25%) | loss: 3.831897 | lrm: 1.00 | dt: 3542.34ms | tok/sec: 148,005 | bf16_mfu: 36.27 | epoch: 1 pq: 2 rg: 37 | total time: 11.71m | eta: 136.8m
step 00209/02520 (8.29%) | loss: 3.801080 | lrm: 1.00 | dt: 3556.28ms | tok/sec: 147,426 | bf16_mfu: 36.13 | epoch: 1 pq: 2 rg: 38 | total time: 11.77m | eta: 136.7m
step 00210/02520 (8.33%) | loss: 3.784137 | lrm: 1.00 | dt: 3540.93ms | tok/sec: 148,065 | bf16_mfu: 36.28 | epoch: 1 pq: 2 rg: 39 | total time: 11.83m | eta: 136.7m
step 00211/02520 (8.37%) | loss: 3.792274 | lrm: 1.00 | dt: 3557.00ms | tok/sec: 147,396 | bf16_mfu: 36.12 | epoch: 1 pq: 2 rg: 40 | total time: 11.89m | eta: 136.6m
step 00212/02520 (8.41%) | loss: 3.793956 | lrm: 1.00 | dt: 3539.54ms | tok/sec: 148,123 | bf16_mfu: 36.30 | epoch: 1 pq: 2 rg: 41 | total time: 11.95m | eta: 136.5m
step 00213/02520 (8.45%) | loss: 3.798735 | lrm: 1.00 | dt: 3556.59ms | tok/sec: 147,412 | bf16_mfu: 36.12 | epoch: 1 pq: 2 rg: 42 | total time: 12.01m | eta: 136.5m
step 00214/02520 (8.49%) | loss: 3.784410 | lrm: 1.00 | dt: 3541.19ms | tok/sec: 148,054 | bf16_mfu: 36.28 | epoch: 1 pq: 2 rg: 43 | total time: 12.07m | eta: 136.4m
step 00215/02520 (8.53%) | loss: 3.769219 | lrm: 1.00 | dt: 3557.49ms | tok/sec: 147,375 | bf16_mfu: 36.12 | epoch: 1 pq: 2 rg: 44 | total time: 12.13m | eta: 136.4m
step 00216/02520 (8.57%) | loss: 3.746874 | lrm: 1.00 | dt: 3540.93ms | tok/sec: 148,064 | bf16_mfu: 36.28 | epoch: 1 pq: 2 rg: 45 | total time: 12.19m | eta: 136.3m
step 00217/02520 (8.61%) | loss: 3.745514 | lrm: 1.00 | dt: 3555.63ms | tok/sec: 147,452 | bf16_mfu: 36.13 | epoch: 1 pq: 2 rg: 46 | total time: 12.25m | eta: 136.2m
step 00218/02520 (8.65%) | loss: 3.738240 | lrm: 1.00 | dt: 3540.32ms | tok/sec: 148,090 | bf16_mfu: 36.29 | epoch: 1 pq: 2 rg: 47 | total time: 12.31m | eta: 136.2m
step 00219/02520 (8.69%) | loss: 3.723964 | lrm: 1.00 | dt: 3550.32ms | tok/sec: 147,673 | bf16_mfu: 36.19 | epoch: 1 pq: 2 rg: 48 | total time: 12.36m | eta: 136.1m
step 00220/02520 (8.73%) | loss: 3.705371 | lrm: 1.00 | dt: 3544.94ms | tok/sec: 147,897 | bf16_mfu: 36.24 | epoch: 1 pq: 2 rg: 49 | total time: 12.42m | eta: 136.1m
step 00221/02520 (8.77%) | loss: 3.687632 | lrm: 1.00 | dt: 3540.38ms | tok/sec: 148,087 | bf16_mfu: 36.29 | epoch: 1 pq: 2 rg: 50 | total time: 12.48m | eta: 136.0m
step 00222/02520 (8.81%) | loss: 3.701974 | lrm: 1.00 | dt: 3541.93ms | tok/sec: 148,023 | bf16_mfu: 36.27 | epoch: 1 pq: 2 rg: 51 | total time: 12.54m | eta: 135.9m
step 00223/02520 (8.85%) | loss: 3.699375 | lrm: 1.00 | dt: 3554.09ms | tok/sec: 147,516 | bf16_mfu: 36.15 | epoch: 1 pq: 2 rg: 52 | total time: 12.60m | eta: 135.9m
step 00224/02520 (8.89%) | loss: 3.705255 | lrm: 1.00 | dt: 3541.40ms | tok/sec: 148,045 | bf16_mfu: 36.28 | epoch: 1 pq: 2 rg: 53 | total time: 12.66m | eta: 135.8m
step 00225/02520 (8.93%) | loss: 3.693724 | lrm: 1.00 | dt: 3556.61ms | tok/sec: 147,412 | bf16_mfu: 36.12 | epoch: 1 pq: 2 rg: 54 | total time: 12.72m | eta: 135.8m
step 00226/02520 (8.97%) | loss: 3.708773 | lrm: 1.00 | dt: 3540.22ms | tok/sec: 148,094 | bf16_mfu: 36.29 | epoch: 1 pq: 2 rg: 55 | total time: 12.78m | eta: 135.7m
step 00227/02520 (9.01%) | loss: 3.687631 | lrm: 1.00 | dt: 3541.21ms | tok/sec: 148,053 | bf16_mfu: 36.28 | epoch: 1 pq: 2 rg: 56 | total time: 12.84m | eta: 135.7m
step 00228/02520 (9.05%) | loss: 3.680419 | lrm: 1.00 | dt: 3556.20ms | tok/sec: 147,429 | bf16_mfu: 36.13 | epoch: 1 pq: 2 rg: 57 | total time: 12.90m | eta: 135.6m
step 00229/02520 (9.09%) | loss: 3.677945 | lrm: 1.00 | dt: 3540.40ms | tok/sec: 148,087 | bf16_mfu: 36.29 | epoch: 1 pq: 2 rg: 58 | total time: 12.96m | eta: 135.5m
step 00230/02520 (9.13%) | loss: 3.675632 | lrm: 1.00 | dt: 3557.79ms | tok/sec: 147,363 | bf16_mfu: 36.11 | epoch: 1 pq: 2 rg: 59 | total time: 13.01m | eta: 135.5m
step 00231/02520 (9.17%) | loss: 3.675701 | lrm: 1.00 | dt: 3557.85ms | tok/sec: 147,360 | bf16_mfu: 36.11 | epoch: 1 pq: 2 rg: 60 | total time: 13.07m | eta: 135.4m
step 00232/02520 (9.21%) | loss: 3.669498 | lrm: 1.00 | dt: 3538.72ms | tok/sec: 148,157 | bf16_mfu: 36.31 | epoch: 1 pq: 2 rg: 61 | total time: 13.13m | eta: 135.4m
step 00233/02520 (9.25%) | loss: 3.667989 | lrm: 1.00 | dt: 3539.56ms | tok/sec: 148,122 | bf16_mfu: 36.30 | epoch: 1 pq: 2 rg: 62 | total time: 13.19m | eta: 135.3m
step 00234/02520 (9.29%) | loss: 3.652128 | lrm: 1.00 | dt: 3540.22ms | tok/sec: 148,094 | bf16_mfu: 36.29 | epoch: 1 pq: 2 rg: 63 | total time: 13.25m | eta: 135.2m
step 00235/02520 (9.33%) | loss: 3.648154 | lrm: 1.00 | dt: 3544.91ms | tok/sec: 147,898 | bf16_mfu: 36.24 | epoch: 1 pq: 2 rg: 64 | total time: 13.31m | eta: 135.2m
step 00236/02520 (9.37%) | loss: 3.665279 | lrm: 1.00 | dt: 3548.21ms | tok/sec: 147,761 | bf16_mfu: 36.21 | epoch: 1 pq: 2 rg: 65 | total time: 13.37m | eta: 135.1m
step 00237/02520 (9.40%) | loss: 3.653915 | lrm: 1.00 | dt: 3539.39ms | tok/sec: 148,129 | bf16_mfu: 36.30 | epoch: 1 pq: 2 rg: 66 | total time: 13.43m | eta: 135.1m
step 00238/02520 (9.44%) | loss: 3.660347 | lrm: 1.00 | dt: 3539.66ms | tok/sec: 148,118 | bf16_mfu: 36.30 | epoch: 1 pq: 2 rg: 67 | total time: 13.49m | eta: 135.0m
step 00239/02520 (9.48%) | loss: 3.674887 | lrm: 1.00 | dt: 3540.19ms | tok/sec: 148,096 | bf16_mfu: 36.29 | epoch: 1 pq: 2 rg: 68 | total time: 13.55m | eta: 134.9m
step 00240/02520 (9.52%) | loss: 3.669524 | lrm: 1.00 | dt: 3550.50ms | tok/sec: 147,665 | bf16_mfu: 36.19 | epoch: 1 pq: 2 rg: 69 | total time: 13.61m | eta: 134.9m
step 00241/02520 (9.56%) | loss: 3.652581 | lrm: 1.00 | dt: 3544.23ms | tok/sec: 147,927 | bf16_mfu: 36.25 | epoch: 1 pq: 2 rg: 69 | total time: 13.66m | eta: 134.8m
step 00242/02520 (9.60%) | loss: 3.645943 | lrm: 1.00 | dt: 3540.51ms | tok/sec: 148,082 | bf16_mfu: 36.29 | epoch: 1 pq: 2 rg: 70 | total time: 13.72m | eta: 134.8m
step 00243/02520 (9.64%) | loss: 3.663159 | lrm: 1.00 | dt: 3539.74ms | tok/sec: 148,114 | bf16_mfu: 36.30 | epoch: 1 pq: 2 rg: 71 | total time: 13.78m | eta: 134.7m
step 00244/02520 (9.68%) | loss: 3.661101 | lrm: 1.00 | dt: 3539.01ms | tok/sec: 148,145 | bf16_mfu: 36.30 | epoch: 1 pq: 2 rg: 72 | total time: 13.84m | eta: 134.6m
step 00245/02520 (9.72%) | loss: 3.667792 | lrm: 1.00 | dt: 3540.05ms | tok/sec: 148,101 | bf16_mfu: 36.29 | epoch: 1 pq: 2 rg: 73 | total time: 13.90m | eta: 134.6m
step 00246/02520 (9.76%) | loss: 3.659314 | lrm: 1.00 | dt: 3547.93ms | tok/sec: 147,772 | bf16_mfu: 36.21 | epoch: 1 pq: 2 rg: 74 | total time: 13.96m | eta: 134.5m
step 00247/02520 (9.80%) | loss: 3.656792 | lrm: 1.00 | dt: 3545.56ms | tok/sec: 147,871 | bf16_mfu: 36.24 | epoch: 1 pq: 2 rg: 75 | total time: 14.02m | eta: 134.5m
step 00248/02520 (9.84%) | loss: 3.637504 | lrm: 1.00 | dt: 3539.49ms | tok/sec: 148,125 | bf16_mfu: 36.30 | epoch: 1 pq: 2 rg: 76 | total time: 14.08m | eta: 134.4m
step 00249/02520 (9.88%) | loss: 3.629817 | lrm: 1.00 | dt: 3539.15ms | tok/sec: 148,139 | bf16_mfu: 36.30 | epoch: 1 pq: 2 rg: 77 | total time: 14.14m | eta: 134.3m
<|bos|>The capital of France is the largest of the world's largest cities. The capital of France is the largest
<|bos|>The chemical symbol of gold is the gold of gold. gold is the gold of gold. gold is the gold
<|bos|>If yesterday was Friday, then tomorrow will be the day before the next day. The day before the next day will be the
<|bos|>The opposite of hot is the hot water temperature. The hot water temperature is the hot water temperature. The
<|bos|>The planets of the solar system are: 1. The planets of the solar system are: 2. The planets
<|bos|>My favorite color is the red color. I have a red color, but I have a red color
<|bos|>If 5*x + 3 = 13, then x is 13, then x is 13, then x is 13, then
step 00250/02520 (9.92%) | loss: 3.625432 | lrm: 1.00 | dt: 3550.51ms | tok/sec: 147,665 | bf16_mfu: 36.19 | epoch: 1 pq: 2 rg: 78 | total time: 14.20m | eta: 134.3m
step 00251/02520 (9.96%) | loss: 3.620636 | lrm: 1.00 | dt: 3542.91ms | tok/sec: 147,982 | bf16_mfu: 36.26 | epoch: 1 pq: 2 rg: 79 | total time: 14.26m | eta: 134.2m
step 00252/02520 (10.00%) | loss: 3.606266 | lrm: 1.00 | dt: 3538.28ms | tok/sec: 148,175 | bf16_mfu: 36.31 | epoch: 1 pq: 2 rg: 80 | total time: 14.31m | eta: 134.1m
step 00253/02520 (10.04%) | loss: 3.610768 | lrm: 1.00 | dt: 3538.70ms | tok/sec: 148,158 | bf16_mfu: 36.31 | epoch: 1 pq: 2 rg: 81 | total time: 14.37m | eta: 134.1m
step 00254/02520 (10.08%) | loss: 3.604435 | lrm: 1.00 | dt: 3538.56ms | tok/sec: 148,164 | bf16_mfu: 36.31 | epoch: 1 pq: 2 rg: 82 | total time: 14.43m | eta: 134.0m
step 00255/02520 (10.12%) | loss: 3.600734 | lrm: 1.00 | dt: 3539.44ms | tok/sec: 148,127 | bf16_mfu: 36.30 | epoch: 1 pq: 3 rg: 0 | total time: 14.49m | eta: 134.0m
step 00256/02520 (10.16%) | loss: 3.611406 | lrm: 1.00 | dt: 3538.66ms | tok/sec: 148,159 | bf16_mfu: 36.31 | epoch: 1 pq: 3 rg: 1 | total time: 14.55m | eta: 133.9m
step 00257/02520 (10.20%) | loss: 3.592353 | lrm: 1.00 | dt: 3538.82ms | tok/sec: 148,153 | bf16_mfu: 36.31 | epoch: 1 pq: 3 rg: 2 | total time: 14.61m | eta: 133.8m
step 00258/02520 (10.24%) | loss: 3.580093 | lrm: 1.00 | dt: 3539.01ms | tok/sec: 148,145 | bf16_mfu: 36.30 | epoch: 1 pq: 3 rg: 3 | total time: 14.67m | eta: 133.8m
step 00259/02520 (10.28%) | loss: 3.585067 | lrm: 1.00 | dt: 3538.43ms | tok/sec: 148,169 | bf16_mfu: 36.31 | epoch: 1 pq: 3 rg: 4 | total time: 14.73m | eta: 133.7m
step 00260/02520 (10.32%) | loss: 3.592975 | lrm: 1.00 | dt: 3538.91ms | tok/sec: 148,149 | bf16_mfu: 36.30 | epoch: 1 pq: 3 rg: 5 | total time: 14.79m | eta: 133.7m
step 00261/02520 (10.36%) | loss: 3.582228 | lrm: 1.00 | dt: 3538.73ms | tok/sec: 148,157 | bf16_mfu: 36.31 | epoch: 1 pq: 3 rg: 6 | total time: 14.84m | eta: 133.6m
step 00262/02520 (10.40%) | loss: 3.594096 | lrm: 1.00 | dt: 3539.13ms | tok/sec: 148,140 | bf16_mfu: 36.30 | epoch: 1 pq: 3 rg: 7 | total time: 14.90m | eta: 133.5m
step 00263/02520 (10.44%) | loss: 3.583296 | lrm: 1.00 | dt: 3539.54ms | tok/sec: 148,123 | bf16_mfu: 36.30 | epoch: 1 pq: 3 rg: 8 | total time: 14.96m | eta: 133.5m
step 00264/02520 (10.48%) | loss: 3.573520 | lrm: 1.00 | dt: 3538.65ms | tok/sec: 148,160 | bf16_mfu: 36.31 | epoch: 1 pq: 3 rg: 9 | total time: 15.02m | eta: 133.4m
step 00265/02520 (10.52%) | loss: 3.593829 | lrm: 1.00 | dt: 3538.62ms | tok/sec: 148,161 | bf16_mfu: 36.31 | epoch: 1 pq: 3 rg: 10 | total time: 15.08m | eta: 133.4m
step 00266/02520 (10.56%) | loss: 3.577995 | lrm: 1.00 | dt: 3537.99ms | tok/sec: 148,188 | bf16_mfu: 36.31 | epoch: 1 pq: 3 rg: 11 | total time: 15.14m | eta: 133.3m
step 00267/02520 (10.60%) | loss: 3.581397 | lrm: 1.00 | dt: 3539.02ms | tok/sec: 148,145 | bf16_mfu: 36.30 | epoch: 1 pq: 3 rg: 11 | total time: 15.20m | eta: 133.2m
step 00268/02520 (10.63%) | loss: 3.567345 | lrm: 1.00 | dt: 3539.18ms | tok/sec: 148,138 | bf16_mfu: 36.30 | epoch: 1 pq: 3 rg: 12 | total time: 15.26m | eta: 133.2m
step 00269/02520 (10.67%) | loss: 3.561775 | lrm: 1.00 | dt: 3539.59ms | tok/sec: 148,121 | bf16_mfu: 36.30 | epoch: 1 pq: 3 rg: 13 | total time: 15.32m | eta: 133.1m
step 00270/02520 (10.71%) | loss: 3.545051 | lrm: 1.00 | dt: 3538.51ms | tok/sec: 148,166 | bf16_mfu: 36.31 | epoch: 1 pq: 3 rg: 14 | total time: 15.38m | eta: 133.1m
step 00271/02520 (10.75%) | loss: 3.544971 | lrm: 1.00 | dt: 3537.24ms | tok/sec: 148,219 | bf16_mfu: 36.32 | epoch: 1 pq: 3 rg: 15 | total time: 15.43m | eta: 133.0m
step 00272/02520 (10.79%) | loss: 3.556900 | lrm: 1.00 | dt: 3539.25ms | tok/sec: 148,135 | bf16_mfu: 36.30 | epoch: 1 pq: 3 rg: 16 | total time: 15.49m | eta: 132.9m
step 00273/02520 (10.83%) | loss: 3.559909 | lrm: 1.00 | dt: 3538.27ms | tok/sec: 148,176 | bf16_mfu: 36.31 | epoch: 1 pq: 3 rg: 17 | total time: 15.55m | eta: 132.9m
step 00274/02520 (10.87%) | loss: 3.562915 | lrm: 1.00 | dt: 3539.30ms | tok/sec: 148,133 | bf16_mfu: 36.30 | epoch: 1 pq: 3 rg: 18 | total time: 15.61m | eta: 132.8m
step 00275/02520 (10.91%) | loss: 3.550550 | lrm: 1.00 | dt: 3539.07ms | tok/sec: 148,142 | bf16_mfu: 36.30 | epoch: 1 pq: 3 rg: 19 | total time: 15.67m | eta: 132.8m
step 00276/02520 (10.95%) | loss: 3.545034 | lrm: 1.00 | dt: 3538.76ms | tok/sec: 148,155 | bf16_mfu: 36.31 | epoch: 1 pq: 3 rg: 20 | total time: 15.73m | eta: 132.7m
step 00277/02520 (10.99%) | loss: 3.549523 | lrm: 1.00 | dt: 3537.90ms | tok/sec: 148,191 | bf16_mfu: 36.32 | epoch: 1 pq: 3 rg: 21 | total time: 15.79m | eta: 132.6m
step 00278/02520 (11.03%) | loss: 3.542605 | lrm: 1.00 | dt: 3539.42ms | tok/sec: 148,128 | bf16_mfu: 36.30 | epoch: 1 pq: 3 rg: 22 | total time: 15.85m | eta: 132.6m
step 00279/02520 (11.07%) | loss: 3.540053 | lrm: 1.00 | dt: 3538.41ms | tok/sec: 148,170 | bf16_mfu: 36.31 | epoch: 1 pq: 3 rg: 23 | total time: 15.91m | eta: 132.5m
step 00280/02520 (11.11%) | loss: 3.538454 | lrm: 1.00 | dt: 3538.60ms | tok/sec: 148,162 | bf16_mfu: 36.31 | epoch: 1 pq: 3 rg: 24 | total time: 15.97m | eta: 132.5m
step 00281/02520 (11.15%) | loss: 3.520219 | lrm: 1.00 | dt: 3538.46ms | tok/sec: 148,168 | bf16_mfu: 36.31 | epoch: 1 pq: 3 rg: 25 | total time: 16.02m | eta: 132.4m
step 00282/02520 (11.19%) | loss: 3.524624 | lrm: 1.00 | dt: 3538.72ms | tok/sec: 148,157 | bf16_mfu: 36.31 | epoch: 1 pq: 3 rg: 26 | total time: 16.08m | eta: 132.3m
step 00283/02520 (11.23%) | loss: 3.542609 | lrm: 1.00 | dt: 3539.27ms | tok/sec: 148,134 | bf16_mfu: 36.30 | epoch: 1 pq: 3 rg: 27 | total time: 16.14m | eta: 132.3m
step 00284/02520 (11.27%) | loss: 3.551804 | lrm: 1.00 | dt: 3538.33ms | tok/sec: 148,174 | bf16_mfu: 36.31 | epoch: 1 pq: 3 rg: 28 | total time: 16.20m | eta: 132.2m
step 00285/02520 (11.31%) | loss: 3.534645 | lrm: 1.00 | dt: 3538.88ms | tok/sec: 148,150 | bf16_mfu: 36.31 | epoch: 1 pq: 3 rg: 29 | total time: 16.26m | eta: 132.2m
step 00286/02520 (11.35%) | loss: 3.549515 | lrm: 1.00 | dt: 3538.56ms | tok/sec: 148,164 | bf16_mfu: 36.31 | epoch: 1 pq: 3 rg: 30 | total time: 16.32m | eta: 132.1m
step 00287/02520 (11.39%) | loss: 3.558906 | lrm: 1.00 | dt: 3538.77ms | tok/sec: 148,155 | bf16_mfu: 36.31 | epoch: 1 pq: 3 rg: 31 | total time: 16.38m | eta: 132.0m
step 00288/02520 (11.43%) | loss: 3.553958 | lrm: 1.00 | dt: 3538.94ms | tok/sec: 148,148 | bf16_mfu: 36.30 | epoch: 1 pq: 3 rg: 32 | total time: 16.44m | eta: 132.0m
step 00289/02520 (11.47%) | loss: 3.552641 | lrm: 1.00 | dt: 3538.70ms | tok/sec: 148,158 | bf16_mfu: 36.31 | epoch: 1 pq: 3 rg: 33 | total time: 16.50m | eta: 131.9m
step 00290/02520 (11.51%) | loss: 3.544832 | lrm: 1.00 | dt: 3538.59ms | tok/sec: 148,163 | bf16_mfu: 36.31 | epoch: 1 pq: 3 rg: 34 | total time: 16.56m | eta: 131.9m
step 00291/02520 (11.55%) | loss: 3.532836 | lrm: 1.00 | dt: 3539.35ms | tok/sec: 148,131 | bf16_mfu: 36.30 | epoch: 1 pq: 3 rg: 35 | total time: 16.61m | eta: 131.8m
step 00292/02520 (11.59%) | loss: 3.530017 | lrm: 1.00 | dt: 3538.43ms | tok/sec: 148,169 | bf16_mfu: 36.31 | epoch: 1 pq: 3 rg: 36 | total time: 16.67m | eta: 131.7m
step 00293/02520 (11.63%) | loss: 3.520066 | lrm: 1.00 | dt: 3538.63ms | tok/sec: 148,161 | bf16_mfu: 36.31 | epoch: 1 pq: 3 rg: 37 | total time: 16.73m | eta: 131.7m
step 00294/02520 (11.67%) | loss: 3.504535 | lrm: 1.00 | dt: 3538.19ms | tok/sec: 148,179 | bf16_mfu: 36.31 | epoch: 1 pq: 3 rg: 38 | total time: 16.79m | eta: 131.6m
step 00295/02520 (11.71%) | loss: 3.488847 | lrm: 1.00 | dt: 3539.39ms | tok/sec: 148,129 | bf16_mfu: 36.30 | epoch: 1 pq: 3 rg: 39 | total time: 16.85m | eta: 131.5m
step 00296/02520 (11.75%) | loss: 3.482316 | lrm: 1.00 | dt: 3539.04ms | tok/sec: 148,143 | bf16_mfu: 36.30 | epoch: 1 pq: 3 rg: 40 | total time: 16.91m | eta: 131.5m
step 00297/02520 (11.79%) | loss: 3.492576 | lrm: 1.00 | dt: 3537.58ms | tok/sec: 148,205 | bf16_mfu: 36.32 | epoch: 1 pq: 3 rg: 41 | total time: 16.97m | eta: 131.4m
step 00298/02520 (11.83%) | loss: 3.500092 | lrm: 1.00 | dt: 3539.37ms | tok/sec: 148,130 | bf16_mfu: 36.30 | epoch: 1 pq: 3 rg: 42 | total time: 17.03m | eta: 131.4m
step 00299/02520 (11.87%) | loss: 3.479591 | lrm: 1.00 | dt: 3539.21ms | tok/sec: 148,137 | bf16_mfu: 36.30 | epoch: 1 pq: 3 rg: 43 | total time: 17.09m | eta: 131.3m
Step 00300 | Validation bpb: 1.091311
<|bos|>The capital of France is the capital of the world. The capital of France is the capital of the world
<|bos|>The chemical symbol of gold is gold, which is a gold standard for gold. It is a gold standard for
<|bos|>If yesterday was Friday, then tomorrow will be the day when the world's largest city is the largest city in the world.
<|bos|>The opposite of hot is the hot water. The hot water is hot and the hot water is hot.
<|bos|>The planets of the solar system are: the solar system, the solar system, the solar system, the solar system,
<|bos|>My favorite color is the red, blue, and green color. I've been using the color to
<|bos|>If 5*x + 3 = 13, then x is 5.5x + 5.5x + 5.5
2026-09-25 18:17:48,047 - nanochat.checkpoint_manager - [32m[1mINFO[0m - Saved model parameters to: /local/s3774740/d12/cache/base_checkpoints/d12v32768/model_000300.pt
2026-09-25 18:17:48,048 - nanochat.checkpoint_manager - [32m[1mINFO[0m - Saved metadata to: /local/s3774740/d12/cache/base_checkpoints/d12v32768/meta_000300.json
2026-09-25 18:17:48,838 - nanochat.checkpoint_manager - [32m[1mINFO[0m - Saved optimizer state to: /local/s3774740/d12/cache/base_checkpoints/d12v32768/optim_000300_rank0.pt
step 00300/02520 (11.90%) | loss: 3.461919 | lrm: 1.00 | dt: 3540.97ms | tok/sec: 148,063 | bf16_mfu: 36.28 | epoch: 1 pq: 3 rg: 44 | total time: 17.15m | eta: 131.2m
step 00301/02520 (11.94%) | loss: 3.464527 | lrm: 1.00 | dt: 3536.03ms | tok/sec: 148,270 | bf16_mfu: 36.33 | epoch: 1 pq: 3 rg: 45 | total time: 17.20m | eta: 131.2m
step 00302/02520 (11.98%) | loss: 3.459269 | lrm: 1.00 | dt: 3536.32ms | tok/sec: 148,258 | bf16_mfu: 36.33 | epoch: 1 pq: 3 rg: 45 | total time: 17.26m | eta: 131.1m
step 00303/02520 (12.02%) | loss: 3.463319 | lrm: 1.00 | dt: 3543.93ms | tok/sec: 147,939 | bf16_mfu: 36.25 | epoch: 1 pq: 3 rg: 46 | total time: 17.32m | eta: 131.1m
step 00304/02520 (12.06%) | loss: 3.460939 | lrm: 1.00 | dt: 3541.19ms | tok/sec: 148,053 | bf16_mfu: 36.28 | epoch: 1 pq: 3 rg: 47 | total time: 17.38m | eta: 131.0m
step 00305/02520 (12.10%) | loss: 3.464058 | lrm: 1.00 | dt: 3538.36ms | tok/sec: 148,172 | bf16_mfu: 36.31 | epoch: 1 pq: 3 rg: 48 | total time: 17.44m | eta: 130.9m
step 00306/02520 (12.14%) | loss: 3.474424 | lrm: 1.00 | dt: 3538.23ms | tok/sec: 148,177 | bf16_mfu: 36.31 | epoch: 1 pq: 3 rg: 49 | total time: 17.50m | eta: 130.9m
step 00307/02520 (12.18%) | loss: 3.474785 | lrm: 1.00 | dt: 3539.56ms | tok/sec: 148,122 | bf16_mfu: 36.30 | epoch: 1 pq: 3 rg: 50 | total time: 17.56m | eta: 130.8m
step 00308/02520 (12.22%) | loss: 3.483978 | lrm: 1.00 | dt: 3538.01ms | tok/sec: 148,187 | bf16_mfu: 36.31 | epoch: 1 pq: 3 rg: 51 | total time: 17.62m | eta: 130.8m
step 00309/02520 (12.26%) | loss: 3.469073 | lrm: 1.00 | dt: 3539.19ms | tok/sec: 148,137 | bf16_mfu: 36.30 | epoch: 1 pq: 3 rg: 52 | total time: 17.68m | eta: 130.7m
step 00310/02520 (12.30%) | loss: 3.462524 | lrm: 1.00 | dt: 3539.01ms | tok/sec: 148,145 | bf16_mfu: 36.30 | epoch: 1 pq: 3 rg: 53 | total time: 17.73m | eta: 130.6m
step 00311/02520 (12.34%) | loss: 3.473493 | lrm: 1.00 | dt: 3538.09ms | tok/sec: 148,183 | bf16_mfu: 36.31 | epoch: 1 pq: 3 rg: 54 | total time: 17.79m | eta: 130.6m
step 00312/02520 (12.38%) | loss: 3.479062 | lrm: 1.00 | dt: 3538.32ms | tok/sec: 148,174 | bf16_mfu: 36.31 | epoch: 1 pq: 3 rg: 55 | total time: 17.85m | eta: 130.5m
step 00313/02520 (12.42%) | loss: 3.494830 | lrm: 1.00 | dt: 3538.78ms | tok/sec: 148,154 | bf16_mfu: 36.31 | epoch: 1 pq: 3 rg: 56 | total time: 17.91m | eta: 130.5m
step 00314/02520 (12.46%) | loss: 3.485978 | lrm: 1.00 | dt: 3538.53ms | tok/sec: 148,165 | bf16_mfu: 36.31 | epoch: 1 pq: 3 rg: 57 | total time: 17.97m | eta: 130.4m
step 00315/02520 (12.50%) | loss: 3.478013 | lrm: 1.00 | dt: 3539.99ms | tok/sec: 148,104 | bf16_mfu: 36.29 | epoch: 1 pq: 3 rg: 58 | total time: 18.03m | eta: 130.3m
step 00316/02520 (12.54%) | loss: 3.483999 | lrm: 1.00 | dt: 3538.56ms | tok/sec: 148,164 | bf16_mfu: 36.31 | epoch: 1 pq: 3 rg: 59 | total time: 18.09m | eta: 130.3m
step 00317/02520 (12.58%) | loss: 3.500097 | lrm: 1.00 | dt: 3538.10ms | tok/sec: 148,183 | bf16_mfu: 36.31 | epoch: 1 pq: 3 rg: 60 | total time: 18.15m | eta: 130.2m
step 00318/02520 (12.62%) | loss: 3.512348 | lrm: 1.00 | dt: 3538.22ms | tok/sec: 148,178 | bf16_mfu: 36.31 | epoch: 1 pq: 3 rg: 61 | total time: 18.21m | eta: 130.2m
step 00319/02520 (12.66%) | loss: 3.530623 | lrm: 1.00 | dt: 3539.11ms | tok/sec: 148,141 | bf16_mfu: 36.30 | epoch: 1 pq: 3 rg: 62 | total time: 18.27m | eta: 130.1m
step 00320/02520 (12.70%) | loss: 3.518774 | lrm: 1.00 | dt: 3539.71ms | tok/sec: 148,116 | bf16_mfu: 36.30 | epoch: 1 pq: 3 rg: 63 | total time: 18.32m | eta: 130.0m
step 00321/02520 (12.74%) | loss: 3.505330 | lrm: 1.00 | dt: 3538.10ms | tok/sec: 148,183 | bf16_mfu: 36.31 | epoch: 1 pq: 3 rg: 64 | total time: 18.38m | eta: 130.0m
step 00322/02520 (12.78%) | loss: 3.494656 | lrm: 1.00 | dt: 3538.45ms | tok/sec: 148,168 | bf16_mfu: 36.31 | epoch: 1 pq: 3 rg: 65 | total time: 18.44m | eta: 129.9m
step 00323/02520 (12.82%) | loss: 3.501787 | lrm: 1.00 | dt: 3539.05ms | tok/sec: 148,143 | bf16_mfu: 36.30 | epoch: 1 pq: 3 rg: 66 | total time: 18.50m | eta: 129.9m
step 00324/02520 (12.86%) | loss: 3.490346 | lrm: 1.00 | dt: 3539.24ms | tok/sec: 148,135 | bf16_mfu: 36.30 | epoch: 1 pq: 3 rg: 67 | total time: 18.56m | eta: 129.8m
step 00325/02520 (12.90%) | loss: 3.489565 | lrm: 1.00 | dt: 3538.28ms | tok/sec: 148,175 | bf16_mfu: 36.31 | epoch: 1 pq: 3 rg: 68 | total time: 18.62m | eta: 129.7m
step 00326/02520 (12.94%) | loss: 3.481087 | lrm: 1.00 | dt: 3539.23ms | tok/sec: 148,136 | bf16_mfu: 36.30 | epoch: 1 pq: 3 rg: 69 | total time: 18.68m | eta: 129.7m
step 00327/02520 (12.98%) | loss: 3.487242 | lrm: 1.00 | dt: 3538.37ms | tok/sec: 148,171 | bf16_mfu: 36.31 | epoch: 1 pq: 3 rg: 69 | total time: 18.74m | eta: 129.6m
step 00328/02520 (13.02%) | loss: 3.485077 | lrm: 1.00 | dt: 3538.38ms | tok/sec: 148,171 | bf16_mfu: 36.31 | epoch: 1 pq: 3 rg: 70 | total time: 18.80m | eta: 129.6m
step 00329/02520 (13.06%) | loss: 3.492185 | lrm: 1.00 | dt: 3538.63ms | tok/sec: 148,161 | bf16_mfu: 36.31 | epoch: 1 pq: 3 rg: 71 | total time: 18.86m | eta: 129.5m
step 00330/02520 (13.10%) | loss: 3.491411 | lrm: 1.00 | dt: 3536.33ms | tok/sec: 148,257 | bf16_mfu: 36.33 | epoch: 1 pq: 3 rg: 72 | total time: 18.91m | eta: 129.4m
step 00331/02520 (13.13%) | loss: 3.505364 | lrm: 1.00 | dt: 3539.28ms | tok/sec: 148,134 | bf16_mfu: 36.30 | epoch: 1 pq: 3 rg: 73 | total time: 18.97m | eta: 129.4m
step 00332/02520 (13.17%) | loss: 3.505306 | lrm: 1.00 | dt: 3538.88ms | tok/sec: 148,150 | bf16_mfu: 36.31 | epoch: 1 pq: 3 rg: 74 | total time: 19.03m | eta: 129.3m
step 00333/02520 (13.21%) | loss: 3.502519 | lrm: 1.00 | dt: 3536.25ms | tok/sec: 148,260 | bf16_mfu: 36.33 | epoch: 1 pq: 3 rg: 75 | total time: 19.09m | eta: 129.3m
step 00334/02520 (13.25%) | loss: 3.501483 | lrm: 1.00 | dt: 3542.45ms | tok/sec: 148,001 | bf16_mfu: 36.27 | epoch: 1 pq: 3 rg: 76 | total time: 19.15m | eta: 129.2m
step 00335/02520 (13.29%) | loss: 3.479592 | lrm: 1.00 | dt: 3539.66ms | tok/sec: 148,118 | bf16_mfu: 36.30 | epoch: 1 pq: 3 rg: 77 | total time: 19.21m | eta: 129.1m
step 00336/02520 (13.33%) | loss: 3.487176 | lrm: 1.00 | dt: 3537.71ms | tok/sec: 148,199 | bf16_mfu: 36.32 | epoch: 1 pq: 3 rg: 78 | total time: 19.27m | eta: 129.1m
step 00337/02520 (13.37%) | loss: 3.474700 | lrm: 1.00 | dt: 3538.76ms | tok/sec: 148,155 | bf16_mfu: 36.31 | epoch: 1 pq: 3 rg: 79 | total time: 19.33m | eta: 129.0m
step 00338/02520 (13.41%) | loss: 3.474239 | lrm: 1.00 | dt: 3537.61ms | tok/sec: 148,204 | bf16_mfu: 36.32 | epoch: 1 pq: 3 rg: 80 | total time: 19.39m | eta: 129.0m
step 00339/02520 (13.45%) | loss: 3.481755 | lrm: 1.00 | dt: 3537.17ms | tok/sec: 148,222 | bf16_mfu: 36.32 | epoch: 1 pq: 3 rg: 81 | total time: 19.45m | eta: 128.9m
step 00340/02520 (13.49%) | loss: 3.493658 | lrm: 1.00 | dt: 3538.51ms | tok/sec: 148,166 | bf16_mfu: 36.31 | epoch: 1 pq: 4 rg: 0 | total time: 19.50m | eta: 128.8m
step 00341/02520 (13.53%) | loss: 3.488757 | lrm: 1.00 | dt: 3539.05ms | tok/sec: 148,143 | bf16_mfu: 36.30 | epoch: 1 pq: 4 rg: 1 | total time: 19.56m | eta: 128.8m
step 00342/02520 (13.57%) | loss: 3.474279 | lrm: 1.00 | dt: 3536.79ms | tok/sec: 148,238 | bf16_mfu: 36.33 | epoch: 1 pq: 4 rg: 2 | total time: 19.62m | eta: 128.7m
step 00343/02520 (13.61%) | loss: 3.469648 | lrm: 1.00 | dt: 3540.39ms | tok/sec: 148,087 | bf16_mfu: 36.29 | epoch: 1 pq: 4 rg: 3 | total time: 19.68m | eta: 128.7m
step 00344/02520 (13.65%) | loss: 3.486633 | lrm: 1.00 | dt: 3538.22ms | tok/sec: 148,178 | bf16_mfu: 36.31 | epoch: 1 pq: 4 rg: 4 | total time: 19.74m | eta: 128.6m
step 00345/02520 (13.69%) | loss: 3.492373 | lrm: 1.00 | dt: 3542.20ms | tok/sec: 148,011 | bf16_mfu: 36.27 | epoch: 1 pq: 4 rg: 5 | total time: 19.80m | eta: 128.5m
step 00346/02520 (13.73%) | loss: 3.473616 | lrm: 1.00 | dt: 3534.31ms | tok/sec: 148,342 | bf16_mfu: 36.35 | epoch: 1 pq: 4 rg: 6 | total time: 19.86m | eta: 128.5m
step 00347/02520 (13.77%) | loss: 3.457325 | lrm: 1.00 | dt: 3532.34ms | tok/sec: 148,424 | bf16_mfu: 36.37 | epoch: 1 pq: 4 rg: 7 | total time: 19.92m | eta: 128.4m
step 00348/02520 (13.81%) | loss: 3.449650 | lrm: 1.00 | dt: 3530.42ms | tok/sec: 148,505 | bf16_mfu: 36.39 | epoch: 1 pq: 4 rg: 8 | total time: 19.98m | eta: 128.4m
step 00349/02520 (13.85%) | loss: 3.453936 | lrm: 1.00 | dt: 3534.96ms | tok/sec: 148,315 | bf16_mfu: 36.35 | epoch: 1 pq: 4 rg: 9 | total time: 20.03m | eta: 128.3m
<|bos|>The capital of France is the capital of the capital of the capital of the capital of the capital of the
<|bos|>The chemical symbol of gold is the symbol of the gold. It is the symbol of the gold. It is
<|bos|>If yesterday was Friday, then tomorrow will be the time to get the most out of the new year. The new year will
<|bos|>The opposite of hot is the case of hot air. The air is the same as the air. The
<|bos|>The planets of the solar system are: 1. 2. 3. 4. 5. 
<|bos|>My favorite color is the way it is used. I have a lot of people who are not sure
<|bos|>If 5*x + 3 = 13, then x is the number of times the number of times the number of times the number of times
step 00350/02520 (13.89%) | loss: 3.443190 | lrm: 1.00 | dt: 3528.97ms | tok/sec: 148,566 | bf16_mfu: 36.41 | epoch: 1 pq: 4 rg: 10 | total time: 20.09m | eta: 128.2m
step 00351/02520 (13.93%) | loss: 3.429471 | lrm: 1.00 | dt: 3527.28ms | tok/sec: 148,637 | bf16_mfu: 36.42 | epoch: 1 pq: 4 rg: 11 | total time: 20.15m | eta: 128.2m
step 00352/02520 (13.97%) | loss: 3.442541 | lrm: 1.00 | dt: 3534.27ms | tok/sec: 148,344 | bf16_mfu: 36.35 | epoch: 1 pq: 4 rg: 12 | total time: 20.21m | eta: 128.1m
step 00353/02520 (14.01%) | loss: 3.445859 | lrm: 1.00 | dt: 3527.37ms | tok/sec: 148,634 | bf16_mfu: 36.42 | epoch: 1 pq: 4 rg: 13 | total time: 20.27m | eta: 128.1m
step 00354/02520 (14.05%) | loss: 3.445064 | lrm: 1.00 | dt: 3529.86ms | tok/sec: 148,529 | bf16_mfu: 36.40 | epoch: 1 pq: 4 rg: 14 | total time: 20.33m | eta: 128.0m
step 00355/02520 (14.09%) | loss: 3.408144 | lrm: 1.00 | dt: 3523.39ms | tok/sec: 148,802 | bf16_mfu: 36.46 | epoch: 1 pq: 4 rg: 14 | total time: 20.39m | eta: 127.9m
step 00356/02520 (14.13%) | loss: 3.398100 | lrm: 1.00 | dt: 3522.46ms | tok/sec: 148,841 | bf16_mfu: 36.47 | epoch: 1 pq: 4 rg: 15 | total time: 20.45m | eta: 127.9m
step 00357/02520 (14.17%) | loss: 3.381803 | lrm: 1.00 | dt: 3527.35ms | tok/sec: 148,634 | bf16_mfu: 36.42 | epoch: 1 pq: 4 rg: 16 | total time: 20.51m | eta: 127.8m
step 00358/02520 (14.21%) | loss: 3.381235 | lrm: 1.00 | dt: 3526.69ms | tok/sec: 148,662 | bf16_mfu: 36.43 | epoch: 1 pq: 4 rg: 17 | total time: 20.56m | eta: 127.8m
step 00359/02520 (14.25%) | loss: 3.383976 | lrm: 1.00 | dt: 3522.19ms | tok/sec: 148,853 | bf16_mfu: 36.48 | epoch: 1 pq: 4 rg: 18 | total time: 20.62m | eta: 127.7m
step 00360/02520 (14.29%) | loss: 3.374890 | lrm: 1.00 | dt: 3532.66ms | tok/sec: 148,411 | bf16_mfu: 36.37 | epoch: 1 pq: 4 rg: 19 | total time: 20.68m | eta: 127.6m
step 00361/02520 (14.33%) | loss: 3.390674 | lrm: 1.00 | dt: 3537.42ms | tok/sec: 148,212 | bf16_mfu: 36.32 | epoch: 1 pq: 4 rg: 20 | total time: 20.74m | eta: 127.6m
step 00362/02520 (14.37%) | loss: 3.403271 | lrm: 1.00 | dt: 3532.49ms | tok/sec: 148,418 | bf16_mfu: 36.37 | epoch: 1 pq: 4 rg: 21 | total time: 20.80m | eta: 127.5m
step 00363/02520 (14.40%) | loss: 3.394627 | lrm: 1.00 | dt: 3527.96ms | tok/sec: 148,609 | bf16_mfu: 36.42 | epoch: 1 pq: 4 rg: 22 | total time: 20.86m | eta: 127.5m
step 00364/02520 (14.44%) | loss: 3.392578 | lrm: 1.00 | dt: 3524.02ms | tok/sec: 148,775 | bf16_mfu: 36.46 | epoch: 1 pq: 4 rg: 23 | total time: 20.92m | eta: 127.4m
step 00365/02520 (14.48%) | loss: 3.384339 | lrm: 1.00 | dt: 3525.12ms | tok/sec: 148,729 | bf16_mfu: 36.45 | epoch: 1 pq: 4 rg: 24 | total time: 20.98m | eta: 127.3m
step 00366/02520 (14.52%) | loss: 3.405728 | lrm: 1.00 | dt: 3527.27ms | tok/sec: 148,638 | bf16_mfu: 36.42 | epoch: 1 pq: 4 rg: 25 | total time: 21.03m | eta: 127.3m
step 00367/02520 (14.56%) | loss: 3.411849 | lrm: 1.00 | dt: 3529.50ms | tok/sec: 148,544 | bf16_mfu: 36.40 | epoch: 1 pq: 4 rg: 26 | total time: 21.09m | eta: 127.2m
step 00368/02520 (14.60%) | loss: 3.418766 | lrm: 1.00 | dt: 3527.78ms | tok/sec: 148,616 | bf16_mfu: 36.42 | epoch: 1 pq: 4 rg: 27 | total time: 21.15m | eta: 127.1m
step 00369/02520 (14.64%) | loss: 3.421539 | lrm: 1.00 | dt: 3523.10ms | tok/sec: 148,814 | bf16_mfu: 36.47 | epoch: 1 pq: 4 rg: 28 | total time: 21.21m | eta: 127.1m
step 00370/02520 (14.68%) | loss: 3.421218 | lrm: 1.00 | dt: 3527.46ms | tok/sec: 148,630 | bf16_mfu: 36.42 | epoch: 1 pq: 4 rg: 29 | total time: 21.27m | eta: 127.0m
step 00371/02520 (14.72%) | loss: 3.419979 | lrm: 1.00 | dt: 3540.89ms | tok/sec: 148,066 | bf16_mfu: 36.28 | epoch: 1 pq: 4 rg: 30 | total time: 21.33m | eta: 127.0m
step 00372/02520 (14.76%) | loss: 3.435931 | lrm: 1.00 | dt: 3538.39ms | tok/sec: 148,171 | bf16_mfu: 36.31 | epoch: 1 pq: 4 rg: 31 | total time: 21.39m | eta: 126.9m
step 00373/02520 (14.80%) | loss: 3.447491 | lrm: 1.00 | dt: 3537.42ms | tok/sec: 148,211 | bf16_mfu: 36.32 | epoch: 1 pq: 4 rg: 32 | total time: 21.45m | eta: 126.8m
step 00374/02520 (14.84%) | loss: 3.439911 | lrm: 1.00 | dt: 3539.25ms | tok/sec: 148,135 | bf16_mfu: 36.30 | epoch: 1 pq: 4 rg: 33 | total time: 21.51m | eta: 126.8m
step 00375/02520 (14.88%) | loss: 3.426261 | lrm: 1.00 | dt: 3527.63ms | tok/sec: 148,623 | bf16_mfu: 36.42 | epoch: 1 pq: 4 rg: 34 | total time: 21.56m | eta: 126.7m
step 00376/02520 (14.92%) | loss: 3.411033 | lrm: 1.00 | dt: 3533.56ms | tok/sec: 148,373 | bf16_mfu: 36.36 | epoch: 1 pq: 4 rg: 35 | total time: 21.62m | eta: 126.7m
step 00377/02520 (14.96%) | loss: 3.437430 | lrm: 1.00 | dt: 3534.65ms | tok/sec: 148,328 | bf16_mfu: 36.35 | epoch: 1 pq: 4 rg: 36 | total time: 21.68m | eta: 126.6m
step 00378/02520 (15.00%) | loss: 3.426698 | lrm: 1.00 | dt: 3539.06ms | tok/sec: 148,143 | bf16_mfu: 36.30 | epoch: 1 pq: 4 rg: 37 | total time: 21.74m | eta: 126.5m
step 00379/02520 (15.04%) | loss: 3.422127 | lrm: 1.00 | dt: 3524.72ms | tok/sec: 148,746 | bf16_mfu: 36.45 | epoch: 1 pq: 4 rg: 38 | total time: 21.80m | eta: 126.5m
step 00380/02520 (15.08%) | loss: 3.411417 | lrm: 1.00 | dt: 3528.31ms | tok/sec: 148,594 | bf16_mfu: 36.41 | epoch: 1 pq: 4 rg: 39 | total time: 21.86m | eta: 126.4m
step 00381/02520 (15.12%) | loss: 3.416705 | lrm: 1.00 | dt: 3524.32ms | tok/sec: 148,762 | bf16_mfu: 36.46 | epoch: 1 pq: 4 rg: 40 | total time: 21.92m | eta: 126.4m
step 00382/02520 (15.16%) | loss: 3.417774 | lrm: 1.00 | dt: 3530.37ms | tok/sec: 148,507 | bf16_mfu: 36.39 | epoch: 1 pq: 4 rg: 41 | total time: 21.98m | eta: 126.3m
step 00383/02520 (15.20%) | loss: 3.407179 | lrm: 1.00 | dt: 3528.54ms | tok/sec: 148,585 | bf16_mfu: 36.41 | epoch: 1 pq: 4 rg: 42 | total time: 22.03m | eta: 126.2m
step 00384/02520 (15.24%) | loss: 3.396046 | lrm: 1.00 | dt: 3535.81ms | tok/sec: 148,279 | bf16_mfu: 36.34 | epoch: 1 pq: 4 rg: 43 | total time: 22.09m | eta: 126.2m
step 00385/02520 (15.28%) | loss: 3.397151 | lrm: 1.00 | dt: 3528.32ms | tok/sec: 148,594 | bf16_mfu: 36.41 | epoch: 1 pq: 4 rg: 44 | total time: 22.15m | eta: 126.1m
step 00386/02520 (15.32%) | loss: 3.414675 | lrm: 1.00 | dt: 3532.35ms | tok/sec: 148,424 | bf16_mfu: 36.37 | epoch: 1 pq: 4 rg: 45 | total time: 22.21m | eta: 126.1m
step 00387/02520 (15.36%) | loss: 3.414349 | lrm: 1.00 | dt: 3524.46ms | tok/sec: 148,756 | bf16_mfu: 36.45 | epoch: 1 pq: 4 rg: 46 | total time: 22.27m | eta: 126.0m
step 00388/02520 (15.40%) | loss: 3.400825 | lrm: 1.00 | dt: 3531.84ms | tok/sec: 148,446 | bf16_mfu: 36.38 | epoch: 1 pq: 4 rg: 47 | total time: 22.33m | eta: 125.9m
step 00389/02520 (15.44%) | loss: 3.398437 | lrm: 1.00 | dt: 3526.04ms | tok/sec: 148,690 | bf16_mfu: 36.44 | epoch: 1 pq: 4 rg: 47 | total time: 22.39m | eta: 125.9m
step 00390/02520 (15.48%) | loss: 3.393613 | lrm: 1.00 | dt: 3524.98ms | tok/sec: 148,735 | bf16_mfu: 36.45 | epoch: 1 pq: 4 rg: 48 | total time: 22.45m | eta: 125.8m
step 00391/02520 (15.52%) | loss: 3.399647 | lrm: 1.00 | dt: 3521.69ms | tok/sec: 148,874 | bf16_mfu: 36.48 | epoch: 1 pq: 4 rg: 49 | total time: 22.51m | eta: 125.8m
step 00392/02520 (15.56%) | loss: 3.402356 | lrm: 1.00 | dt: 3524.34ms | tok/sec: 148,761 | bf16_mfu: 36.45 | epoch: 1 pq: 4 rg: 50 | total time: 22.56m | eta: 125.7m
step 00393/02520 (15.60%) | loss: 3.400007 | lrm: 1.00 | dt: 3520.59ms | tok/sec: 148,920 | bf16_mfu: 36.49 | epoch: 1 pq: 4 rg: 51 | total time: 22.62m | eta: 125.6m
step 00394/02520 (15.63%) | loss: 3.408673 | lrm: 1.00 | dt: 3519.01ms | tok/sec: 148,987 | bf16_mfu: 36.51 | epoch: 1 pq: 4 rg: 52 | total time: 22.68m | eta: 125.6m
step 00395/02520 (15.67%) | loss: 3.424637 | lrm: 1.00 | dt: 3518.68ms | tok/sec: 149,001 | bf16_mfu: 36.51 | epoch: 1 pq: 4 rg: 53 | total time: 22.74m | eta: 125.5m
step 00396/02520 (15.71%) | loss: 3.421507 | lrm: 1.00 | dt: 3520.35ms | tok/sec: 148,930 | bf16_mfu: 36.50 | epoch: 1 pq: 4 rg: 54 | total time: 22.80m | eta: 125.5m
step 00397/02520 (15.75%) | loss: 3.427986 | lrm: 1.00 | dt: 3520.10ms | tok/sec: 148,941 | bf16_mfu: 36.50 | epoch: 1 pq: 4 rg: 55 | total time: 22.86m | eta: 125.4m
step 00398/02520 (15.79%) | loss: 3.435635 | lrm: 1.00 | dt: 3519.46ms | tok/sec: 148,968 | bf16_mfu: 36.51 | epoch: 1 pq: 4 rg: 56 | total time: 22.92m | eta: 125.3m
step 00399/02520 (15.83%) | loss: 3.429525 | lrm: 1.00 | dt: 3519.43ms | tok/sec: 148,969 | bf16_mfu: 36.51 | epoch: 1 pq: 4 rg: 57 | total time: 22.97m | eta: 125.3m
<|bos|>The capital of France is the capital of the French capital of France. It is the capital of France.
<|bos|>The chemical symbol of gold is a symbol of the power of the universe. It is a symbol of the universe
<|bos|>If yesterday was Friday, then tomorrow will be the day to be celebrated. The day will be celebrated on Tuesday, 4
<|bos|>The opposite of hot is the case of the case of the case of the case of the case of the
<|bos|>The planets of the solar system are: 1. The solar system is a solar system that is located in the solar
<|bos|>My favorite color is the red. I have a lot of color in my head. I have a
<|bos|>If 5*x + 3 = 13, then x is the number of 5*x + 3*x + 3*
step 00400/02520 (15.87%) | loss: 3.418214 | lrm: 1.00 | dt: 3523.55ms | tok/sec: 148,795 | bf16_mfu: 36.46 | epoch: 1 pq: 4 rg: 58 | total time: 23.03m | eta: 125.2m
step 00401/02520 (15.91%) | loss: 3.411897 | lrm: 1.00 | dt: 3520.07ms | tok/sec: 148,942 | bf16_mfu: 36.50 | epoch: 1 pq: 4 rg: 59 | total time: 23.09m | eta: 125.1m
step 00402/02520 (15.95%) | loss: 3.405945 | lrm: 1.00 | dt: 3519.58ms | tok/sec: 148,963 | bf16_mfu: 36.50 | epoch: 1 pq: 4 rg: 60 | total time: 23.15m | eta: 125.1m
step 00403/02520 (15.99%) | loss: 3.401776 | lrm: 1.00 | dt: 3519.59ms | tok/sec: 148,962 | bf16_mfu: 36.50 | epoch: 1 pq: 4 rg: 61 | total time: 23.21m | eta: 125.0m
step 00404/02520 (16.03%) | loss: 3.391486 | lrm: 1.00 | dt: 3522.70ms | tok/sec: 148,831 | bf16_mfu: 36.47 | epoch: 1 pq: 4 rg: 62 | total time: 23.27m | eta: 125.0m
step 00405/02520 (16.07%) | loss: 3.407516 | lrm: 1.00 | dt: 3521.87ms | tok/sec: 148,866 | bf16_mfu: 36.48 | epoch: 1 pq: 4 rg: 63 | total time: 23.33m | eta: 124.9m
step 00406/02520 (16.11%) | loss: 3.417403 | lrm: 1.00 | dt: 3519.73ms | tok/sec: 148,957 | bf16_mfu: 36.50 | epoch: 1 pq: 4 rg: 64 | total time: 23.39m | eta: 124.8m
step 00407/02520 (16.15%) | loss: 3.414446 | lrm: 1.00 | dt: 3519.15ms | tok/sec: 148,981 | bf16_mfu: 36.51 | epoch: 1 pq: 4 rg: 65 | total time: 23.44m | eta: 124.8m
step 00408/02520 (16.19%) | loss: 3.405363 | lrm: 1.00 | dt: 3520.79ms | tok/sec: 148,911 | bf16_mfu: 36.49 | epoch: 1 pq: 4 rg: 66 | total time: 23.50m | eta: 124.7m
step 00409/02520 (16.23%) | loss: 3.406729 | lrm: 1.00 | dt: 3513.78ms | tok/sec: 149,208 | bf16_mfu: 36.56 | epoch: 1 pq: 4 rg: 67 | total time: 23.56m | eta: 124.7m
step 00410/02520 (16.27%) | loss: 3.416433 | lrm: 1.00 | dt: 3517.59ms | tok/sec: 149,047 | bf16_mfu: 36.52 | epoch: 1 pq: 4 rg: 68 | total time: 23.62m | eta: 124.6m
step 00411/02520 (16.31%) | loss: 3.417459 | lrm: 1.00 | dt: 3519.00ms | tok/sec: 148,987 | bf16_mfu: 36.51 | epoch: 1 pq: 4 rg: 69 | total time: 23.68m | eta: 124.5m
step 00412/02520 (16.35%) | loss: 3.421162 | lrm: 1.00 | dt: 3520.43ms | tok/sec: 148,927 | bf16_mfu: 36.50 | epoch: 1 pq: 4 rg: 70 | total time: 23.74m | eta: 124.5m
step 00413/02520 (16.39%) | loss: 3.417534 | lrm: 1.00 | dt: 3519.31ms | tok/sec: 148,974 | bf16_mfu: 36.51 | epoch: 1 pq: 4 rg: 71 | total time: 23.80m | eta: 124.4m
step 00414/02520 (16.43%) | loss: 3.412275 | lrm: 1.00 | dt: 3519.33ms | tok/sec: 148,973 | bf16_mfu: 36.51 | epoch: 1 pq: 4 rg: 72 | total time: 23.85m | eta: 124.4m
step 00415/02520 (16.47%) | loss: 3.399725 | lrm: 1.00 | dt: 3520.25ms | tok/sec: 148,934 | bf16_mfu: 36.50 | epoch: 1 pq: 4 rg: 73 | total time: 23.91m | eta: 124.3m
step 00416/02520 (16.51%) | loss: 3.404996 | lrm: 1.00 | dt: 3516.38ms | tok/sec: 149,098 | bf16_mfu: 36.54 | epoch: 1 pq: 4 rg: 74 | total time: 23.97m | eta: 124.2m
step 00417/02520 (16.55%) | loss: 3.400150 | lrm: 1.00 | dt: 3518.43ms | tok/sec: 149,011 | bf16_mfu: 36.52 | epoch: 1 pq: 4 rg: 75 | total time: 24.03m | eta: 124.2m
step 00418/02520 (16.59%) | loss: 3.391699 | lrm: 1.00 | dt: 3518.74ms | tok/sec: 148,998 | bf16_mfu: 36.51 | epoch: 1 pq: 4 rg: 76 | total time: 24.09m | eta: 124.1m
step 00419/02520 (16.63%) | loss: 3.395953 | lrm: 1.00 | dt: 3518.52ms | tok/sec: 149,007 | bf16_mfu: 36.52 | epoch: 1 pq: 4 rg: 77 | total time: 24.15m | eta: 124.0m
step 00420/02520 (16.67%) | loss: 3.391357 | lrm: 1.00 | dt: 3518.67ms | tok/sec: 149,001 | bf16_mfu: 36.51 | epoch: 1 pq: 4 rg: 78 | total time: 24.21m | eta: 124.0m
step 00421/02520 (16.71%) | loss: 3.382711 | lrm: 1.00 | dt: 3517.78ms | tok/sec: 149,039 | bf16_mfu: 36.52 | epoch: 1 pq: 4 rg: 79 | total time: 24.27m | eta: 123.9m
step 00422/02520 (16.75%) | loss: 3.384378 | lrm: 1.00 | dt: 3519.03ms | tok/sec: 148,986 | bf16_mfu: 36.51 | epoch: 1 pq: 4 rg: 79 | total time: 24.32m | eta: 123.9m
step 00423/02520 (16.79%) | loss: 3.371947 | lrm: 1.00 | dt: 3518.85ms | tok/sec: 148,993 | bf16_mfu: 36.51 | epoch: 1 pq: 4 rg: 80 | total time: 24.38m | eta: 123.8m
step 00424/02520 (16.83%) | loss: 3.374894 | lrm: 1.00 | dt: 3517.09ms | tok/sec: 149,068 | bf16_mfu: 36.53 | epoch: 1 pq: 4 rg: 81 | total time: 24.44m | eta: 123.7m
step 00425/02520 (16.87%) | loss: 3.373894 | lrm: 1.00 | dt: 3520.32ms | tok/sec: 148,931 | bf16_mfu: 36.50 | epoch: 1 pq: 5 rg: 0 | total time: 24.50m | eta: 123.7m
step 00426/02520 (16.90%) | loss: 3.372249 | lrm: 1.00 | dt: 3517.57ms | tok/sec: 149,048 | bf16_mfu: 36.53 | epoch: 1 pq: 5 rg: 1 | total time: 24.56m | eta: 123.6m
step 00427/02520 (16.94%) | loss: 3.366910 | lrm: 1.00 | dt: 3521.47ms | tok/sec: 148,883 | bf16_mfu: 36.48 | epoch: 1 pq: 5 rg: 2 | total time: 24.62m | eta: 123.6m
step 00428/02520 (16.98%) | loss: 3.363248 | lrm: 1.00 | dt: 3518.50ms | tok/sec: 149,008 | bf16_mfu: 36.52 | epoch: 1 pq: 5 rg: 3 | total time: 24.68m | eta: 123.5m
step 00429/02520 (17.02%) | loss: 3.368748 | lrm: 1.00 | dt: 3517.11ms | tok/sec: 149,067 | bf16_mfu: 36.53 | epoch: 1 pq: 5 rg: 4 | total time: 24.73m | eta: 123.4m
step 00430/02520 (17.06%) | loss: 3.360812 | lrm: 1.00 | dt: 3518.54ms | tok/sec: 149,007 | bf16_mfu: 36.51 | epoch: 1 pq: 5 rg: 5 | total time: 24.79m | eta: 123.4m
step 00431/02520 (17.10%) | loss: 3.347777 | lrm: 1.00 | dt: 3520.69ms | tok/sec: 148,916 | bf16_mfu: 36.49 | epoch: 1 pq: 5 rg: 6 | total time: 24.85m | eta: 123.3m
step 00432/02520 (17.14%) | loss: 3.354082 | lrm: 1.00 | dt: 3518.05ms | tok/sec: 149,028 | bf16_mfu: 36.52 | epoch: 1 pq: 5 rg: 7 | total time: 24.91m | eta: 123.3m
step 00433/02520 (17.18%) | loss: 3.345032 | lrm: 1.00 | dt: 3516.72ms | tok/sec: 149,084 | bf16_mfu: 36.53 | epoch: 1 pq: 5 rg: 8 | total time: 24.97m | eta: 123.2m
step 00434/02520 (17.22%) | loss: 3.319704 | lrm: 1.00 | dt: 3515.69ms | tok/sec: 149,128 | bf16_mfu: 36.54 | epoch: 1 pq: 5 rg: 9 | total time: 25.03m | eta: 123.1m
step 00435/02520 (17.26%) | loss: 3.316353 | lrm: 1.00 | dt: 3518.99ms | tok/sec: 148,988 | bf16_mfu: 36.51 | epoch: 1 pq: 5 rg: 10 | total time: 25.09m | eta: 123.1m
step 00436/02520 (17.30%) | loss: 3.322744 | lrm: 1.00 | dt: 3520.89ms | tok/sec: 148,907 | bf16_mfu: 36.49 | epoch: 1 pq: 5 rg: 11 | total time: 25.14m | eta: 123.0m
step 00437/02520 (17.34%) | loss: 3.330051 | lrm: 1.00 | dt: 3517.36ms | tok/sec: 149,057 | bf16_mfu: 36.53 | epoch: 1 pq: 5 rg: 12 | total time: 25.20m | eta: 122.9m
step 00438/02520 (17.38%) | loss: 3.340291 | lrm: 1.00 | dt: 3512.08ms | tok/sec: 149,281 | bf16_mfu: 36.58 | epoch: 1 pq: 5 rg: 13 | total time: 25.26m | eta: 122.9m
step 00439/02520 (17.42%) | loss: 3.342616 | lrm: 1.00 | dt: 3509.76ms | tok/sec: 149,379 | bf16_mfu: 36.61 | epoch: 1 pq: 5 rg: 14 | total time: 25.32m | eta: 122.8m
step 00440/02520 (17.46%) | loss: 3.359551 | lrm: 1.00 | dt: 3514.21ms | tok/sec: 149,190 | bf16_mfu: 36.56 | epoch: 1 pq: 5 rg: 15 | total time: 25.38m | eta: 122.8m
step 00441/02520 (17.50%) | loss: 3.360878 | lrm: 1.00 | dt: 3514.13ms | tok/sec: 149,194 | bf16_mfu: 36.56 | epoch: 1 pq: 5 rg: 16 | total time: 25.44m | eta: 122.7m
step 00442/02520 (17.54%) | loss: 3.358201 | lrm: 1.00 | dt: 3518.74ms | tok/sec: 148,998 | bf16_mfu: 36.51 | epoch: 1 pq: 5 rg: 17 | total time: 25.50m | eta: 122.6m
step 00443/02520 (17.58%) | loss: 3.353841 | lrm: 1.00 | dt: 3517.85ms | tok/sec: 149,036 | bf16_mfu: 36.52 | epoch: 1 pq: 5 rg: 18 | total time: 25.55m | eta: 122.6m
step 00444/02520 (17.62%) | loss: 3.357843 | lrm: 1.00 | dt: 3512.49ms | tok/sec: 149,263 | bf16_mfu: 36.58 | epoch: 1 pq: 5 rg: 19 | total time: 25.61m | eta: 122.5m
step 00445/02520 (17.66%) | loss: 3.347809 | lrm: 1.00 | dt: 3513.30ms | tok/sec: 149,229 | bf16_mfu: 36.57 | epoch: 1 pq: 5 rg: 20 | total time: 25.67m | eta: 122.5m
step 00446/02520 (17.70%) | loss: 3.370422 | lrm: 1.00 | dt: 3514.38ms | tok/sec: 149,183 | bf16_mfu: 36.56 | epoch: 1 pq: 5 rg: 20 | total time: 25.73m | eta: 122.4m
step 00447/02520 (17.74%) | loss: 3.381755 | lrm: 1.00 | dt: 3518.90ms | tok/sec: 148,991 | bf16_mfu: 36.51 | epoch: 1 pq: 5 rg: 21 | total time: 25.79m | eta: 122.3m
step 00448/02520 (17.78%) | loss: 3.396010 | lrm: 1.00 | dt: 3515.42ms | tok/sec: 149,139 | bf16_mfu: 36.55 | epoch: 1 pq: 5 rg: 22 | total time: 25.85m | eta: 122.3m
step 00449/02520 (17.82%) | loss: 3.387340 | lrm: 1.00 | dt: 3508.72ms | tok/sec: 149,424 | bf16_mfu: 36.62 | epoch: 1 pq: 5 rg: 23 | total time: 25.91m | eta: 122.2m
Step 00450 | Validation bpb: 1.040791
<|bos|>The capital of France is the capital of the world. The capital of France is the capital of the world
<|bos|>The chemical symbol of gold is the symbol of the earth's crust. It is a symbol of the earth's
<|bos|>If yesterday was Friday, then tomorrow will be Friday. The only thing that I can do is to get a new one.
<|bos|>The opposite of hot is the opposite of hot is the opposite of hot is the opposite of hot is the
<|bos|>The planets of the solar system are: 1. They are: 2. They are: 3. They
<|bos|>My favorite color is a blue. I have a blue color that is a blue. I have a
<|bos|>If 5*x + 3 = 13, then x is 13. If x is 13, then x is 13. If
2026-09-25 18:26:40,716 - nanochat.checkpoint_manager - [32m[1mINFO[0m - Saved model parameters to: /local/s3774740/d12/cache/base_checkpoints/d12v32768/model_000450.pt
2026-09-25 18:26:40,717 - nanochat.checkpoint_manager - [32m[1mINFO[0m - Saved metadata to: /local/s3774740/d12/cache/base_checkpoints/d12v32768/meta_000450.json
2026-09-25 18:26:41,482 - nanochat.checkpoint_manager - [32m[1mINFO[0m - Saved optimizer state to: /local/s3774740/d12/cache/base_checkpoints/d12v32768/optim_000450_rank0.pt
step 00450/02520 (17.86%) | loss: 3.380567 | lrm: 1.00 | dt: 3530.69ms | tok/sec: 148,494 | bf16_mfu: 36.39 | epoch: 1 pq: 5 rg: 24 | total time: 25.97m | eta: 122.2m
step 00451/02520 (17.90%) | loss: 3.397794 | lrm: 1.00 | dt: 3540.46ms | tok/sec: 148,084 | bf16_mfu: 36.29 | epoch: 1 pq: 5 rg: 25 | total time: 26.02m | eta: 122.1m
step 00452/02520 (17.94%) | loss: 3.377664 | lrm: 1.00 | dt: 3512.39ms | tok/sec: 149,267 | bf16_mfu: 36.58 | epoch: 1 pq: 5 rg: 26 | total time: 26.08m | eta: 122.0m
step 00453/02520 (17.98%) | loss: 3.352715 | lrm: 1.00 | dt: 3506.28ms | tok/sec: 149,528 | bf16_mfu: 36.64 | epoch: 1 pq: 5 rg: 27 | total time: 26.14m | eta: 122.0m
step 00454/02520 (18.02%) | loss: 3.358842 | lrm: 1.00 | dt: 3509.31ms | tok/sec: 149,399 | bf16_mfu: 36.61 | epoch: 1 pq: 5 rg: 28 | total time: 26.20m | eta: 121.9m
step 00455/02520 (18.06%) | loss: 3.374568 | lrm: 1.00 | dt: 3511.26ms | tok/sec: 149,316 | bf16_mfu: 36.59 | epoch: 1 pq: 5 rg: 29 | total time: 26.26m | eta: 121.8m
step 00456/02520 (18.10%) | loss: 3.366766 | lrm: 1.00 | dt: 3512.11ms | tok/sec: 149,280 | bf16_mfu: 36.58 | epoch: 1 pq: 5 rg: 30 | total time: 26.32m | eta: 121.8m
step 00457/02520 (18.13%) | loss: 3.359686 | lrm: 1.00 | dt: 3510.30ms | tok/sec: 149,356 | bf16_mfu: 36.60 | epoch: 1 pq: 5 rg: 31 | total time: 26.38m | eta: 121.7m
step 00458/02520 (18.17%) | loss: 3.358240 | lrm: 1.00 | dt: 3513.75ms | tok/sec: 149,210 | bf16_mfu: 36.56 | epoch: 1 pq: 5 rg: 32 | total time: 26.43m | eta: 121.7m
step 00459/02520 (18.21%) | loss: 3.363571 | lrm: 1.00 | dt: 3511.33ms | tok/sec: 149,313 | bf16_mfu: 36.59 | epoch: 1 pq: 5 rg: 33 | total time: 26.49m | eta: 121.6m
step 00460/02520 (18.25%) | loss: 3.362115 | lrm: 1.00 | dt: 3512.06ms | tok/sec: 149,282 | bf16_mfu: 36.58 | epoch: 1 pq: 5 rg: 34 | total time: 26.55m | eta: 121.5m
step 00461/02520 (18.29%) | loss: 3.371863 | lrm: 1.00 | dt: 3515.51ms | tok/sec: 149,135 | bf16_mfu: 36.55 | epoch: 1 pq: 5 rg: 35 | total time: 26.61m | eta: 121.5m
step 00462/02520 (18.33%) | loss: 3.366057 | lrm: 1.00 | dt: 3512.33ms | tok/sec: 149,270 | bf16_mfu: 36.58 | epoch: 1 pq: 5 rg: 36 | total time: 26.67m | eta: 121.4m
step 00463/02520 (18.37%) | loss: 3.348642 | lrm: 1.00 | dt: 3516.34ms | tok/sec: 149,100 | bf16_mfu: 36.54 | epoch: 1 pq: 5 rg: 37 | total time: 26.73m | eta: 121.4m
step 00464/02520 (18.41%) | loss: 3.349151 | lrm: 1.00 | dt: 3518.75ms | tok/sec: 148,998 | bf16_mfu: 36.51 | epoch: 1 pq: 5 rg: 38 | total time: 26.79m | eta: 121.3m
step 00465/02520 (18.45%) | loss: 3.337665 | lrm: 1.00 | dt: 3517.43ms | tok/sec: 149,054 | bf16_mfu: 36.53 | epoch: 1 pq: 5 rg: 39 | total time: 26.84m | eta: 121.2m
step 00466/02520 (18.49%) | loss: 3.341471 | lrm: 1.00 | dt: 3517.56ms | tok/sec: 149,048 | bf16_mfu: 36.53 | epoch: 1 pq: 5 rg: 40 | total time: 26.90m | eta: 121.2m
step 00467/02520 (18.53%) | loss: 3.355204 | lrm: 1.00 | dt: 3518.46ms | tok/sec: 149,010 | bf16_mfu: 36.52 | epoch: 1 pq: 5 rg: 41 | total time: 26.96m | eta: 121.1m
step 00468/02520 (18.57%) | loss: 3.357079 | lrm: 1.00 | dt: 3520.67ms | tok/sec: 148,917 | bf16_mfu: 36.49 | epoch: 1 pq: 5 rg: 42 | total time: 27.02m | eta: 121.1m
step 00469/02520 (18.61%) | loss: 3.340477 | lrm: 1.00 | dt: 3517.59ms | tok/sec: 149,047 | bf16_mfu: 36.52 | epoch: 1 pq: 5 rg: 43 | total time: 27.08m | eta: 121.0m
step 00470/02520 (18.65%) | loss: 3.331036 | lrm: 1.00 | dt: 3513.10ms | tok/sec: 149,238 | bf16_mfu: 36.57 | epoch: 1 pq: 5 rg: 44 | total time: 27.14m | eta: 120.9m
step 00471/02520 (18.69%) | loss: 3.345546 | lrm: 1.00 | dt: 3517.54ms | tok/sec: 149,049 | bf16_mfu: 36.53 | epoch: 1 pq: 5 rg: 45 | total time: 27.20m | eta: 120.9m
step 00472/02520 (18.73%) | loss: 3.362211 | lrm: 1.00 | dt: 3510.78ms | tok/sec: 149,336 | bf16_mfu: 36.60 | epoch: 1 pq: 5 rg: 46 | total time: 27.25m | eta: 120.8m
step 00473/02520 (18.77%) | loss: 3.351130 | lrm: 1.00 | dt: 3513.33ms | tok/sec: 149,228 | bf16_mfu: 36.57 | epoch: 1 pq: 5 rg: 47 | total time: 27.31m | eta: 120.8m
step 00474/02520 (18.81%) | loss: 3.338462 | lrm: 1.00 | dt: 3513.27ms | tok/sec: 149,230 | bf16_mfu: 36.57 | epoch: 1 pq: 5 rg: 48 | total time: 27.37m | eta: 120.7m
step 00475/02520 (18.85%) | loss: 3.324117 | lrm: 1.00 | dt: 3512.83ms | tok/sec: 149,249 | bf16_mfu: 36.57 | epoch: 1 pq: 5 rg: 49 | total time: 27.43m | eta: 120.6m
step 00476/02520 (18.89%) | loss: 3.314170 | lrm: 1.00 | dt: 3510.46ms | tok/sec: 149,350 | bf16_mfu: 36.60 | epoch: 1 pq: 5 rg: 50 | total time: 27.49m | eta: 120.6m
step 00477/02520 (18.93%) | loss: 3.322079 | lrm: 1.00 | dt: 3512.76ms | tok/sec: 149,252 | bf16_mfu: 36.57 | epoch: 1 pq: 5 rg: 50 | total time: 27.55m | eta: 120.5m
step 00478/02520 (18.97%) | loss: 3.324833 | lrm: 1.00 | dt: 3509.90ms | tok/sec: 149,373 | bf16_mfu: 36.60 | epoch: 1 pq: 5 rg: 51 | total time: 27.61m | eta: 120.4m
step 00479/02520 (19.01%) | loss: 3.313017 | lrm: 1.00 | dt: 3511.26ms | tok/sec: 149,316 | bf16_mfu: 36.59 | epoch: 1 pq: 5 rg: 52 | total time: 27.66m | eta: 120.4m
step 00480/02520 (19.05%) | loss: 3.315849 | lrm: 1.00 | dt: 3516.29ms | tok/sec: 149,102 | bf16_mfu: 36.54 | epoch: 1 pq: 5 rg: 53 | total time: 27.72m | eta: 120.3m
step 00481/02520 (19.09%) | loss: 3.329142 | lrm: 1.00 | dt: 3512.06ms | tok/sec: 149,282 | bf16_mfu: 36.58 | epoch: 1 pq: 5 rg: 54 | total time: 27.78m | eta: 120.3m
step 00482/02520 (19.13%) | loss: 3.309182 | lrm: 1.00 | dt: 3513.93ms | tok/sec: 149,202 | bf16_mfu: 36.56 | epoch: 1 pq: 5 rg: 55 | total time: 27.84m | eta: 120.2m
step 00483/02520 (19.17%) | loss: 3.321066 | lrm: 1.00 | dt: 3512.86ms | tok/sec: 149,248 | bf16_mfu: 36.57 | epoch: 1 pq: 5 rg: 56 | total time: 27.90m | eta: 120.1m
step 00484/02520 (19.21%) | loss: 3.321027 | lrm: 1.00 | dt: 3511.60ms | tok/sec: 149,301 | bf16_mfu: 36.59 | epoch: 1 pq: 5 rg: 57 | total time: 27.96m | eta: 120.1m
step 00485/02520 (19.25%) | loss: 3.312017 | lrm: 1.00 | dt: 3510.28ms | tok/sec: 149,357 | bf16_mfu: 36.60 | epoch: 1 pq: 5 rg: 58 | total time: 28.01m | eta: 120.0m
step 00486/02520 (19.29%) | loss: 3.313951 | lrm: 1.00 | dt: 3516.07ms | tok/sec: 149,111 | bf16_mfu: 36.54 | epoch: 1 pq: 5 rg: 59 | total time: 28.07m | eta: 120.0m
step 00487/02520 (19.33%) | loss: 3.330620 | lrm: 1.00 | dt: 3515.20ms | tok/sec: 149,148 | bf16_mfu: 36.55 | epoch: 1 pq: 5 rg: 60 | total time: 28.13m | eta: 119.9m
step 00488/02520 (19.37%) | loss: 3.323740 | lrm: 1.00 | dt: 3510.59ms | tok/sec: 149,344 | bf16_mfu: 36.60 | epoch: 1 pq: 5 rg: 61 | total time: 28.19m | eta: 119.8m
step 00489/02520 (19.40%) | loss: 3.327229 | lrm: 1.00 | dt: 3509.46ms | tok/sec: 149,392 | bf16_mfu: 36.61 | epoch: 1 pq: 5 rg: 62 | total time: 28.25m | eta: 119.8m
step 00490/02520 (19.44%) | loss: 3.330434 | lrm: 1.00 | dt: 3516.07ms | tok/sec: 149,111 | bf16_mfu: 36.54 | epoch: 1 pq: 5 rg: 63 | total time: 28.31m | eta: 119.7m
step 00491/02520 (19.48%) | loss: 3.316343 | lrm: 1.00 | dt: 3513.99ms | tok/sec: 149,200 | bf16_mfu: 36.56 | epoch: 1 pq: 5 rg: 64 | total time: 28.37m | eta: 119.7m
step 00492/02520 (19.52%) | loss: 3.303443 | lrm: 1.00 | dt: 3514.96ms | tok/sec: 149,158 | bf16_mfu: 36.55 | epoch: 1 pq: 5 rg: 65 | total time: 28.42m | eta: 119.6m
step 00493/02520 (19.56%) | loss: 3.300849 | lrm: 1.00 | dt: 3513.99ms | tok/sec: 149,200 | bf16_mfu: 36.56 | epoch: 1 pq: 5 rg: 66 | total time: 28.48m | eta: 119.5m
step 00494/02520 (19.60%) | loss: 3.321797 | lrm: 1.00 | dt: 3514.79ms | tok/sec: 149,166 | bf16_mfu: 36.55 | epoch: 1 pq: 5 rg: 67 | total time: 28.54m | eta: 119.5m
step 00495/02520 (19.64%) | loss: 3.313163 | lrm: 1.00 | dt: 3515.19ms | tok/sec: 149,149 | bf16_mfu: 36.55 | epoch: 1 pq: 5 rg: 68 | total time: 28.60m | eta: 119.4m
step 00496/02520 (19.68%) | loss: 3.319868 | lrm: 1.00 | dt: 3511.34ms | tok/sec: 149,312 | bf16_mfu: 36.59 | epoch: 1 pq: 5 rg: 69 | total time: 28.66m | eta: 119.4m
step 00497/02520 (19.72%) | loss: 3.311075 | lrm: 1.00 | dt: 3512.29ms | tok/sec: 149,272 | bf16_mfu: 36.58 | epoch: 1 pq: 5 rg: 70 | total time: 28.72m | eta: 119.3m
step 00498/02520 (19.76%) | loss: 3.324136 | lrm: 1.00 | dt: 3511.98ms | tok/sec: 149,285 | bf16_mfu: 36.58 | epoch: 1 pq: 5 rg: 71 | total time: 28.78m | eta: 119.2m
step 00499/02520 (19.80%) | loss: 3.325387 | lrm: 1.00 | dt: 3510.10ms | tok/sec: 149,365 | bf16_mfu: 36.60 | epoch: 1 pq: 5 rg: 72 | total time: 28.83m | eta: 119.2m
<|bos|>The capital of France is the capital of the country. It is the capital of the country. It is
<|bos|>The chemical symbol of gold is a symbol of gold. It is a symbol of gold. It is a symbol
<|bos|>If yesterday was Friday, then tomorrow will be Friday, then Friday, then Friday, then Friday, then Friday, then Friday
<|bos|>The opposite of hot is the opposite of hot is the opposite of hot is the opposite of hot is the
<|bos|>The planets of the solar system are: 1. Earth's solar system is 2. Earth's solar system is
<|bos|>My favorite color is the black and white. I've been using it for a while now and I
<|bos|>If 5*x + 3 = 13, then x is 13, and x is 13, then x is 13, and
step 00500/02520 (19.84%) | loss: 3.329396 | lrm: 1.00 | dt: 3516.42ms | tok/sec: 149,096 | bf16_mfu: 36.54 | epoch: 1 pq: 5 rg: 73 | total time: 28.89m | eta: 119.1m
step 00501/02520 (19.88%) | loss: 3.320178 | lrm: 1.00 | dt: 3510.52ms | tok/sec: 149,347 | bf16_mfu: 36.60 | epoch: 1 pq: 5 rg: 74 | total time: 28.95m | eta: 119.1m
step 00502/02520 (19.92%) | loss: 3.296943 | lrm: 1.00 | dt: 3517.81ms | tok/sec: 149,038 | bf16_mfu: 36.52 | epoch: 1 pq: 5 rg: 75 | total time: 29.01m | eta: 119.0m
step 00503/02520 (19.96%) | loss: 3.275930 | lrm: 1.00 | dt: 3511.96ms | tok/sec: 149,286 | bf16_mfu: 36.58 | epoch: 1 pq: 5 rg: 76 | total time: 29.07m | eta: 118.9m
step 00504/02520 (20.00%) | loss: 3.286663 | lrm: 1.00 | dt: 3513.24ms | tok/sec: 149,232 | bf16_mfu: 36.57 | epoch: 1 pq: 5 rg: 77 | total time: 29.13m | eta: 118.9m
step 00505/02520 (20.04%) | loss: 3.279244 | lrm: 1.00 | dt: 3514.26ms | tok/sec: 149,188 | bf16_mfu: 36.56 | epoch: 1 pq: 5 rg: 78 | total time: 29.19m | eta: 118.8m
step 00506/02520 (20.08%) | loss: 3.289547 | lrm: 1.00 | dt: 3517.50ms | tok/sec: 149,051 | bf16_mfu: 36.53 | epoch: 1 pq: 5 rg: 79 | total time: 29.24m | eta: 118.7m
step 00507/02520 (20.12%) | loss: 3.288159 | lrm: 1.00 | dt: 3511.54ms | tok/sec: 149,304 | bf16_mfu: 36.59 | epoch: 1 pq: 5 rg: 80 | total time: 29.30m | eta: 118.7m
step 00508/02520 (20.16%) | loss: 3.300650 | lrm: 1.00 | dt: 3513.66ms | tok/sec: 149,214 | bf16_mfu: 36.57 | epoch: 1 pq: 5 rg: 81 | total time: 29.36m | eta: 118.6m
step 00509/02520 (20.20%) | loss: 3.293246 | lrm: 1.00 | dt: 3512.76ms | tok/sec: 149,252 | bf16_mfu: 36.58 | epoch: 1 pq: 5 rg: 82 | total time: 29.42m | eta: 118.6m
step 00510/02520 (20.24%) | loss: 3.300621 | lrm: 1.00 | dt: 3510.02ms | tok/sec: 149,369 | bf16_mfu: 36.60 | epoch: 1 pq: 6 rg: 0 | total time: 29.48m | eta: 118.5m
step 00511/02520 (20.28%) | loss: 3.295961 | lrm: 1.00 | dt: 3511.23ms | tok/sec: 149,317 | bf16_mfu: 36.59 | epoch: 1 pq: 6 rg: 0 | total time: 29.54m | eta: 118.4m
step 00512/02520 (20.32%) | loss: 3.288104 | lrm: 1.00 | dt: 3515.73ms | tok/sec: 149,126 | bf16_mfu: 36.54 | epoch: 1 pq: 6 rg: 1 | total time: 29.60m | eta: 118.4m
step 00513/02520 (20.36%) | loss: 3.296991 | lrm: 1.00 | dt: 3512.05ms | tok/sec: 149,282 | bf16_mfu: 36.58 | epoch: 1 pq: 6 rg: 2 | total time: 29.65m | eta: 118.3m
step 00514/02520 (20.40%) | loss: 3.276648 | lrm: 1.00 | dt: 3511.22ms | tok/sec: 149,317 | bf16_mfu: 36.59 | epoch: 1 pq: 6 rg: 3 | total time: 29.71m | eta: 118.3m
step 00515/02520 (20.44%) | loss: 3.291120 | lrm: 1.00 | dt: 3512.84ms | tok/sec: 149,249 | bf16_mfu: 36.57 | epoch: 1 pq: 6 rg: 4 | total time: 29.77m | eta: 118.2m
step 00516/02520 (20.48%) | loss: 3.285622 | lrm: 1.00 | dt: 3508.25ms | tok/sec: 149,444 | bf16_mfu: 36.62 | epoch: 1 pq: 6 rg: 5 | total time: 29.83m | eta: 118.1m
step 00517/02520 (20.52%) | loss: 3.289569 | lrm: 1.00 | dt: 3514.33ms | tok/sec: 149,185 | bf16_mfu: 36.56 | epoch: 1 pq: 6 rg: 6 | total time: 29.89m | eta: 118.1m
step 00518/02520 (20.56%) | loss: 3.308370 | lrm: 1.00 | dt: 3516.11ms | tok/sec: 149,110 | bf16_mfu: 36.54 | epoch: 1 pq: 6 rg: 7 | total time: 29.95m | eta: 118.0m
step 00519/02520 (20.60%) | loss: 3.300976 | lrm: 1.00 | dt: 3515.72ms | tok/sec: 149,126 | bf16_mfu: 36.54 | epoch: 1 pq: 6 rg: 8 | total time: 30.01m | eta: 118.0m
step 00520/02520 (20.63%) | loss: 3.302881 | lrm: 1.00 | dt: 3508.74ms | tok/sec: 149,423 | bf16_mfu: 36.62 | epoch: 1 pq: 6 rg: 9 | total time: 30.06m | eta: 117.9m
step 00521/02520 (20.67%) | loss: 3.308769 | lrm: 1.00 | dt: 3511.60ms | tok/sec: 149,301 | bf16_mfu: 36.59 | epoch: 1 pq: 6 rg: 10 | total time: 30.12m | eta: 117.8m
step 00522/02520 (20.71%) | loss: 3.309740 | lrm: 1.00 | dt: 3515.75ms | tok/sec: 149,125 | bf16_mfu: 36.54 | epoch: 1 pq: 6 rg: 11 | total time: 30.18m | eta: 117.8m
step 00523/02520 (20.75%) | loss: 3.310001 | lrm: 1.00 | dt: 3507.84ms | tok/sec: 149,461 | bf16_mfu: 36.63 | epoch: 1 pq: 6 rg: 12 | total time: 30.24m | eta: 117.7m
step 00524/02520 (20.79%) | loss: 3.318978 | lrm: 1.00 | dt: 3511.50ms | tok/sec: 149,305 | bf16_mfu: 36.59 | epoch: 1 pq: 6 rg: 13 | total time: 30.30m | eta: 117.7m
step 00525/02520 (20.83%) | loss: 3.319418 | lrm: 1.00 | dt: 3511.71ms | tok/sec: 149,296 | bf16_mfu: 36.59 | epoch: 1 pq: 6 rg: 14 | total time: 30.36m | eta: 117.6m
step 00526/02520 (20.87%) | loss: 3.321989 | lrm: 1.00 | dt: 3510.35ms | tok/sec: 149,354 | bf16_mfu: 36.60 | epoch: 1 pq: 6 rg: 15 | total time: 30.42m | eta: 117.5m
step 00527/02520 (20.91%) | loss: 3.322620 | lrm: 1.00 | dt: 3510.23ms | tok/sec: 149,359 | bf16_mfu: 36.60 | epoch: 1 pq: 6 rg: 16 | total time: 30.47m | eta: 117.5m
step 00528/02520 (20.95%) | loss: 3.317520 | lrm: 1.00 | dt: 3508.67ms | tok/sec: 149,426 | bf16_mfu: 36.62 | epoch: 1 pq: 6 rg: 17 | total time: 30.53m | eta: 117.4m
step 00529/02520 (20.99%) | loss: 3.311281 | lrm: 1.00 | dt: 3511.00ms | tok/sec: 149,327 | bf16_mfu: 36.59 | epoch: 1 pq: 6 rg: 18 | total time: 30.59m | eta: 117.4m
step 00530/02520 (21.03%) | loss: 3.318662 | lrm: 1.00 | dt: 3509.22ms | tok/sec: 149,403 | bf16_mfu: 36.61 | epoch: 1 pq: 6 rg: 19 | total time: 30.65m | eta: 117.3m
step 00531/02520 (21.07%) | loss: 3.308279 | lrm: 1.00 | dt: 3513.55ms | tok/sec: 149,218 | bf16_mfu: 36.57 | epoch: 1 pq: 6 rg: 20 | total time: 30.71m | eta: 117.2m
step 00532/02520 (21.11%) | loss: 3.295955 | lrm: 1.00 | dt: 3515.68ms | tok/sec: 149,128 | bf16_mfu: 36.54 | epoch: 1 pq: 6 rg: 21 | total time: 30.77m | eta: 117.2m
step 00533/02520 (21.15%) | loss: 3.291169 | lrm: 1.00 | dt: 3516.50ms | tok/sec: 149,093 | bf16_mfu: 36.54 | epoch: 1 pq: 6 rg: 22 | total time: 30.83m | eta: 117.1m
step 00534/02520 (21.19%) | loss: 3.288411 | lrm: 1.00 | dt: 3517.06ms | tok/sec: 149,069 | bf16_mfu: 36.53 | epoch: 1 pq: 6 rg: 23 | total time: 30.88m | eta: 117.1m
step 00535/02520 (21.23%) | loss: 3.295297 | lrm: 1.00 | dt: 3511.37ms | tok/sec: 149,311 | bf16_mfu: 36.59 | epoch: 1 pq: 6 rg: 23 | total time: 30.94m | eta: 117.0m
step 00536/02520 (21.27%) | loss: 3.286045 | lrm: 1.00 | dt: 3513.51ms | tok/sec: 149,220 | bf16_mfu: 36.57 | epoch: 1 pq: 6 rg: 24 | total time: 31.00m | eta: 116.9m
step 00537/02520 (21.31%) | loss: 3.289857 | lrm: 1.00 | dt: 3513.11ms | tok/sec: 149,237 | bf16_mfu: 36.57 | epoch: 1 pq: 6 rg: 25 | total time: 31.06m | eta: 116.9m
step 00538/02520 (21.35%) | loss: 3.282670 | lrm: 1.00 | dt: 3508.62ms | tok/sec: 149,428 | bf16_mfu: 36.62 | epoch: 1 pq: 6 rg: 26 | total time: 31.12m | eta: 116.8m
step 00539/02520 (21.39%) | loss: 3.285474 | lrm: 1.00 | dt: 3512.98ms | tok/sec: 149,243 | bf16_mfu: 36.57 | epoch: 1 pq: 6 rg: 27 | total time: 31.18m | eta: 116.7m
step 00540/02520 (21.43%) | loss: 3.281766 | lrm: 1.00 | dt: 3512.61ms | tok/sec: 149,258 | bf16_mfu: 36.58 | epoch: 1 pq: 6 rg: 28 | total time: 31.24m | eta: 116.7m
step 00541/02520 (21.47%) | loss: 3.286463 | lrm: 1.00 | dt: 3510.64ms | tok/sec: 149,342 | bf16_mfu: 36.60 | epoch: 1 pq: 6 rg: 29 | total time: 31.29m | eta: 116.6m
step 00542/02520 (21.51%) | loss: 3.288207 | lrm: 1.00 | dt: 3510.84ms | tok/sec: 149,334 | bf16_mfu: 36.60 | epoch: 1 pq: 6 rg: 30 | total time: 31.35m | eta: 116.6m
step 00543/02520 (21.55%) | loss: 3.275142 | lrm: 1.00 | dt: 3513.10ms | tok/sec: 149,237 | bf16_mfu: 36.57 | epoch: 1 pq: 6 rg: 31 | total time: 31.41m | eta: 116.5m
step 00544/02520 (21.59%) | loss: 3.286454 | lrm: 1.00 | dt: 3511.30ms | tok/sec: 149,314 | bf16_mfu: 36.59 | epoch: 1 pq: 6 rg: 32 | total time: 31.47m | eta: 116.4m
step 00545/02520 (21.63%) | loss: 3.310304 | lrm: 1.00 | dt: 3514.82ms | tok/sec: 149,164 | bf16_mfu: 36.55 | epoch: 1 pq: 6 rg: 33 | total time: 31.53m | eta: 116.4m
step 00546/02520 (21.67%) | loss: 3.326632 | lrm: 1.00 | dt: 3512.90ms | tok/sec: 149,246 | bf16_mfu: 36.57 | epoch: 1 pq: 6 rg: 34 | total time: 31.59m | eta: 116.3m
step 00547/02520 (21.71%) | loss: 3.333272 | lrm: 1.00 | dt: 3509.74ms | tok/sec: 149,380 | bf16_mfu: 36.61 | epoch: 1 pq: 6 rg: 35 | total time: 31.64m | eta: 116.3m
step 00548/02520 (21.75%) | loss: 3.323610 | lrm: 1.00 | dt: 3514.75ms | tok/sec: 149,167 | bf16_mfu: 36.55 | epoch: 1 pq: 6 rg: 36 | total time: 31.70m | eta: 116.2m
step 00549/02520 (21.79%) | loss: 3.304192 | lrm: 1.00 | dt: 3515.79ms | tok/sec: 149,123 | bf16_mfu: 36.54 | epoch: 1 pq: 6 rg: 37 | total time: 31.76m | eta: 116.1m
<|bos|>The capital of France is the capital of the capital of the capital of the capital of the capital of the
<|bos|>The chemical symbol of gold is gold, which is a chemical element with atomic number 23. The chemical symbol
<|bos|>If yesterday was Friday, then tomorrow will be the day when you can get a new ticket to the airport. If you are
<|bos|>The opposite of hot is the case of the case of the case of the case of the case of the
<|bos|>The planets of the solar system are: 1. The solar system is a system of planets that is located in the
<|bos|>My favorite color is the blue sky. I'm not sure if it's a blue or a green
<|bos|>If 5*x + 3 = 13, then x is the number of times the number of times the number of times the number of times
step 00550/02520 (21.83%) | loss: 3.296396 | lrm: 1.00 | dt: 3513.79ms | tok/sec: 149,208 | bf16_mfu: 36.56 | epoch: 1 pq: 6 rg: 38 | total time: 31.82m | eta: 116.1m
step 00551/02520 (21.87%) | loss: 3.304286 | lrm: 1.00 | dt: 3513.37ms | tok/sec: 149,226 | bf16_mfu: 36.57 | epoch: 1 pq: 6 rg: 39 | total time: 31.88m | eta: 116.0m
step 00552/02520 (21.90%) | loss: 3.304813 | lrm: 1.00 | dt: 3507.01ms | tok/sec: 149,497 | bf16_mfu: 36.63 | epoch: 1 pq: 6 rg: 40 | total time: 31.94m | eta: 116.0m
step 00553/02520 (21.94%) | loss: 3.309045 | lrm: 1.00 | dt: 3509.15ms | tok/sec: 149,405 | bf16_mfu: 36.61 | epoch: 1 pq: 6 rg: 41 | total time: 32.00m | eta: 115.9m
step 00554/02520 (21.98%) | loss: 3.337731 | lrm: 1.00 | dt: 3506.28ms | tok/sec: 149,528 | bf16_mfu: 36.64 | epoch: 1 pq: 6 rg: 42 | total time: 32.05m | eta: 115.8m
step 00555/02520 (22.02%) | loss: 3.316679 | lrm: 1.00 | dt: 3512.82ms | tok/sec: 149,250 | bf16_mfu: 36.57 | epoch: 1 pq: 6 rg: 43 | total time: 32.11m | eta: 115.8m
step 00556/02520 (22.06%) | loss: 3.325947 | lrm: 1.00 | dt: 3510.18ms | tok/sec: 149,362 | bf16_mfu: 36.60 | epoch: 1 pq: 6 rg: 44 | total time: 32.17m | eta: 115.7m
step 00557/02520 (22.10%) | loss: 3.326256 | lrm: 1.00 | dt: 3510.20ms | tok/sec: 149,361 | bf16_mfu: 36.60 | epoch: 1 pq: 6 rg: 45 | total time: 32.23m | eta: 115.7m
step 00558/02520 (22.14%) | loss: 3.332253 | lrm: 1.00 | dt: 3509.45ms | tok/sec: 149,393 | bf16_mfu: 36.61 | epoch: 1 pq: 6 rg: 46 | total time: 32.29m | eta: 115.6m
step 00559/02520 (22.18%) | loss: 3.315041 | lrm: 1.00 | dt: 3511.38ms | tok/sec: 149,311 | bf16_mfu: 36.59 | epoch: 1 pq: 6 rg: 47 | total time: 32.35m | eta: 115.5m
step 00560/02520 (22.22%) | loss: 3.314126 | lrm: 1.00 | dt: 3512.86ms | tok/sec: 149,248 | bf16_mfu: 36.57 | epoch: 1 pq: 6 rg: 48 | total time: 32.41m | eta: 115.5m
step 00561/02520 (22.26%) | loss: 3.303571 | lrm: 1.00 | dt: 3510.27ms | tok/sec: 149,358 | bf16_mfu: 36.60 | epoch: 1 pq: 6 rg: 49 | total time: 32.46m | eta: 115.4m
step 00562/02520 (22.30%) | loss: 3.275695 | lrm: 1.00 | dt: 3510.65ms | tok/sec: 149,342 | bf16_mfu: 36.60 | epoch: 1 pq: 6 rg: 50 | total time: 32.52m | eta: 115.4m
step 00563/02520 (22.34%) | loss: 3.272956 | lrm: 1.00 | dt: 3507.43ms | tok/sec: 149,479 | bf16_mfu: 36.63 | epoch: 1 pq: 6 rg: 51 | total time: 32.58m | eta: 115.3m
step 00564/02520 (22.38%) | loss: 3.270432 | lrm: 1.00 | dt: 3509.22ms | tok/sec: 149,403 | bf16_mfu: 36.61 | epoch: 1 pq: 6 rg: 52 | total time: 32.64m | eta: 115.2m
step 00565/02520 (22.42%) | loss: 3.284920 | lrm: 1.00 | dt: 3509.25ms | tok/sec: 149,401 | bf16_mfu: 36.61 | epoch: 1 pq: 6 rg: 53 | total time: 32.70m | eta: 115.2m
step 00566/02520 (22.46%) | loss: 3.272281 | lrm: 1.00 | dt: 3510.32ms | tok/sec: 149,355 | bf16_mfu: 36.60 | epoch: 1 pq: 6 rg: 54 | total time: 32.76m | eta: 115.1m
step 00567/02520 (22.50%) | loss: 3.254294 | lrm: 1.00 | dt: 3515.99ms | tok/sec: 149,115 | bf16_mfu: 36.54 | epoch: 1 pq: 6 rg: 55 | total time: 32.82m | eta: 115.1m
step 00568/02520 (22.54%) | loss: 3.236000 | lrm: 1.00 | dt: 3511.99ms | tok/sec: 149,285 | bf16_mfu: 36.58 | epoch: 1 pq: 6 rg: 56 | total time: 32.87m | eta: 115.0m
step 00569/02520 (22.58%) | loss: 3.247525 | lrm: 1.00 | dt: 3510.11ms | tok/sec: 149,365 | bf16_mfu: 36.60 | epoch: 1 pq: 6 rg: 56 | total time: 32.93m | eta: 114.9m
step 00570/02520 (22.62%) | loss: 3.262423 | lrm: 1.00 | dt: 3516.35ms | tok/sec: 149,100 | bf16_mfu: 36.54 | epoch: 1 pq: 6 rg: 57 | total time: 32.99m | eta: 114.9m
step 00571/02520 (22.66%) | loss: 3.249764 | lrm: 1.00 | dt: 3514.58ms | tok/sec: 149,174 | bf16_mfu: 36.56 | epoch: 1 pq: 6 rg: 58 | total time: 33.05m | eta: 114.8m
step 00572/02520 (22.70%) | loss: 3.243435 | lrm: 1.00 | dt: 3509.86ms | tok/sec: 149,375 | bf16_mfu: 36.61 | epoch: 1 pq: 6 rg: 59 | total time: 33.11m | eta: 114.8m
step 00573/02520 (22.74%) | loss: 3.229422 | lrm: 1.00 | dt: 3510.38ms | tok/sec: 149,353 | bf16_mfu: 36.60 | epoch: 1 pq: 6 rg: 60 | total time: 33.17m | eta: 114.7m
step 00574/02520 (22.78%) | loss: 3.234931 | lrm: 1.00 | dt: 3512.47ms | tok/sec: 149,264 | bf16_mfu: 36.58 | epoch: 1 pq: 6 rg: 61 | total time: 33.22m | eta: 114.6m
step 00575/02520 (22.82%) | loss: 3.225514 | lrm: 1.00 | dt: 3508.93ms | tok/sec: 149,415 | bf16_mfu: 36.61 | epoch: 1 pq: 6 rg: 62 | total time: 33.28m | eta: 114.6m
step 00576/02520 (22.86%) | loss: 3.221409 | lrm: 1.00 | dt: 3512.45ms | tok/sec: 149,265 | bf16_mfu: 36.58 | epoch: 1 pq: 6 rg: 63 | total time: 33.34m | eta: 114.5m
step 00577/02520 (22.90%) | loss: 3.224945 | lrm: 1.00 | dt: 3509.52ms | tok/sec: 149,390 | bf16_mfu: 36.61 | epoch: 1 pq: 6 rg: 64 | total time: 33.40m | eta: 114.5m
step 00578/02520 (22.94%) | loss: 3.249398 | lrm: 1.00 | dt: 3512.69ms | tok/sec: 149,255 | bf16_mfu: 36.58 | epoch: 1 pq: 6 rg: 65 | total time: 33.46m | eta: 114.4m
step 00579/02520 (22.98%) | loss: 3.264405 | lrm: 1.00 | dt: 3514.14ms | tok/sec: 149,194 | bf16_mfu: 36.56 | epoch: 1 pq: 6 rg: 66 | total time: 33.52m | eta: 114.3m
step 00580/02520 (23.02%) | loss: 3.290157 | lrm: 1.00 | dt: 3512.36ms | tok/sec: 149,269 | bf16_mfu: 36.58 | epoch: 1 pq: 6 rg: 67 | total time: 33.58m | eta: 114.3m
step 00581/02520 (23.06%) | loss: 3.286794 | lrm: 1.00 | dt: 3514.88ms | tok/sec: 149,162 | bf16_mfu: 36.55 | epoch: 1 pq: 6 rg: 68 | total time: 33.63m | eta: 114.2m
step 00582/02520 (23.10%) | loss: 3.278991 | lrm: 1.00 | dt: 3517.80ms | tok/sec: 149,038 | bf16_mfu: 36.52 | epoch: 1 pq: 6 rg: 69 | total time: 33.69m | eta: 114.2m
step 00583/02520 (23.13%) | loss: 3.279590 | lrm: 1.00 | dt: 3516.05ms | tok/sec: 149,112 | bf16_mfu: 36.54 | epoch: 1 pq: 6 rg: 70 | total time: 33.75m | eta: 114.1m
step 00584/02520 (23.17%) | loss: 3.275457 | lrm: 1.00 | dt: 3517.83ms | tok/sec: 149,037 | bf16_mfu: 36.52 | epoch: 1 pq: 6 rg: 71 | total time: 33.81m | eta: 114.0m
step 00585/02520 (23.21%) | loss: 3.286822 | lrm: 1.00 | dt: 3520.54ms | tok/sec: 148,922 | bf16_mfu: 36.49 | epoch: 1 pq: 6 rg: 72 | total time: 33.87m | eta: 114.0m
step 00586/02520 (23.25%) | loss: 3.263574 | lrm: 1.00 | dt: 3517.26ms | tok/sec: 149,061 | bf16_mfu: 36.53 | epoch: 1 pq: 6 rg: 73 | total time: 33.93m | eta: 113.9m
step 00587/02520 (23.29%) | loss: 3.252097 | lrm: 1.00 | dt: 3514.31ms | tok/sec: 149,186 | bf16_mfu: 36.56 | epoch: 1 pq: 6 rg: 74 | total time: 33.99m | eta: 113.9m
step 00588/02520 (23.33%) | loss: 3.253267 | lrm: 1.00 | dt: 3512.37ms | tok/sec: 149,268 | bf16_mfu: 36.58 | epoch: 1 pq: 6 rg: 75 | total time: 34.04m | eta: 113.8m
step 00589/02520 (23.37%) | loss: 3.237311 | lrm: 1.00 | dt: 3513.22ms | tok/sec: 149,232 | bf16_mfu: 36.57 | epoch: 1 pq: 6 rg: 76 | total time: 34.10m | eta: 113.7m
step 00590/02520 (23.41%) | loss: 3.231013 | lrm: 1.00 | dt: 3516.83ms | tok/sec: 149,079 | bf16_mfu: 36.53 | epoch: 1 pq: 6 rg: 77 | total time: 34.16m | eta: 113.7m
step 00591/02520 (23.45%) | loss: 3.223795 | lrm: 1.00 | dt: 3516.68ms | tok/sec: 149,086 | bf16_mfu: 36.53 | epoch: 1 pq: 6 rg: 78 | total time: 34.22m | eta: 113.6m
step 00592/02520 (23.49%) | loss: 3.224991 | lrm: 1.00 | dt: 3517.15ms | tok/sec: 149,065 | bf16_mfu: 36.53 | epoch: 1 pq: 6 rg: 79 | total time: 34.28m | eta: 113.6m
step 00593/02520 (23.53%) | loss: 3.230998 | lrm: 1.00 | dt: 3517.76ms | tok/sec: 149,040 | bf16_mfu: 36.52 | epoch: 1 pq: 6 rg: 80 | total time: 34.34m | eta: 113.5m
step 00594/02520 (23.57%) | loss: 3.231611 | lrm: 1.00 | dt: 3513.90ms | tok/sec: 149,204 | bf16_mfu: 36.56 | epoch: 1 pq: 6 rg: 81 | total time: 34.40m | eta: 113.4m
step 00595/02520 (23.61%) | loss: 3.225185 | lrm: 1.00 | dt: 3510.34ms | tok/sec: 149,355 | bf16_mfu: 36.60 | epoch: 1 pq: 7 rg: 0 | total time: 34.46m | eta: 113.4m
step 00596/02520 (23.65%) | loss: 3.251191 | lrm: 1.00 | dt: 3516.15ms | tok/sec: 149,108 | bf16_mfu: 36.54 | epoch: 1 pq: 7 rg: 1 | total time: 34.51m | eta: 113.3m
step 00597/02520 (23.69%) | loss: 3.259497 | lrm: 1.00 | dt: 3517.00ms | tok/sec: 149,072 | bf16_mfu: 36.53 | epoch: 1 pq: 7 rg: 2 | total time: 34.57m | eta: 113.3m
step 00598/02520 (23.73%) | loss: 3.263866 | lrm: 1.00 | dt: 3520.08ms | tok/sec: 148,942 | bf16_mfu: 36.50 | epoch: 1 pq: 7 rg: 3 | total time: 34.63m | eta: 113.2m
step 00599/02520 (23.77%) | loss: 3.275639 | lrm: 1.00 | dt: 3515.91ms | tok/sec: 149,118 | bf16_mfu: 36.54 | epoch: 1 pq: 7 rg: 3 | total time: 34.69m | eta: 113.1m
Step 00600 | Validation bpb: 1.010268
<|bos|>The capital of France is the capital of France. The capital of France is the capital of France. The
<|bos|>The chemical symbol of gold is gold, and the symbol for gold is gold. The symbol for gold is gold
<|bos|>If yesterday was Friday, then tomorrow will be Friday. It's a good day, but it's not a good day.
<|bos|>The opposite of hot is the hot. The hot is the hot. The hot is the hot. The
<|bos|>The planets of the solar system are: Jupiter, Saturn, Saturn, Neptune, Neptune, Nept
<|bos|>My favorite color is the red. I love the red. I love the red. I love the
<|bos|>If 5*x + 3 = 13, then x is the 5th value of the 5th value of the 5th
2026-09-25 18:35:32,403 - nanochat.checkpoint_manager - [32m[1mINFO[0m - Saved model parameters to: /local/s3774740/d12/cache/base_checkpoints/d12v32768/model_000600.pt
2026-09-25 18:35:32,404 - nanochat.checkpoint_manager - [32m[1mINFO[0m - Saved metadata to: /local/s3774740/d12/cache/base_checkpoints/d12v32768/meta_000600.json
2026-09-25 18:35:33,205 - nanochat.checkpoint_manager - [32m[1mINFO[0m - Saved optimizer state to: /local/s3774740/d12/cache/base_checkpoints/d12v32768/optim_000600_rank0.pt
step 00600/02520 (23.81%) | loss: 3.268397 | lrm: 1.00 | dt: 3501.57ms | tok/sec: 149,729 | bf16_mfu: 36.69 | epoch: 1 pq: 7 rg: 4 | total time: 34.75m | eta: 113.1m
step 00601/02520 (23.85%) | loss: 3.269571 | lrm: 1.00 | dt: 3501.31ms | tok/sec: 149,740 | bf16_mfu: 36.69 | epoch: 1 pq: 7 rg: 5 | total time: 34.81m | eta: 113.0m
step 00602/02520 (23.89%) | loss: 3.266931 | lrm: 1.00 | dt: 3505.04ms | tok/sec: 149,581 | bf16_mfu: 36.66 | epoch: 1 pq: 7 rg: 6 | total time: 34.86m | eta: 113.0m
step 00603/02520 (23.93%) | loss: 3.252120 | lrm: 1.00 | dt: 3508.56ms | tok/sec: 149,431 | bf16_mfu: 36.62 | epoch: 1 pq: 7 rg: 7 | total time: 34.92m | eta: 112.9m
step 00604/02520 (23.97%) | loss: 3.265831 | lrm: 1.00 | dt: 3505.86ms | tok/sec: 149,546 | bf16_mfu: 36.65 | epoch: 1 pq: 7 rg: 8 | total time: 34.98m | eta: 112.8m
step 00605/02520 (24.01%) | loss: 3.283556 | lrm: 1.00 | dt: 3508.56ms | tok/sec: 149,431 | bf16_mfu: 36.62 | epoch: 1 pq: 7 rg: 9 | total time: 35.04m | eta: 112.8m
step 00606/02520 (24.05%) | loss: 3.291388 | lrm: 1.00 | dt: 3505.67ms | tok/sec: 149,554 | bf16_mfu: 36.65 | epoch: 1 pq: 7 rg: 10 | total time: 35.10m | eta: 112.7m
step 00607/02520 (24.09%) | loss: 3.290769 | lrm: 1.00 | dt: 3506.09ms | tok/sec: 149,536 | bf16_mfu: 36.64 | epoch: 1 pq: 7 rg: 11 | total time: 35.16m | eta: 112.7m
step 00608/02520 (24.13%) | loss: 3.299208 | lrm: 1.00 | dt: 3507.04ms | tok/sec: 149,495 | bf16_mfu: 36.63 | epoch: 1 pq: 7 rg: 12 | total time: 35.22m | eta: 112.6m
step 00609/02520 (24.17%) | loss: 3.295666 | lrm: 1.00 | dt: 3506.22ms | tok/sec: 149,531 | bf16_mfu: 36.64 | epoch: 1 pq: 7 rg: 13 | total time: 35.27m | eta: 112.5m
step 00610/02520 (24.21%) | loss: 3.283801 | lrm: 1.00 | dt: 3509.70ms | tok/sec: 149,382 | bf16_mfu: 36.61 | epoch: 1 pq: 7 rg: 14 | total time: 35.33m | eta: 112.5m
step 00611/02520 (24.25%) | loss: 3.275497 | lrm: 1.00 | dt: 3525.02ms | tok/sec: 148,733 | bf16_mfu: 36.45 | epoch: 1 pq: 7 rg: 15 | total time: 35.39m | eta: 112.4m
step 00612/02520 (24.29%) | loss: 3.268037 | lrm: 1.00 | dt: 3511.73ms | tok/sec: 149,296 | bf16_mfu: 36.59 | epoch: 1 pq: 7 rg: 16 | total time: 35.45m | eta: 112.4m
step 00613/02520 (24.33%) | loss: 3.282869 | lrm: 1.00 | dt: 3508.43ms | tok/sec: 149,436 | bf16_mfu: 36.62 | epoch: 1 pq: 7 rg: 17 | total time: 35.51m | eta: 112.3m
step 00614/02520 (24.37%) | loss: 3.275798 | lrm: 1.00 | dt: 3510.60ms | tok/sec: 149,344 | bf16_mfu: 36.60 | epoch: 1 pq: 7 rg: 18 | total time: 35.57m | eta: 112.2m
step 00615/02520 (24.40%) | loss: 3.268609 | lrm: 1.00 | dt: 3505.69ms | tok/sec: 149,553 | bf16_mfu: 36.65 | epoch: 1 pq: 7 rg: 19 | total time: 35.62m | eta: 112.2m
step 00616/02520 (24.44%) | loss: 3.273645 | lrm: 1.00 | dt: 3510.59ms | tok/sec: 149,344 | bf16_mfu: 36.60 | epoch: 1 pq: 7 rg: 20 | total time: 35.68m | eta: 112.1m
step 00617/02520 (24.48%) | loss: 3.264243 | lrm: 1.00 | dt: 3506.91ms | tok/sec: 149,501 | bf16_mfu: 36.64 | epoch: 1 pq: 7 rg: 21 | total time: 35.74m | eta: 112.1m
step 00618/02520 (24.52%) | loss: 3.260237 | lrm: 1.00 | dt: 3510.72ms | tok/sec: 149,339 | bf16_mfu: 36.60 | epoch: 1 pq: 7 rg: 22 | total time: 35.80m | eta: 112.0m
step 00619/02520 (24.56%) | loss: 3.238483 | lrm: 1.00 | dt: 3512.90ms | tok/sec: 149,246 | bf16_mfu: 36.57 | epoch: 1 pq: 7 rg: 23 | total time: 35.86m | eta: 111.9m
step 00620/02520 (24.60%) | loss: 3.249208 | lrm: 1.00 | dt: 3510.44ms | tok/sec: 149,351 | bf16_mfu: 36.60 | epoch: 1 pq: 7 rg: 24 | total time: 35.92m | eta: 111.9m
step 00621/02520 (24.64%) | loss: 3.247256 | lrm: 1.00 | dt: 3514.06ms | tok/sec: 149,197 | bf16_mfu: 36.56 | epoch: 1 pq: 7 rg: 25 | total time: 35.98m | eta: 111.8m
step 00622/02520 (24.68%) | loss: 3.244849 | lrm: 1.00 | dt: 3509.25ms | tok/sec: 149,401 | bf16_mfu: 36.61 | epoch: 1 pq: 7 rg: 26 | total time: 36.03m | eta: 111.8m
step 00623/02520 (24.72%) | loss: 3.237503 | lrm: 1.00 | dt: 3510.28ms | tok/sec: 149,357 | bf16_mfu: 36.60 | epoch: 1 pq: 7 rg: 27 | total time: 36.09m | eta: 111.7m
step 00624/02520 (24.76%) | loss: 3.228092 | lrm: 1.00 | dt: 3507.42ms | tok/sec: 149,479 | bf16_mfu: 36.63 | epoch: 1 pq: 7 rg: 28 | total time: 36.15m | eta: 111.6m
step 00625/02520 (24.80%) | loss: 3.235479 | lrm: 1.00 | dt: 3511.66ms | tok/sec: 149,299 | bf16_mfu: 36.59 | epoch: 1 pq: 7 rg: 29 | total time: 36.21m | eta: 111.6m
step 00626/02520 (24.84%) | loss: 3.236836 | lrm: 1.00 | dt: 3510.32ms | tok/sec: 149,356 | bf16_mfu: 36.60 | epoch: 1 pq: 7 rg: 30 | total time: 36.27m | eta: 111.5m
step 00627/02520 (24.88%) | loss: 3.226621 | lrm: 1.00 | dt: 3508.26ms | tok/sec: 149,443 | bf16_mfu: 36.62 | epoch: 1 pq: 7 rg: 31 | total time: 36.33m | eta: 111.5m
step 00628/02520 (24.92%) | loss: 3.211724 | lrm: 1.00 | dt: 3516.36ms | tok/sec: 149,099 | bf16_mfu: 36.54 | epoch: 1 pq: 7 rg: 32 | total time: 36.39m | eta: 111.4m
step 00629/02520 (24.96%) | loss: 3.226958 | lrm: 1.00 | dt: 3516.37ms | tok/sec: 149,099 | bf16_mfu: 36.54 | epoch: 1 pq: 7 rg: 33 | total time: 36.44m | eta: 111.3m
step 00630/02520 (25.00%) | loss: 3.232246 | lrm: 1.00 | dt: 3519.53ms | tok/sec: 148,965 | bf16_mfu: 36.50 | epoch: 1 pq: 7 rg: 34 | total time: 36.50m | eta: 111.3m
step 00631/02520 (25.04%) | loss: 3.227904 | lrm: 1.00 | dt: 3518.70ms | tok/sec: 149,000 | bf16_mfu: 36.51 | epoch: 1 pq: 7 rg: 35 | total time: 36.56m | eta: 111.2m
step 00632/02520 (25.08%) | loss: 3.206706 | lrm: 1.00 | dt: 3519.57ms | tok/sec: 148,963 | bf16_mfu: 36.50 | epoch: 1 pq: 7 rg: 35 | total time: 36.62m | eta: 111.2m
step 00633/02520 (25.12%) | loss: 3.225828 | lrm: 1.00 | dt: 3519.69ms | tok/sec: 148,958 | bf16_mfu: 36.50 | epoch: 1 pq: 7 rg: 36 | total time: 36.68m | eta: 111.1m
step 00634/02520 (25.16%) | loss: 3.240366 | lrm: 1.00 | dt: 3517.37ms | tok/sec: 149,056 | bf16_mfu: 36.53 | epoch: 1 pq: 7 rg: 37 | total time: 36.74m | eta: 111.0m
step 00635/02520 (25.20%) | loss: 3.229239 | lrm: 1.00 | dt: 3513.53ms | tok/sec: 149,219 | bf16_mfu: 36.57 | epoch: 1 pq: 7 rg: 38 | total time: 36.80m | eta: 111.0m
step 00636/02520 (25.24%) | loss: 3.224720 | lrm: 1.00 | dt: 3507.80ms | tok/sec: 149,463 | bf16_mfu: 36.63 | epoch: 1 pq: 7 rg: 39 | total time: 36.85m | eta: 110.9m
step 00637/02520 (25.28%) | loss: 3.201170 | lrm: 1.00 | dt: 3512.78ms | tok/sec: 149,251 | bf16_mfu: 36.57 | epoch: 1 pq: 7 rg: 40 | total time: 36.91m | eta: 110.9m
step 00638/02520 (25.32%) | loss: 3.215407 | lrm: 1.00 | dt: 3519.67ms | tok/sec: 148,959 | bf16_mfu: 36.50 | epoch: 1 pq: 7 rg: 41 | total time: 36.97m | eta: 110.8m
step 00639/02520 (25.36%) | loss: 3.204476 | lrm: 1.00 | dt: 3513.44ms | tok/sec: 149,223 | bf16_mfu: 36.57 | epoch: 1 pq: 7 rg: 42 | total time: 37.03m | eta: 110.7m
step 00640/02520 (25.40%) | loss: 3.206742 | lrm: 1.00 | dt: 3515.06ms | tok/sec: 149,154 | bf16_mfu: 36.55 | epoch: 1 pq: 7 rg: 43 | total time: 37.09m | eta: 110.7m
step 00641/02520 (25.44%) | loss: 3.226334 | lrm: 1.00 | dt: 3516.30ms | tok/sec: 149,102 | bf16_mfu: 36.54 | epoch: 1 pq: 7 rg: 44 | total time: 37.15m | eta: 110.6m
step 00642/02520 (25.48%) | loss: 3.214222 | lrm: 1.00 | dt: 3512.26ms | tok/sec: 149,273 | bf16_mfu: 36.58 | epoch: 1 pq: 7 rg: 45 | total time: 37.21m | eta: 110.6m
step 00643/02520 (25.52%) | loss: 3.222474 | lrm: 1.00 | dt: 3518.30ms | tok/sec: 149,017 | bf16_mfu: 36.52 | epoch: 1 pq: 7 rg: 46 | total time: 37.26m | eta: 110.5m
step 00644/02520 (25.56%) | loss: 3.243406 | lrm: 1.00 | dt: 3520.17ms | tok/sec: 148,938 | bf16_mfu: 36.50 | epoch: 1 pq: 7 rg: 47 | total time: 37.32m | eta: 110.4m
step 00645/02520 (25.60%) | loss: 3.227422 | lrm: 1.00 | dt: 3517.63ms | tok/sec: 149,045 | bf16_mfu: 36.52 | epoch: 1 pq: 7 rg: 48 | total time: 37.38m | eta: 110.4m
step 00646/02520 (25.63%) | loss: 3.217544 | lrm: 1.00 | dt: 3516.48ms | tok/sec: 149,094 | bf16_mfu: 36.54 | epoch: 1 pq: 7 rg: 49 | total time: 37.44m | eta: 110.3m
step 00647/02520 (25.67%) | loss: 3.213952 | lrm: 1.00 | dt: 3517.91ms | tok/sec: 149,033 | bf16_mfu: 36.52 | epoch: 1 pq: 7 rg: 50 | total time: 37.50m | eta: 110.3m
step 00648/02520 (25.71%) | loss: 3.209963 | lrm: 1.00 | dt: 3518.53ms | tok/sec: 149,007 | bf16_mfu: 36.52 | epoch: 1 pq: 7 rg: 51 | total time: 37.56m | eta: 110.2m
step 00649/02520 (25.75%) | loss: 3.236552 | lrm: 1.00 | dt: 3509.86ms | tok/sec: 149,375 | bf16_mfu: 36.61 | epoch: 1 pq: 7 rg: 52 | total time: 37.62m | eta: 110.1m
<|bos|>The capital of France is the capital of the world. The capital of the capital of the world is the
<|bos|>The chemical symbol of gold is a symbol of the earth's rich history. The word gold is a symbol of
<|bos|>If yesterday was Friday, then tomorrow will be Friday. The weather was pretty cool. The weather was pretty cool. The weather
<|bos|>The opposite of hot is a good thing. The only thing that's going to happen is that the temperature
<|bos|>The planets of the solar system are: 1. The planets of the solar system are: 2. The planets
<|bos|>My favorite color is a deep purple. I love the purple color, but I don't want to
<|bos|>If 5*x + 3 = 13, then x is the value of the 3. If 5*x + 3 =
step 00650/02520 (25.79%) | loss: 3.233283 | lrm: 1.00 | dt: 3510.36ms | tok/sec: 149,354 | bf16_mfu: 36.60 | epoch: 1 pq: 7 rg: 53 | total time: 37.67m | eta: 110.1m
step 00651/02520 (25.83%) | loss: 3.235082 | lrm: 1.00 | dt: 3506.94ms | tok/sec: 149,499 | bf16_mfu: 36.64 | epoch: 1 pq: 7 rg: 54 | total time: 37.73m | eta: 110.0m
step 00652/02520 (25.87%) | loss: 3.225864 | lrm: 1.00 | dt: 3509.51ms | tok/sec: 149,390 | bf16_mfu: 36.61 | epoch: 1 pq: 7 rg: 55 | total time: 37.79m | eta: 110.0m
step 00653/02520 (25.91%) | loss: 3.222021 | lrm: 1.00 | dt: 3513.54ms | tok/sec: 149,219 | bf16_mfu: 36.57 | epoch: 1 pq: 7 rg: 56 | total time: 37.85m | eta: 109.9m
step 00654/02520 (25.95%) | loss: 3.206951 | lrm: 1.00 | dt: 3516.76ms | tok/sec: 149,082 | bf16_mfu: 36.53 | epoch: 1 pq: 7 rg: 57 | total time: 37.91m | eta: 109.8m
step 00655/02520 (25.99%) | loss: 3.197145 | lrm: 1.00 | dt: 3510.56ms | tok/sec: 149,346 | bf16_mfu: 36.60 | epoch: 1 pq: 7 rg: 58 | total time: 37.97m | eta: 109.8m
step 00656/02520 (26.03%) | loss: 3.178095 | lrm: 1.00 | dt: 3509.81ms | tok/sec: 149,377 | bf16_mfu: 36.61 | epoch: 1 pq: 7 rg: 59 | total time: 38.03m | eta: 109.7m
step 00657/02520 (26.07%) | loss: 3.182528 | lrm: 1.00 | dt: 3505.68ms | tok/sec: 149,553 | bf16_mfu: 36.65 | epoch: 1 pq: 7 rg: 60 | total time: 38.08m | eta: 109.7m
step 00658/02520 (26.11%) | loss: 3.180458 | lrm: 1.00 | dt: 3509.17ms | tok/sec: 149,404 | bf16_mfu: 36.61 | epoch: 1 pq: 7 rg: 61 | total time: 38.14m | eta: 109.6m
step 00659/02520 (26.15%) | loss: 3.189234 | lrm: 1.00 | dt: 3509.99ms | tok/sec: 149,370 | bf16_mfu: 36.60 | epoch: 1 pq: 7 rg: 62 | total time: 38.20m | eta: 109.5m
step 00660/02520 (26.19%) | loss: 3.174133 | lrm: 1.00 | dt: 3508.81ms | tok/sec: 149,420 | bf16_mfu: 36.62 | epoch: 1 pq: 7 rg: 63 | total time: 38.26m | eta: 109.5m
step 00661/02520 (26.23%) | loss: 3.188707 | lrm: 1.00 | dt: 3507.21ms | tok/sec: 149,488 | bf16_mfu: 36.63 | epoch: 1 pq: 7 rg: 63 | total time: 38.32m | eta: 109.4m
step 00662/02520 (26.27%) | loss: 3.209838 | lrm: 1.00 | dt: 3512.55ms | tok/sec: 149,261 | bf16_mfu: 36.58 | epoch: 1 pq: 7 rg: 65 | total time: 38.38m | eta: 109.4m
step 00663/02520 (26.31%) | loss: 3.219356 | lrm: 1.00 | dt: 3513.95ms | tok/sec: 149,202 | bf16_mfu: 36.56 | epoch: 1 pq: 7 rg: 65 | total time: 38.44m | eta: 109.3m
step 00664/02520 (26.35%) | loss: 3.220281 | lrm: 1.00 | dt: 3511.69ms | tok/sec: 149,297 | bf16_mfu: 36.59 | epoch: 1 pq: 7 rg: 66 | total time: 38.49m | eta: 109.2m
step 00665/02520 (26.39%) | loss: 3.226118 | lrm: 1.00 | dt: 3511.68ms | tok/sec: 149,298 | bf16_mfu: 36.59 | epoch: 1 pq: 7 rg: 67 | total time: 38.55m | eta: 109.2m
step 00666/02520 (26.43%) | loss: 3.215880 | lrm: 1.00 | dt: 3516.56ms | tok/sec: 149,091 | bf16_mfu: 36.54 | epoch: 1 pq: 7 rg: 68 | total time: 38.61m | eta: 109.1m
step 00667/02520 (26.47%) | loss: 3.229280 | lrm: 1.00 | dt: 3509.91ms | tok/sec: 149,373 | bf16_mfu: 36.60 | epoch: 1 pq: 7 rg: 69 | total time: 38.67m | eta: 109.1m
step 00668/02520 (26.51%) | loss: 3.227109 | lrm: 1.00 | dt: 3510.78ms | tok/sec: 149,336 | bf16_mfu: 36.60 | epoch: 1 pq: 7 rg: 70 | total time: 38.73m | eta: 109.0m
step 00669/02520 (26.55%) | loss: 3.243504 | lrm: 1.00 | dt: 3514.62ms | tok/sec: 149,173 | bf16_mfu: 36.56 | epoch: 1 pq: 7 rg: 71 | total time: 38.79m | eta: 108.9m
step 00670/02520 (26.59%) | loss: 3.243151 | lrm: 1.00 | dt: 3507.18ms | tok/sec: 149,490 | bf16_mfu: 36.63 | epoch: 1 pq: 7 rg: 72 | total time: 38.85m | eta: 108.9m
step 00671/02520 (26.63%) | loss: 3.235549 | lrm: 1.00 | dt: 3511.01ms | tok/sec: 149,326 | bf16_mfu: 36.59 | epoch: 1 pq: 7 rg: 73 | total time: 38.90m | eta: 108.8m
step 00672/02520 (26.67%) | loss: 3.268590 | lrm: 1.00 | dt: 3507.10ms | tok/sec: 149,493 | bf16_mfu: 36.63 | epoch: 1 pq: 7 rg: 74 | total time: 38.96m | eta: 108.8m
step 00673/02520 (26.71%) | loss: 3.256511 | lrm: 1.00 | dt: 3513.04ms | tok/sec: 149,240 | bf16_mfu: 36.57 | epoch: 1 pq: 7 rg: 75 | total time: 39.02m | eta: 108.7m
step 00674/02520 (26.75%) | loss: 3.263897 | lrm: 1.00 | dt: 3515.56ms | tok/sec: 149,133 | bf16_mfu: 36.55 | epoch: 1 pq: 7 rg: 76 | total time: 39.08m | eta: 108.6m
step 00675/02520 (26.79%) | loss: 3.264144 | lrm: 1.00 | dt: 3512.67ms | tok/sec: 149,256 | bf16_mfu: 36.58 | epoch: 1 pq: 7 rg: 77 | total time: 39.14m | eta: 108.6m
step 00676/02520 (26.83%) | loss: 3.248976 | lrm: 1.00 | dt: 3517.34ms | tok/sec: 149,057 | bf16_mfu: 36.53 | epoch: 1 pq: 7 rg: 78 | total time: 39.20m | eta: 108.5m
step 00677/02520 (26.87%) | loss: 3.242865 | lrm: 1.00 | dt: 3517.91ms | tok/sec: 149,033 | bf16_mfu: 36.52 | epoch: 1 pq: 7 rg: 79 | total time: 39.25m | eta: 108.5m
step 00678/02520 (26.90%) | loss: 3.250122 | lrm: 1.00 | dt: 3513.11ms | tok/sec: 149,237 | bf16_mfu: 36.57 | epoch: 1 pq: 7 rg: 80 | total time: 39.31m | eta: 108.4m
step 00679/02520 (26.94%) | loss: 3.236700 | lrm: 1.00 | dt: 3514.98ms | tok/sec: 149,158 | bf16_mfu: 36.55 | epoch: 1 pq: 7 rg: 81 | total time: 39.37m | eta: 108.3m
step 00680/02520 (26.98%) | loss: 3.233645 | lrm: 1.00 | dt: 3512.00ms | tok/sec: 149,284 | bf16_mfu: 36.58 | epoch: 1 pq: 8 rg: 0 | total time: 39.43m | eta: 108.3m
step 00681/02520 (27.02%) | loss: 3.230204 | lrm: 1.00 | dt: 3508.45ms | tok/sec: 149,435 | bf16_mfu: 36.62 | epoch: 1 pq: 8 rg: 1 | total time: 39.49m | eta: 108.2m
step 00682/02520 (27.06%) | loss: 3.218829 | lrm: 1.00 | dt: 3511.64ms | tok/sec: 149,300 | bf16_mfu: 36.59 | epoch: 1 pq: 8 rg: 2 | total time: 39.55m | eta: 108.2m
step 00683/02520 (27.10%) | loss: 3.215617 | lrm: 1.00 | dt: 3506.56ms | tok/sec: 149,516 | bf16_mfu: 36.64 | epoch: 1 pq: 8 rg: 3 | total time: 39.61m | eta: 108.1m
step 00684/02520 (27.14%) | loss: 3.212988 | lrm: 1.00 | dt: 3512.03ms | tok/sec: 149,283 | bf16_mfu: 36.58 | epoch: 1 pq: 8 rg: 4 | total time: 39.66m | eta: 108.0m
step 00685/02520 (27.18%) | loss: 3.209536 | lrm: 1.00 | dt: 3513.97ms | tok/sec: 149,201 | bf16_mfu: 36.56 | epoch: 1 pq: 8 rg: 5 | total time: 39.72m | eta: 108.0m
step 00686/02520 (27.22%) | loss: 3.203395 | lrm: 1.00 | dt: 3512.54ms | tok/sec: 149,261 | bf16_mfu: 36.58 | epoch: 1 pq: 8 rg: 6 | total time: 39.78m | eta: 107.9m
step 00687/02520 (27.26%) | loss: 3.205235 | lrm: 1.00 | dt: 3511.69ms | tok/sec: 149,298 | bf16_mfu: 36.59 | epoch: 1 pq: 8 rg: 7 | total time: 39.84m | eta: 107.9m
step 00688/02520 (27.30%) | loss: 3.220818 | lrm: 1.00 | dt: 3513.41ms | tok/sec: 149,224 | bf16_mfu: 36.57 | epoch: 1 pq: 8 rg: 8 | total time: 39.90m | eta: 107.8m
step 00689/02520 (27.34%) | loss: 3.219127 | lrm: 1.00 | dt: 3508.51ms | tok/sec: 149,433 | bf16_mfu: 36.62 | epoch: 1 pq: 8 rg: 9 | total time: 39.96m | eta: 107.7m
step 00690/02520 (27.38%) | loss: 3.196582 | lrm: 1.00 | dt: 3512.38ms | tok/sec: 149,268 | bf16_mfu: 36.58 | epoch: 1 pq: 8 rg: 10 | total time: 40.02m | eta: 107.7m
step 00691/02520 (27.42%) | loss: 3.205222 | lrm: 1.00 | dt: 3508.39ms | tok/sec: 149,438 | bf16_mfu: 36.62 | epoch: 1 pq: 8 rg: 11 | total time: 40.07m | eta: 107.6m
step 00692/02520 (27.46%) | loss: 3.195536 | lrm: 1.00 | dt: 3514.35ms | tok/sec: 149,184 | bf16_mfu: 36.56 | epoch: 1 pq: 8 rg: 12 | total time: 40.13m | eta: 107.6m
step 00693/02520 (27.50%) | loss: 3.201033 | lrm: 1.00 | dt: 3513.58ms | tok/sec: 149,217 | bf16_mfu: 36.57 | epoch: 1 pq: 8 rg: 13 | total time: 40.19m | eta: 107.5m
step 00694/02520 (27.54%) | loss: 3.200890 | lrm: 1.00 | dt: 3518.84ms | tok/sec: 148,994 | bf16_mfu: 36.51 | epoch: 1 pq: 8 rg: 13 | total time: 40.25m | eta: 107.5m
step 00695/02520 (27.58%) | loss: 3.210295 | lrm: 1.00 | dt: 3514.45ms | tok/sec: 149,180 | bf16_mfu: 36.56 | epoch: 1 pq: 8 rg: 14 | total time: 40.31m | eta: 107.4m
step 00696/02520 (27.62%) | loss: 3.216748 | lrm: 1.00 | dt: 3516.04ms | tok/sec: 149,113 | bf16_mfu: 36.54 | epoch: 1 pq: 8 rg: 15 | total time: 40.37m | eta: 107.3m
step 00697/02520 (27.66%) | loss: 3.228276 | lrm: 1.00 | dt: 3512.85ms | tok/sec: 149,248 | bf16_mfu: 36.57 | epoch: 1 pq: 8 rg: 16 | total time: 40.43m | eta: 107.3m
step 00698/02520 (27.70%) | loss: 3.229329 | lrm: 1.00 | dt: 3513.71ms | tok/sec: 149,212 | bf16_mfu: 36.57 | epoch: 1 pq: 8 rg: 17 | total time: 40.48m | eta: 107.2m
step 00699/02520 (27.74%) | loss: 3.219101 | lrm: 1.00 | dt: 3515.15ms | tok/sec: 149,151 | bf16_mfu: 36.55 | epoch: 1 pq: 8 rg: 18 | total time: 40.54m | eta: 107.2m
<|bos|>The capital of France is the capital of the French Empire. The capital of France is the capital of the
<|bos|>The chemical symbol of gold is a symbol of gold's purity and purity. It is a symbol of gold's
<|bos|>If yesterday was Friday, then tomorrow will be Friday. If tomorrow was Friday, then tomorrow will be Friday. If tomorrow was
<|bos|>The opposite of hot is the hot. The hot is the hot. The hot is the hot. The
<|bos|>The planets of the solar system are: 1) the planets of the solar system, 2) the planets of
<|bos|>My favorite color is the red. I love the red color. I love the red color. I
<|bos|>If 5*x + 3 = 13, then x is the number of times the number of times the number of times the number of times
step 00700/02520 (27.78%) | loss: 3.227036 | lrm: 1.00 | dt: 3517.87ms | tok/sec: 149,035 | bf16_mfu: 36.52 | epoch: 1 pq: 8 rg: 19 | total time: 40.60m | eta: 107.1m
step 00701/02520 (27.82%) | loss: 3.214828 | lrm: 1.00 | dt: 3509.70ms | tok/sec: 149,382 | bf16_mfu: 36.61 | epoch: 1 pq: 8 rg: 20 | total time: 40.66m | eta: 107.0m
step 00702/02520 (27.86%) | loss: 3.206550 | lrm: 1.00 | dt: 3506.26ms | tok/sec: 149,528 | bf16_mfu: 36.64 | epoch: 1 pq: 8 rg: 21 | total time: 40.72m | eta: 107.0m
step 00703/02520 (27.90%) | loss: 3.215855 | lrm: 1.00 | dt: 3507.43ms | tok/sec: 149,479 | bf16_mfu: 36.63 | epoch: 1 pq: 8 rg: 22 | total time: 40.78m | eta: 106.9m
step 00704/02520 (27.94%) | loss: 3.226009 | lrm: 1.00 | dt: 3510.39ms | tok/sec: 149,353 | bf16_mfu: 36.60 | epoch: 1 pq: 8 rg: 23 | total time: 40.84m | eta: 106.9m
step 00705/02520 (27.98%) | loss: 3.223908 | lrm: 1.00 | dt: 3514.83ms | tok/sec: 149,164 | bf16_mfu: 36.55 | epoch: 1 pq: 8 rg: 24 | total time: 40.89m | eta: 106.8m
step 00706/02520 (28.02%) | loss: 3.211096 | lrm: 1.00 | dt: 3512.90ms | tok/sec: 149,246 | bf16_mfu: 36.57 | epoch: 1 pq: 8 rg: 25 | total time: 40.95m | eta: 106.7m
step 00707/02520 (28.06%) | loss: 3.202444 | lrm: 1.00 | dt: 3508.49ms | tok/sec: 149,434 | bf16_mfu: 36.62 | epoch: 1 pq: 8 rg: 26 | total time: 41.01m | eta: 106.7m
step 00708/02520 (28.10%) | loss: 3.199493 | lrm: 1.00 | dt: 3512.21ms | tok/sec: 149,275 | bf16_mfu: 36.58 | epoch: 1 pq: 8 rg: 27 | total time: 41.07m | eta: 106.6m
step 00709/02520 (28.13%) | loss: 3.217569 | lrm: 1.00 | dt: 3507.85ms | tok/sec: 149,461 | bf16_mfu: 36.63 | epoch: 1 pq: 8 rg: 28 | total time: 41.13m | eta: 106.6m
step 00710/02520 (28.17%) | loss: 3.214425 | lrm: 1.00 | dt: 3510.24ms | tok/sec: 149,359 | bf16_mfu: 36.60 | epoch: 1 pq: 8 rg: 29 | total time: 41.19m | eta: 106.5m
step 00711/02520 (28.21%) | loss: 3.214878 | lrm: 1.00 | dt: 3506.36ms | tok/sec: 149,524 | bf16_mfu: 36.64 | epoch: 1 pq: 8 rg: 30 | total time: 41.25m | eta: 106.4m
step 00712/02520 (28.25%) | loss: 3.183971 | lrm: 1.00 | dt: 3511.28ms | tok/sec: 149,315 | bf16_mfu: 36.59 | epoch: 1 pq: 8 rg: 31 | total time: 41.30m | eta: 106.4m
step 00713/02520 (28.29%) | loss: 3.210200 | lrm: 1.00 | dt: 3515.30ms | tok/sec: 149,144 | bf16_mfu: 36.55 | epoch: 1 pq: 8 rg: 32 | total time: 41.36m | eta: 106.3m
step 00714/02520 (28.33%) | loss: 3.204978 | lrm: 1.00 | dt: 3508.33ms | tok/sec: 149,441 | bf16_mfu: 36.62 | epoch: 1 pq: 8 rg: 33 | total time: 41.42m | eta: 106.3m
step 00715/02520 (28.37%) | loss: 3.213383 | lrm: 1.00 | dt: 3511.56ms | tok/sec: 149,303 | bf16_mfu: 36.59 | epoch: 1 pq: 8 rg: 34 | total time: 41.48m | eta: 106.2m
step 00716/02520 (28.41%) | loss: 3.218040 | lrm: 1.00 | dt: 3508.31ms | tok/sec: 149,441 | bf16_mfu: 36.62 | epoch: 1 pq: 8 rg: 35 | total time: 41.54m | eta: 106.1m
step 00717/02520 (28.45%) | loss: 3.221410 | lrm: 1.00 | dt: 3513.14ms | tok/sec: 149,236 | bf16_mfu: 36.57 | epoch: 1 pq: 8 rg: 36 | total time: 41.60m | eta: 106.1m
step 00718/02520 (28.49%) | loss: 3.211622 | lrm: 1.00 | dt: 3506.86ms | tok/sec: 149,503 | bf16_mfu: 36.64 | epoch: 1 pq: 8 rg: 37 | total time: 41.65m | eta: 106.0m
step 00719/02520 (28.53%) | loss: 3.207452 | lrm: 1.00 | dt: 3510.81ms | tok/sec: 149,335 | bf16_mfu: 36.60 | epoch: 1 pq: 8 rg: 38 | total time: 41.71m | eta: 106.0m
step 00720/02520 (28.57%) | loss: 3.212232 | lrm: 1.00 | dt: 3509.90ms | tok/sec: 149,374 | bf16_mfu: 36.60 | epoch: 1 pq: 8 rg: 39 | total time: 41.77m | eta: 105.9m
step 00721/02520 (28.61%) | loss: 3.214153 | lrm: 1.00 | dt: 3511.17ms | tok/sec: 149,320 | bf16_mfu: 36.59 | epoch: 1 pq: 8 rg: 40 | total time: 41.83m | eta: 105.8m
step 00722/02520 (28.65%) | loss: 3.200882 | lrm: 1.00 | dt: 3512.14ms | tok/sec: 149,278 | bf16_mfu: 36.58 | epoch: 1 pq: 8 rg: 41 | total time: 41.89m | eta: 105.8m
step 00723/02520 (28.69%) | loss: 3.208267 | lrm: 1.00 | dt: 3512.93ms | tok/sec: 149,245 | bf16_mfu: 36.57 | epoch: 1 pq: 8 rg: 42 | total time: 41.95m | eta: 105.7m
step 00724/02520 (28.73%) | loss: 3.211783 | lrm: 1.00 | dt: 3511.23ms | tok/sec: 149,317 | bf16_mfu: 36.59 | epoch: 1 pq: 8 rg: 43 | total time: 42.01m | eta: 105.7m
step 00725/02520 (28.77%) | loss: 3.200045 | lrm: 1.00 | dt: 3511.88ms | tok/sec: 149,290 | bf16_mfu: 36.58 | epoch: 1 pq: 8 rg: 44 | total time: 42.06m | eta: 105.6m
step 00726/02520 (28.81%) | loss: 3.201283 | lrm: 1.00 | dt: 3510.57ms | tok/sec: 149,345 | bf16_mfu: 36.60 | epoch: 1 pq: 8 rg: 45 | total time: 42.12m | eta: 105.5m
step 00727/02520 (28.85%) | loss: 3.186860 | lrm: 1.00 | dt: 3509.91ms | tok/sec: 149,373 | bf16_mfu: 36.60 | epoch: 1 pq: 8 rg: 45 | total time: 42.18m | eta: 105.5m
step 00728/02520 (28.89%) | loss: 3.200786 | lrm: 1.00 | dt: 3509.86ms | tok/sec: 149,375 | bf16_mfu: 36.61 | epoch: 1 pq: 8 rg: 46 | total time: 42.24m | eta: 105.4m
step 00729/02520 (28.93%) | loss: 3.197101 | lrm: 1.00 | dt: 3510.38ms | tok/sec: 149,353 | bf16_mfu: 36.60 | epoch: 1 pq: 8 rg: 47 | total time: 42.30m | eta: 105.4m
step 00730/02520 (28.97%) | loss: 3.200364 | lrm: 1.00 | dt: 3510.50ms | tok/sec: 149,348 | bf16_mfu: 36.60 | epoch: 1 pq: 8 rg: 48 | total time: 42.36m | eta: 105.3m
step 00731/02520 (29.01%) | loss: 3.203196 | lrm: 1.00 | dt: 3509.81ms | tok/sec: 149,377 | bf16_mfu: 36.61 | epoch: 1 pq: 8 rg: 49 | total time: 42.42m | eta: 105.2m
step 00732/02520 (29.05%) | loss: 3.208608 | lrm: 1.00 | dt: 3514.39ms | tok/sec: 149,183 | bf16_mfu: 36.56 | epoch: 1 pq: 8 rg: 50 | total time: 42.47m | eta: 105.2m
step 00733/02520 (29.09%) | loss: 3.203779 | lrm: 1.00 | dt: 3513.55ms | tok/sec: 149,218 | bf16_mfu: 36.57 | epoch: 1 pq: 8 rg: 51 | total time: 42.53m | eta: 105.1m
step 00734/02520 (29.13%) | loss: 3.168027 | lrm: 1.00 | dt: 3508.75ms | tok/sec: 149,423 | bf16_mfu: 36.62 | epoch: 1 pq: 8 rg: 52 | total time: 42.59m | eta: 105.1m
step 00735/02520 (29.17%) | loss: 3.164745 | lrm: 1.00 | dt: 3512.01ms | tok/sec: 149,284 | bf16_mfu: 36.58 | epoch: 1 pq: 8 rg: 53 | total time: 42.65m | eta: 105.0m
step 00736/02520 (29.21%) | loss: 3.167504 | lrm: 1.00 | dt: 3509.01ms | tok/sec: 149,411 | bf16_mfu: 36.61 | epoch: 1 pq: 8 rg: 54 | total time: 42.71m | eta: 104.9m
step 00737/02520 (29.25%) | loss: 3.162464 | lrm: 1.00 | dt: 3511.11ms | tok/sec: 149,322 | bf16_mfu: 36.59 | epoch: 1 pq: 8 rg: 55 | total time: 42.77m | eta: 104.9m
step 00738/02520 (29.29%) | loss: 3.156558 | lrm: 1.00 | dt: 3511.78ms | tok/sec: 149,294 | bf16_mfu: 36.59 | epoch: 1 pq: 8 rg: 56 | total time: 42.82m | eta: 104.8m
step 00739/02520 (29.33%) | loss: 3.168967 | lrm: 1.00 | dt: 3509.71ms | tok/sec: 149,382 | bf16_mfu: 36.61 | epoch: 1 pq: 8 rg: 57 | total time: 42.88m | eta: 104.8m
step 00740/02520 (29.37%) | loss: 3.165391 | lrm: 1.00 | dt: 3514.45ms | tok/sec: 149,180 | bf16_mfu: 36.56 | epoch: 1 pq: 8 rg: 58 | total time: 42.94m | eta: 104.7m
step 00741/02520 (29.40%) | loss: 3.178257 | lrm: 1.00 | dt: 3512.36ms | tok/sec: 149,269 | bf16_mfu: 36.58 | epoch: 1 pq: 8 rg: 59 | total time: 43.00m | eta: 104.6m
step 00742/02520 (29.44%) | loss: 3.191266 | lrm: 1.00 | dt: 3507.67ms | tok/sec: 149,468 | bf16_mfu: 36.63 | epoch: 1 pq: 8 rg: 60 | total time: 43.06m | eta: 104.6m
step 00743/02520 (29.48%) | loss: 3.206193 | lrm: 1.00 | dt: 3511.84ms | tok/sec: 149,291 | bf16_mfu: 36.58 | epoch: 1 pq: 8 rg: 61 | total time: 43.12m | eta: 104.5m
step 00744/02520 (29.52%) | loss: 3.202187 | lrm: 1.00 | dt: 3508.63ms | tok/sec: 149,428 | bf16_mfu: 36.62 | epoch: 1 pq: 8 rg: 62 | total time: 43.18m | eta: 104.5m
step 00745/02520 (29.56%) | loss: 3.181190 | lrm: 1.00 | dt: 3511.29ms | tok/sec: 149,314 | bf16_mfu: 36.59 | epoch: 1 pq: 8 rg: 63 | total time: 43.23m | eta: 104.4m
step 00746/02520 (29.60%) | loss: 3.177202 | lrm: 1.00 | dt: 3511.55ms | tok/sec: 149,303 | bf16_mfu: 36.59 | epoch: 1 pq: 8 rg: 64 | total time: 43.29m | eta: 104.4m
step 00747/02520 (29.64%) | loss: 3.180324 | lrm: 1.00 | dt: 3508.45ms | tok/sec: 149,435 | bf16_mfu: 36.62 | epoch: 1 pq: 8 rg: 65 | total time: 43.35m | eta: 104.3m
step 00748/02520 (29.68%) | loss: 3.171954 | lrm: 1.00 | dt: 3511.22ms | tok/sec: 149,318 | bf16_mfu: 36.59 | epoch: 1 pq: 8 rg: 66 | total time: 43.41m | eta: 104.2m
step 00749/02520 (29.72%) | loss: 3.173464 | lrm: 1.00 | dt: 3507.44ms | tok/sec: 149,478 | bf16_mfu: 36.63 | epoch: 1 pq: 8 rg: 67 | total time: 43.47m | eta: 104.2m
Step 00750 | Validation bpb: 0.992433
<|bos|>The capital of France is the capital of the world, and the capital of the world is the capital of
<|bos|>The chemical symbol of gold is gold. It is a metal that is used in the manufacture of many products.
<|bos|>If yesterday was Friday, then tomorrow will be the day to celebrate the 10th anniversary of the birth of the first human
<|bos|>The opposite of hot is the opposite of cold. The opposite of cold is the opposite of cold. The
<|bos|>The planets of the solar system are: 1. 2. 3. 4. 5. 
<|bos|>My favorite color is the red. I love the red color. I love the red color. I
<|bos|>If 5*x + 3 = 13, then x is the number of times the number of times the number of times the number of times
2026-09-25 18:44:23,842 - nanochat.checkpoint_manager - [32m[1mINFO[0m - Saved model parameters to: /local/s3774740/d12/cache/base_checkpoints/d12v32768/model_000750.pt
2026-09-25 18:44:23,843 - nanochat.checkpoint_manager - [32m[1mINFO[0m - Saved metadata to: /local/s3774740/d12/cache/base_checkpoints/d12v32768/meta_000750.json
2026-09-25 18:44:24,603 - nanochat.checkpoint_manager - [32m[1mINFO[0m - Saved optimizer state to: /local/s3774740/d12/cache/base_checkpoints/d12v32768/optim_000750_rank0.pt
step 00750/02520 (29.76%) | loss: 3.156947 | lrm: 1.00 | dt: 3504.52ms | tok/sec: 149,603 | bf16_mfu: 36.66 | epoch: 1 pq: 8 rg: 68 | total time: 43.53m | eta: 104.1m
step 00751/02520 (29.80%) | loss: 3.157935 | lrm: 1.00 | dt: 3497.49ms | tok/sec: 149,903 | bf16_mfu: 36.73 | epoch: 1 pq: 8 rg: 69 | total time: 43.59m | eta: 104.1m
step 00752/02520 (29.84%) | loss: 3.166754 | lrm: 1.00 | dt: 3502.74ms | tok/sec: 149,679 | bf16_mfu: 36.68 | epoch: 1 pq: 8 rg: 70 | total time: 43.64m | eta: 104.0m
step 00753/02520 (29.88%) | loss: 3.183863 | lrm: 1.00 | dt: 3505.57ms | tok/sec: 149,558 | bf16_mfu: 36.65 | epoch: 1 pq: 8 rg: 71 | total time: 43.70m | eta: 103.9m
step 00754/02520 (29.92%) | loss: 3.187550 | lrm: 1.00 | dt: 3503.25ms | tok/sec: 149,657 | bf16_mfu: 36.67 | epoch: 1 pq: 8 rg: 72 | total time: 43.76m | eta: 103.9m
step 00755/02520 (29.96%) | loss: 3.201985 | lrm: 1.00 | dt: 3505.07ms | tok/sec: 149,579 | bf16_mfu: 36.66 | epoch: 1 pq: 8 rg: 73 | total time: 43.82m | eta: 103.8m
step 00756/02520 (30.00%) | loss: 3.212698 | lrm: 1.00 | dt: 3507.81ms | tok/sec: 149,462 | bf16_mfu: 36.63 | epoch: 1 pq: 8 rg: 74 | total time: 43.88m | eta: 103.8m
step 00757/02520 (30.04%) | loss: 3.209245 | lrm: 1.00 | dt: 3507.04ms | tok/sec: 149,495 | bf16_mfu: 36.63 | epoch: 1 pq: 8 rg: 75 | total time: 43.94m | eta: 103.7m
step 00758/02520 (30.08%) | loss: 3.205957 | lrm: 1.00 | dt: 3507.55ms | tok/sec: 149,474 | bf16_mfu: 36.63 | epoch: 1 pq: 8 rg: 76 | total time: 43.99m | eta: 103.6m
step 00759/02520 (30.12%) | loss: 3.195127 | lrm: 1.00 | dt: 3507.34ms | tok/sec: 149,483 | bf16_mfu: 36.63 | epoch: 1 pq: 8 rg: 76 | total time: 44.05m | eta: 103.6m
step 00760/02520 (30.16%) | loss: 3.209693 | lrm: 1.00 | dt: 3509.17ms | tok/sec: 149,405 | bf16_mfu: 36.61 | epoch: 1 pq: 8 rg: 77 | total time: 44.11m | eta: 103.5m
step 00761/02520 (30.20%) | loss: 3.215172 | lrm: 1.00 | dt: 3507.96ms | tok/sec: 149,456 | bf16_mfu: 36.63 | epoch: 1 pq: 8 rg: 78 | total time: 44.17m | eta: 103.5m
step 00762/02520 (30.24%) | loss: 3.226787 | lrm: 1.00 | dt: 3508.20ms | tok/sec: 149,446 | bf16_mfu: 36.62 | epoch: 1 pq: 8 rg: 79 | total time: 44.23m | eta: 103.4m
step 00763/02520 (30.28%) | loss: 3.227325 | lrm: 1.00 | dt: 3508.72ms | tok/sec: 149,424 | bf16_mfu: 36.62 | epoch: 1 pq: 8 rg: 80 | total time: 44.29m | eta: 103.3m
step 00764/02520 (30.32%) | loss: 3.228358 | lrm: 1.00 | dt: 3508.47ms | tok/sec: 149,435 | bf16_mfu: 36.62 | epoch: 1 pq: 8 rg: 81 | total time: 44.35m | eta: 103.3m
step 00765/02520 (30.36%) | loss: 3.217344 | lrm: 1.00 | dt: 3508.00ms | tok/sec: 149,454 | bf16_mfu: 36.62 | epoch: 1 pq: 9 rg: 0 | total time: 44.40m | eta: 103.2m
step 00766/02520 (30.40%) | loss: 3.222726 | lrm: 1.00 | dt: 3509.54ms | tok/sec: 149,389 | bf16_mfu: 36.61 | epoch: 1 pq: 9 rg: 1 | total time: 44.46m | eta: 103.2m
step 00767/02520 (30.44%) | loss: 3.237677 | lrm: 1.00 | dt: 3509.94ms | tok/sec: 149,372 | bf16_mfu: 36.60 | epoch: 1 pq: 9 rg: 2 | total time: 44.52m | eta: 103.1m
step 00768/02520 (30.48%) | loss: 3.222073 | lrm: 1.00 | dt: 3516.93ms | tok/sec: 149,075 | bf16_mfu: 36.53 | epoch: 1 pq: 9 rg: 3 | total time: 44.58m | eta: 103.0m
step 00769/02520 (30.52%) | loss: 3.208795 | lrm: 1.00 | dt: 3512.41ms | tok/sec: 149,267 | bf16_mfu: 36.58 | epoch: 1 pq: 9 rg: 4 | total time: 44.64m | eta: 103.0m
step 00770/02520 (30.56%) | loss: 3.176499 | lrm: 1.00 | dt: 3510.73ms | tok/sec: 149,338 | bf16_mfu: 36.60 | epoch: 1 pq: 9 rg: 5 | total time: 44.70m | eta: 102.9m
step 00771/02520 (30.60%) | loss: 3.161822 | lrm: 1.00 | dt: 3510.91ms | tok/sec: 149,330 | bf16_mfu: 36.59 | epoch: 1 pq: 9 rg: 6 | total time: 44.75m | eta: 102.9m
step 00772/02520 (30.63%) | loss: 3.153898 | lrm: 1.00 | dt: 3512.37ms | tok/sec: 149,269 | bf16_mfu: 36.58 | epoch: 1 pq: 9 rg: 7 | total time: 44.81m | eta: 102.8m
step 00773/02520 (30.67%) | loss: 3.150224 | lrm: 1.00 | dt: 3510.75ms | tok/sec: 149,337 | bf16_mfu: 36.60 | epoch: 1 pq: 9 rg: 8 | total time: 44.87m | eta: 102.7m
step 00774/02520 (30.71%) | loss: 3.165751 | lrm: 1.00 | dt: 3512.44ms | tok/sec: 149,265 | bf16_mfu: 36.58 | epoch: 1 pq: 9 rg: 9 | total time: 44.93m | eta: 102.7m
step 00775/02520 (30.75%) | loss: 3.165340 | lrm: 1.00 | dt: 3510.04ms | tok/sec: 149,368 | bf16_mfu: 36.60 | epoch: 1 pq: 9 rg: 10 | total time: 44.99m | eta: 102.6m
step 00776/02520 (30.79%) | loss: 3.176154 | lrm: 1.00 | dt: 3512.71ms | tok/sec: 149,254 | bf16_mfu: 36.58 | epoch: 1 pq: 9 rg: 11 | total time: 45.05m | eta: 102.6m
step 00777/02520 (30.83%) | loss: 3.171469 | lrm: 1.00 | dt: 3515.36ms | tok/sec: 149,142 | bf16_mfu: 36.55 | epoch: 1 pq: 9 rg: 12 | total time: 45.11m | eta: 102.5m
step 00778/02520 (30.87%) | loss: 3.179894 | lrm: 1.00 | dt: 3511.04ms | tok/sec: 149,325 | bf16_mfu: 36.59 | epoch: 1 pq: 9 rg: 13 | total time: 45.16m | eta: 102.4m
step 00779/02520 (30.91%) | loss: 3.183279 | lrm: 1.00 | dt: 3510.58ms | tok/sec: 149,345 | bf16_mfu: 36.60 | epoch: 1 pq: 9 rg: 14 | total time: 45.22m | eta: 102.4m
step 00780/02520 (30.95%) | loss: 3.172354 | lrm: 1.00 | dt: 3512.52ms | tok/sec: 149,262 | bf16_mfu: 36.58 | epoch: 1 pq: 9 rg: 15 | total time: 45.28m | eta: 102.3m
step 00781/02520 (30.99%) | loss: 3.200213 | lrm: 1.00 | dt: 3507.68ms | tok/sec: 149,468 | bf16_mfu: 36.63 | epoch: 1 pq: 9 rg: 16 | total time: 45.34m | eta: 102.3m
step 00782/02520 (31.03%) | loss: 3.204414 | lrm: 1.00 | dt: 3512.49ms | tok/sec: 149,263 | bf16_mfu: 36.58 | epoch: 1 pq: 9 rg: 17 | total time: 45.40m | eta: 102.2m
step 00783/02520 (31.07%) | loss: 3.183563 | lrm: 1.00 | dt: 3514.25ms | tok/sec: 149,189 | bf16_mfu: 36.56 | epoch: 1 pq: 9 rg: 18 | total time: 45.46m | eta: 102.1m
step 00784/02520 (31.11%) | loss: 3.172580 | lrm: 1.00 | dt: 3508.37ms | tok/sec: 149,439 | bf16_mfu: 36.62 | epoch: 1 pq: 9 rg: 19 | total time: 45.52m | eta: 102.1m
step 00785/02520 (31.15%) | loss: 3.179104 | lrm: 1.00 | dt: 3513.62ms | tok/sec: 149,215 | bf16_mfu: 36.57 | epoch: 1 pq: 9 rg: 20 | total time: 45.57m | eta: 102.0m
step 00786/02520 (31.19%) | loss: 3.171614 | lrm: 1.00 | dt: 3517.49ms | tok/sec: 149,051 | bf16_mfu: 36.53 | epoch: 1 pq: 9 rg: 21 | total time: 45.63m | eta: 102.0m
step 00787/02520 (31.23%) | loss: 3.170781 | lrm: 1.00 | dt: 3515.15ms | tok/sec: 149,151 | bf16_mfu: 36.55 | epoch: 1 pq: 9 rg: 21 | total time: 45.69m | eta: 101.9m
step 00788/02520 (31.27%) | loss: 3.171881 | lrm: 1.00 | dt: 3512.09ms | tok/sec: 149,280 | bf16_mfu: 36.58 | epoch: 1 pq: 9 rg: 22 | total time: 45.75m | eta: 101.8m
step 00789/02520 (31.31%) | loss: 3.153560 | lrm: 1.00 | dt: 3513.45ms | tok/sec: 149,223 | bf16_mfu: 36.57 | epoch: 1 pq: 9 rg: 23 | total time: 45.81m | eta: 101.8m
step 00790/02520 (31.35%) | loss: 3.147562 | lrm: 1.00 | dt: 3514.31ms | tok/sec: 149,186 | bf16_mfu: 36.56 | epoch: 1 pq: 9 rg: 24 | total time: 45.87m | eta: 101.7m
step 00791/02520 (31.39%) | loss: 3.160172 | lrm: 1.00 | dt: 3509.26ms | tok/sec: 149,401 | bf16_mfu: 36.61 | epoch: 1 pq: 9 rg: 25 | total time: 45.93m | eta: 101.7m
step 00792/02520 (31.43%) | loss: 3.173347 | lrm: 1.00 | dt: 3511.39ms | tok/sec: 149,310 | bf16_mfu: 36.59 | epoch: 1 pq: 9 rg: 26 | total time: 45.98m | eta: 101.6m
step 00793/02520 (31.47%) | loss: 3.154896 | lrm: 1.00 | dt: 3511.57ms | tok/sec: 149,302 | bf16_mfu: 36.59 | epoch: 1 pq: 9 rg: 27 | total time: 46.04m | eta: 101.6m
step 00794/02520 (31.51%) | loss: 3.167635 | lrm: 1.00 | dt: 3510.35ms | tok/sec: 149,354 | bf16_mfu: 36.60 | epoch: 1 pq: 9 rg: 28 | total time: 46.10m | eta: 101.5m
step 00795/02520 (31.55%) | loss: 3.171329 | lrm: 1.00 | dt: 3510.46ms | tok/sec: 149,350 | bf16_mfu: 36.60 | epoch: 1 pq: 9 rg: 29 | total time: 46.16m | eta: 101.4m
step 00796/02520 (31.59%) | loss: 3.190950 | lrm: 1.00 | dt: 3507.38ms | tok/sec: 149,481 | bf16_mfu: 36.63 | epoch: 1 pq: 9 rg: 30 | total time: 46.22m | eta: 101.4m
step 00797/02520 (31.63%) | loss: 3.198830 | lrm: 1.00 | dt: 3510.08ms | tok/sec: 149,366 | bf16_mfu: 36.60 | epoch: 1 pq: 9 rg: 31 | total time: 46.28m | eta: 101.3m
step 00798/02520 (31.67%) | loss: 3.198467 | lrm: 1.00 | dt: 3508.28ms | tok/sec: 149,443 | bf16_mfu: 36.62 | epoch: 1 pq: 9 rg: 32 | total time: 46.33m | eta: 101.3m
step 00799/02520 (31.71%) | loss: 3.188180 | lrm: 1.00 | dt: 3509.60ms | tok/sec: 149,386 | bf16_mfu: 36.61 | epoch: 1 pq: 9 rg: 33 | total time: 46.39m | eta: 101.2m
<|bos|>The capital of France is the capital of the world. The capital of France is the capital of the world
<|bos|>The chemical symbol of gold is gold. It is a symbol of gold. It is also a symbol of silver
<|bos|>If yesterday was Friday, then tomorrow will be Sunday. If yesterday was Sunday, then tomorrow will be Sunday. If yesterday was
<|bos|>The opposite of hot is not hot. Hot is not hot. Hot is not hot. Hot is not
<|bos|>The planets of the solar system are: Jupiter, Saturn, Uranus, Neptune, Neptune, Uran
<|bos|>My favorite color is red. I love red, but I love it. I love it. I
<|bos|>If 5*x + 3 = 13, then x is the same as 5*x + 3 = 13. If x
step 00800/02520 (31.75%) | loss: 3.201951 | lrm: 1.00 | dt: 3511.96ms | tok/sec: 149,286 | bf16_mfu: 36.58 | epoch: 1 pq: 9 rg: 34 | total time: 46.45m | eta: 101.1m
step 00801/02520 (31.79%) | loss: 3.196677 | lrm: 1.00 | dt: 3510.01ms | tok/sec: 149,369 | bf16_mfu: 36.60 | epoch: 1 pq: 9 rg: 35 | total time: 46.51m | eta: 101.1m
step 00802/02520 (31.83%) | loss: 3.192163 | lrm: 1.00 | dt: 3508.33ms | tok/sec: 149,440 | bf16_mfu: 36.62 | epoch: 1 pq: 9 rg: 36 | total time: 46.57m | eta: 101.0m
step 00803/02520 (31.87%) | loss: 3.176592 | lrm: 1.00 | dt: 3513.02ms | tok/sec: 149,241 | bf16_mfu: 36.57 | epoch: 1 pq: 9 rg: 37 | total time: 46.63m | eta: 101.0m
step 00804/02520 (31.90%) | loss: 3.180678 | lrm: 1.00 | dt: 3507.95ms | tok/sec: 149,457 | bf16_mfu: 36.63 | epoch: 1 pq: 9 rg: 38 | total time: 46.69m | eta: 100.9m
step 00805/02520 (31.94%) | loss: 3.172174 | lrm: 1.00 | dt: 3509.08ms | tok/sec: 149,409 | bf16_mfu: 36.61 | epoch: 1 pq: 9 rg: 39 | total time: 46.74m | eta: 100.8m
step 00806/02520 (31.98%) | loss: 3.177458 | lrm: 1.00 | dt: 3514.58ms | tok/sec: 149,175 | bf16_mfu: 36.56 | epoch: 1 pq: 9 rg: 40 | total time: 46.80m | eta: 100.8m
step 00807/02520 (32.02%) | loss: 3.180646 | lrm: 1.00 | dt: 3511.49ms | tok/sec: 149,306 | bf16_mfu: 36.59 | epoch: 1 pq: 9 rg: 41 | total time: 46.86m | eta: 100.7m
step 00808/02520 (32.06%) | loss: 3.191743 | lrm: 1.00 | dt: 3511.92ms | tok/sec: 149,288 | bf16_mfu: 36.58 | epoch: 1 pq: 9 rg: 42 | total time: 46.92m | eta: 100.7m
step 00809/02520 (32.10%) | loss: 3.195258 | lrm: 1.00 | dt: 3509.65ms | tok/sec: 149,384 | bf16_mfu: 36.61 | epoch: 1 pq: 9 rg: 43 | total time: 46.98m | eta: 100.6m
step 00810/02520 (32.14%) | loss: 3.198081 | lrm: 1.00 | dt: 3509.09ms | tok/sec: 149,408 | bf16_mfu: 36.61 | epoch: 1 pq: 9 rg: 44 | total time: 47.04m | eta: 100.5m
step 00811/02520 (32.18%) | loss: 3.208912 | lrm: 1.00 | dt: 3515.92ms | tok/sec: 149,118 | bf16_mfu: 36.54 | epoch: 1 pq: 9 rg: 45 | total time: 47.10m | eta: 100.5m
step 00812/02520 (32.22%) | loss: 3.203947 | lrm: 1.00 | dt: 3507.48ms | tok/sec: 149,477 | bf16_mfu: 36.63 | epoch: 1 pq: 9 rg: 46 | total time: 47.15m | eta: 100.4m
step 00813/02520 (32.26%) | loss: 3.191572 | lrm: 1.00 | dt: 3510.60ms | tok/sec: 149,344 | bf16_mfu: 36.60 | epoch: 1 pq: 9 rg: 47 | total time: 47.21m | eta: 100.4m
step 00814/02520 (32.30%) | loss: 3.186019 | lrm: 1.00 | dt: 3507.04ms | tok/sec: 149,495 | bf16_mfu: 36.63 | epoch: 1 pq: 9 rg: 48 | total time: 47.27m | eta: 100.3m
step 00815/02520 (32.34%) | loss: 3.174511 | lrm: 1.00 | dt: 3513.39ms | tok/sec: 149,225 | bf16_mfu: 36.57 | epoch: 1 pq: 9 rg: 49 | total time: 47.33m | eta: 100.2m
step 00816/02520 (32.38%) | loss: 3.182709 | lrm: 1.00 | dt: 3515.02ms | tok/sec: 149,156 | bf16_mfu: 36.55 | epoch: 1 pq: 9 rg: 50 | total time: 47.39m | eta: 100.2m
step 00817/02520 (32.42%) | loss: 3.186089 | lrm: 1.00 | dt: 3512.32ms | tok/sec: 149,271 | bf16_mfu: 36.58 | epoch: 1 pq: 9 rg: 51 | total time: 47.45m | eta: 100.1m
step 00818/02520 (32.46%) | loss: 3.204863 | lrm: 1.00 | dt: 3509.71ms | tok/sec: 149,382 | bf16_mfu: 36.61 | epoch: 1 pq: 9 rg: 52 | total time: 47.51m | eta: 100.1m
step 00819/02520 (32.50%) | loss: 3.185315 | lrm: 1.00 | dt: 3510.90ms | tok/sec: 149,331 | bf16_mfu: 36.59 | epoch: 1 pq: 9 rg: 53 | total time: 47.56m | eta: 100.0m
step 00820/02520 (32.54%) | loss: 3.159600 | lrm: 1.00 | dt: 3510.63ms | tok/sec: 149,343 | bf16_mfu: 36.60 | epoch: 1 pq: 9 rg: 53 | total time: 47.62m | eta: 99.9m
step 00821/02520 (32.58%) | loss: 3.156134 | lrm: 1.00 | dt: 3511.36ms | tok/sec: 149,311 | bf16_mfu: 36.59 | epoch: 1 pq: 9 rg: 54 | total time: 47.68m | eta: 99.9m
step 00822/02520 (32.62%) | loss: 3.157600 | lrm: 1.00 | dt: 3514.52ms | tok/sec: 149,177 | bf16_mfu: 36.56 | epoch: 1 pq: 9 rg: 55 | total time: 47.74m | eta: 99.8m
step 00823/02520 (32.66%) | loss: 3.154382 | lrm: 1.00 | dt: 3512.74ms | tok/sec: 149,253 | bf16_mfu: 36.58 | epoch: 1 pq: 9 rg: 56 | total time: 47.80m | eta: 99.8m
step 00824/02520 (32.70%) | loss: 3.138618 | lrm: 1.00 | dt: 3511.27ms | tok/sec: 149,315 | bf16_mfu: 36.59 | epoch: 1 pq: 9 rg: 57 | total time: 47.86m | eta: 99.7m
step 00825/02520 (32.74%) | loss: 3.148850 | lrm: 1.00 | dt: 3510.98ms | tok/sec: 149,328 | bf16_mfu: 36.59 | epoch: 1 pq: 9 rg: 58 | total time: 47.91m | eta: 99.7m
step 00826/02520 (32.78%) | loss: 3.147151 | lrm: 1.00 | dt: 3511.40ms | tok/sec: 149,310 | bf16_mfu: 36.59 | epoch: 1 pq: 9 rg: 59 | total time: 47.97m | eta: 99.6m
step 00827/02520 (32.82%) | loss: 3.153017 | lrm: 1.00 | dt: 3510.98ms | tok/sec: 149,327 | bf16_mfu: 36.59 | epoch: 1 pq: 9 rg: 60 | total time: 48.03m | eta: 99.5m
step 00828/02520 (32.86%) | loss: 3.165001 | lrm: 1.00 | dt: 3509.87ms | tok/sec: 149,375 | bf16_mfu: 36.61 | epoch: 1 pq: 9 rg: 61 | total time: 48.09m | eta: 99.5m
step 00829/02520 (32.90%) | loss: 3.166595 | lrm: 1.00 | dt: 3510.20ms | tok/sec: 149,361 | bf16_mfu: 36.60 | epoch: 1 pq: 9 rg: 62 | total time: 48.15m | eta: 99.4m
step 00830/02520 (32.94%) | loss: 3.161672 | lrm: 1.00 | dt: 3513.85ms | tok/sec: 149,206 | bf16_mfu: 36.56 | epoch: 1 pq: 9 rg: 63 | total time: 48.21m | eta: 99.4m
step 00831/02520 (32.98%) | loss: 3.160711 | lrm: 1.00 | dt: 3507.58ms | tok/sec: 149,472 | bf16_mfu: 36.63 | epoch: 1 pq: 9 rg: 64 | total time: 48.27m | eta: 99.3m
step 00832/02520 (33.02%) | loss: 3.188408 | lrm: 1.00 | dt: 3509.35ms | tok/sec: 149,397 | bf16_mfu: 36.61 | epoch: 1 pq: 9 rg: 65 | total time: 48.32m | eta: 99.2m
step 00833/02520 (33.06%) | loss: 3.189070 | lrm: 1.00 | dt: 3506.97ms | tok/sec: 149,498 | bf16_mfu: 36.64 | epoch: 1 pq: 9 rg: 66 | total time: 48.38m | eta: 99.2m
step 00834/02520 (33.10%) | loss: 3.161275 | lrm: 1.00 | dt: 3508.72ms | tok/sec: 149,424 | bf16_mfu: 36.62 | epoch: 1 pq: 9 rg: 67 | total time: 48.44m | eta: 99.1m
step 00835/02520 (33.13%) | loss: 3.162526 | lrm: 1.00 | dt: 3507.56ms | tok/sec: 149,473 | bf16_mfu: 36.63 | epoch: 1 pq: 9 rg: 68 | total time: 48.50m | eta: 99.1m
step 00836/02520 (33.17%) | loss: 3.170737 | lrm: 1.00 | dt: 3506.87ms | tok/sec: 149,503 | bf16_mfu: 36.64 | epoch: 1 pq: 9 rg: 69 | total time: 48.56m | eta: 99.0m
step 00837/02520 (33.21%) | loss: 3.184012 | lrm: 1.00 | dt: 3508.08ms | tok/sec: 149,451 | bf16_mfu: 36.62 | epoch: 1 pq: 9 rg: 70 | total time: 48.62m | eta: 98.9m
step 00838/02520 (33.25%) | loss: 3.175420 | lrm: 1.00 | dt: 3510.09ms | tok/sec: 149,365 | bf16_mfu: 36.60 | epoch: 1 pq: 9 rg: 71 | total time: 48.68m | eta: 98.9m
step 00839/02520 (33.29%) | loss: 3.175434 | lrm: 1.00 | dt: 3507.78ms | tok/sec: 149,464 | bf16_mfu: 36.63 | epoch: 1 pq: 9 rg: 72 | total time: 48.73m | eta: 98.8m
step 00840/02520 (33.33%) | loss: 3.170200 | lrm: 1.00 | dt: 3509.33ms | tok/sec: 149,398 | bf16_mfu: 36.61 | epoch: 1 pq: 9 rg: 73 | total time: 48.79m | eta: 98.8m
step 00841/02520 (33.37%) | loss: 3.184816 | lrm: 1.00 | dt: 3508.82ms | tok/sec: 149,420 | bf16_mfu: 36.62 | epoch: 1 pq: 9 rg: 74 | total time: 48.85m | eta: 98.7m
step 00842/02520 (33.41%) | loss: 3.178939 | lrm: 1.00 | dt: 3509.27ms | tok/sec: 149,401 | bf16_mfu: 36.61 | epoch: 1 pq: 9 rg: 75 | total time: 48.91m | eta: 98.6m
step 00843/02520 (33.45%) | loss: 3.173353 | lrm: 1.00 | dt: 3508.41ms | tok/sec: 149,437 | bf16_mfu: 36.62 | epoch: 1 pq: 9 rg: 76 | total time: 48.97m | eta: 98.6m
step 00844/02520 (33.49%) | loss: 3.174427 | lrm: 1.00 | dt: 3508.74ms | tok/sec: 149,423 | bf16_mfu: 36.62 | epoch: 1 pq: 9 rg: 77 | total time: 49.03m | eta: 98.5m
step 00845/02520 (33.53%) | loss: 3.170182 | lrm: 1.00 | dt: 3508.23ms | tok/sec: 149,445 | bf16_mfu: 36.62 | epoch: 1 pq: 9 rg: 78 | total time: 49.08m | eta: 98.5m
step 00846/02520 (33.57%) | loss: 3.173973 | lrm: 1.00 | dt: 3505.27ms | tok/sec: 149,571 | bf16_mfu: 36.65 | epoch: 1 pq: 9 rg: 79 | total time: 49.14m | eta: 98.4m
step 00847/02520 (33.61%) | loss: 3.150471 | lrm: 1.00 | dt: 3509.68ms | tok/sec: 149,383 | bf16_mfu: 36.61 | epoch: 1 pq: 9 rg: 80 | total time: 49.20m | eta: 98.3m
step 00848/02520 (33.65%) | loss: 3.159683 | lrm: 1.00 | dt: 3507.79ms | tok/sec: 149,464 | bf16_mfu: 36.63 | epoch: 1 pq: 9 rg: 81 | total time: 49.26m | eta: 98.3m
step 00849/02520 (33.69%) | loss: 3.143279 | lrm: 1.00 | dt: 3508.58ms | tok/sec: 149,430 | bf16_mfu: 36.62 | epoch: 1 pq: 9 rg: 82 | total time: 49.32m | eta: 98.2m
<|bos|>The capital of France is the capital of the world. The capital of the world is the capital of the
<|bos|>The chemical symbol of gold is the symbol of the gold and silver industry. It is a symbol of the gold
<|bos|>If yesterday was Friday, then tomorrow will be the day when the sun will be at the horizon. The sun will be at
<|bos|>The opposite of hot is the opposite of cold. The opposite of cold is the opposite of cold. The
<|bos|>The planets of the solar system are: 1. The planets of the solar system are: 2. The planets
<|bos|>My favorite color is the blue. I think it's a bit of a mystery to me. I
<|bos|>If 5*x + 3 = 13, then x is the number of 5*x + 3 = 13. If x
step 00850/02520 (33.73%) | loss: 3.149989 | lrm: 1.00 | dt: 3512.54ms | tok/sec: 149,261 | bf16_mfu: 36.58 | epoch: 1 pq: 10 rg: 0 | total time: 49.38m | eta: 98.2m
step 00851/02520 (33.77%) | loss: 3.143571 | lrm: 1.00 | dt: 3501.17ms | tok/sec: 149,746 | bf16_mfu: 36.70 | epoch: 1 pq: 10 rg: 0 | total time: 49.44m | eta: 98.1m
step 00852/02520 (33.81%) | loss: 3.141800 | lrm: 1.00 | dt: 3503.44ms | tok/sec: 149,649 | bf16_mfu: 36.67 | epoch: 1 pq: 10 rg: 1 | total time: 49.49m | eta: 98.0m
step 00853/02520 (33.85%) | loss: 3.140770 | lrm: 1.00 | dt: 3504.29ms | tok/sec: 149,613 | bf16_mfu: 36.66 | epoch: 1 pq: 10 rg: 2 | total time: 49.55m | eta: 98.0m
step 00854/02520 (33.89%) | loss: 3.139634 | lrm: 1.00 | dt: 3503.55ms | tok/sec: 149,644 | bf16_mfu: 36.67 | epoch: 1 pq: 10 rg: 3 | total time: 49.61m | eta: 97.9m
step 00855/02520 (33.93%) | loss: 3.159786 | lrm: 1.00 | dt: 3507.75ms | tok/sec: 149,465 | bf16_mfu: 36.63 | epoch: 1 pq: 10 rg: 4 | total time: 49.67m | eta: 97.9m
step 00856/02520 (33.97%) | loss: 3.162837 | lrm: 1.00 | dt: 3505.06ms | tok/sec: 149,580 | bf16_mfu: 36.66 | epoch: 1 pq: 10 rg: 5 | total time: 49.73m | eta: 97.8m
step 00857/02520 (34.01%) | loss: 3.168943 | lrm: 1.00 | dt: 3506.28ms | tok/sec: 149,528 | bf16_mfu: 36.64 | epoch: 1 pq: 10 rg: 6 | total time: 49.79m | eta: 97.7m
step 00858/02520 (34.05%) | loss: 3.178401 | lrm: 1.00 | dt: 3510.84ms | tok/sec: 149,333 | bf16_mfu: 36.59 | epoch: 1 pq: 10 rg: 7 | total time: 49.84m | eta: 97.7m
step 00859/02520 (34.09%) | loss: 3.177581 | lrm: 1.00 | dt: 3509.96ms | tok/sec: 149,371 | bf16_mfu: 36.60 | epoch: 1 pq: 10 rg: 8 | total time: 49.90m | eta: 97.6m
step 00860/02520 (34.13%) | loss: 3.188454 | lrm: 1.00 | dt: 3509.65ms | tok/sec: 149,384 | bf16_mfu: 36.61 | epoch: 1 pq: 10 rg: 9 | total time: 49.96m | eta: 97.6m
step 00861/02520 (34.17%) | loss: 3.187984 | lrm: 1.00 | dt: 3510.55ms | tok/sec: 149,346 | bf16_mfu: 36.60 | epoch: 1 pq: 10 rg: 10 | total time: 50.02m | eta: 97.5m
step 00862/02520 (34.21%) | loss: 3.177182 | lrm: 1.00 | dt: 3508.97ms | tok/sec: 149,413 | bf16_mfu: 36.61 | epoch: 1 pq: 10 rg: 11 | total time: 50.08m | eta: 97.5m
step 00863/02520 (34.25%) | loss: 3.175784 | lrm: 1.00 | dt: 3510.61ms | tok/sec: 149,343 | bf16_mfu: 36.60 | epoch: 1 pq: 10 rg: 12 | total time: 50.14m | eta: 97.4m
step 00864/02520 (34.29%) | loss: 3.174852 | lrm: 1.00 | dt: 3506.84ms | tok/sec: 149,504 | bf16_mfu: 36.64 | epoch: 1 pq: 10 rg: 13 | total time: 50.20m | eta: 97.3m
step 00865/02520 (34.33%) | loss: 3.158409 | lrm: 1.00 | dt: 3511.44ms | tok/sec: 149,308 | bf16_mfu: 36.59 | epoch: 1 pq: 10 rg: 14 | total time: 50.25m | eta: 97.3m
step 00866/02520 (34.37%) | loss: 3.168564 | lrm: 1.00 | dt: 3507.86ms | tok/sec: 149,461 | bf16_mfu: 36.63 | epoch: 1 pq: 10 rg: 15 | total time: 50.31m | eta: 97.2m
step 00867/02520 (34.40%) | loss: 3.164278 | lrm: 1.00 | dt: 3511.27ms | tok/sec: 149,315 | bf16_mfu: 36.59 | epoch: 1 pq: 10 rg: 16 | total time: 50.37m | eta: 97.2m
step 00868/02520 (34.44%) | loss: 3.152966 | lrm: 1.00 | dt: 3507.93ms | tok/sec: 149,458 | bf16_mfu: 36.63 | epoch: 1 pq: 10 rg: 17 | total time: 50.43m | eta: 97.1m
step 00869/02520 (34.48%) | loss: 3.137955 | lrm: 1.00 | dt: 3509.14ms | tok/sec: 149,406 | bf16_mfu: 36.61 | epoch: 1 pq: 10 rg: 18 | total time: 50.49m | eta: 97.0m
step 00870/02520 (34.52%) | loss: 3.137799 | lrm: 1.00 | dt: 3506.72ms | tok/sec: 149,509 | bf16_mfu: 36.64 | epoch: 1 pq: 10 rg: 19 | total time: 50.55m | eta: 97.0m
step 00871/02520 (34.56%) | loss: 3.155897 | lrm: 1.00 | dt: 3506.87ms | tok/sec: 149,503 | bf16_mfu: 36.64 | epoch: 1 pq: 10 rg: 20 | total time: 50.60m | eta: 96.9m
step 00872/02520 (34.60%) | loss: 3.171883 | lrm: 1.00 | dt: 3506.50ms | tok/sec: 149,518 | bf16_mfu: 36.64 | epoch: 1 pq: 10 rg: 21 | total time: 50.66m | eta: 96.9m
step 00873/02520 (34.64%) | loss: 3.141212 | lrm: 1.00 | dt: 3512.59ms | tok/sec: 149,259 | bf16_mfu: 36.58 | epoch: 1 pq: 10 rg: 22 | total time: 50.72m | eta: 96.8m
step 00874/02520 (34.68%) | loss: 3.151184 | lrm: 1.00 | dt: 3507.78ms | tok/sec: 149,464 | bf16_mfu: 36.63 | epoch: 1 pq: 10 rg: 23 | total time: 50.78m | eta: 96.7m
step 00875/02520 (34.72%) | loss: 3.148893 | lrm: 1.00 | dt: 3505.53ms | tok/sec: 149,560 | bf16_mfu: 36.65 | epoch: 1 pq: 10 rg: 24 | total time: 50.84m | eta: 96.7m
step 00876/02520 (34.76%) | loss: 3.140460 | lrm: 1.00 | dt: 3507.64ms | tok/sec: 149,470 | bf16_mfu: 36.63 | epoch: 1 pq: 10 rg: 25 | total time: 50.90m | eta: 96.6m
step 00877/02520 (34.80%) | loss: 3.153261 | lrm: 1.00 | dt: 3508.51ms | tok/sec: 149,433 | bf16_mfu: 36.62 | epoch: 1 pq: 10 rg: 26 | total time: 50.96m | eta: 96.6m
step 00878/02520 (34.84%) | loss: 3.144951 | lrm: 1.00 | dt: 3510.49ms | tok/sec: 149,348 | bf16_mfu: 36.60 | epoch: 1 pq: 10 rg: 27 | total time: 51.01m | eta: 96.5m
step 00879/02520 (34.88%) | loss: 3.148164 | lrm: 1.00 | dt: 3511.39ms | tok/sec: 149,310 | bf16_mfu: 36.59 | epoch: 1 pq: 10 rg: 28 | total time: 51.07m | eta: 96.4m
step 00880/02520 (34.92%) | loss: 3.143660 | lrm: 1.00 | dt: 3509.79ms | tok/sec: 149,378 | bf16_mfu: 36.61 | epoch: 1 pq: 10 rg: 29 | total time: 51.13m | eta: 96.4m
step 00881/02520 (34.96%) | loss: 3.130890 | lrm: 1.00 | dt: 3511.27ms | tok/sec: 149,315 | bf16_mfu: 36.59 | epoch: 1 pq: 10 rg: 30 | total time: 51.19m | eta: 96.3m
step 00882/02520 (35.00%) | loss: 3.151391 | lrm: 1.00 | dt: 3506.53ms | tok/sec: 149,517 | bf16_mfu: 36.64 | epoch: 1 pq: 10 rg: 31 | total time: 51.25m | eta: 96.3m
step 00883/02520 (35.04%) | loss: 3.130377 | lrm: 1.00 | dt: 3512.13ms | tok/sec: 149,279 | bf16_mfu: 36.58 | epoch: 1 pq: 10 rg: 32 | total time: 51.31m | eta: 96.2m
step 00884/02520 (35.08%) | loss: 3.130965 | lrm: 1.00 | dt: 3509.82ms | tok/sec: 149,377 | bf16_mfu: 36.61 | epoch: 1 pq: 10 rg: 33 | total time: 51.37m | eta: 96.1m
step 00885/02520 (35.12%) | loss: 3.140691 | lrm: 1.00 | dt: 3510.25ms | tok/sec: 149,359 | bf16_mfu: 36.60 | epoch: 1 pq: 10 rg: 33 | total time: 51.42m | eta: 96.1m
step 00886/02520 (35.16%) | loss: 3.136895 | lrm: 1.00 | dt: 3515.09ms | tok/sec: 149,153 | bf16_mfu: 36.55 | epoch: 1 pq: 10 rg: 34 | total time: 51.48m | eta: 96.0m
step 00887/02520 (35.20%) | loss: 3.119671 | lrm: 1.00 | dt: 3509.28ms | tok/sec: 149,400 | bf16_mfu: 36.61 | epoch: 1 pq: 10 rg: 35 | total time: 51.54m | eta: 96.0m
step 00888/02520 (35.24%) | loss: 3.121720 | lrm: 1.00 | dt: 3511.84ms | tok/sec: 149,291 | bf16_mfu: 36.58 | epoch: 1 pq: 10 rg: 36 | total time: 51.60m | eta: 95.9m
step 00889/02520 (35.28%) | loss: 3.128004 | lrm: 1.00 | dt: 3511.48ms | tok/sec: 149,307 | bf16_mfu: 36.59 | epoch: 1 pq: 10 rg: 37 | total time: 51.66m | eta: 95.9m
step 00890/02520 (35.32%) | loss: 3.138542 | lrm: 1.00 | dt: 3510.13ms | tok/sec: 149,364 | bf16_mfu: 36.60 | epoch: 1 pq: 10 rg: 38 | total time: 51.72m | eta: 95.8m
step 00891/02520 (35.36%) | loss: 3.139624 | lrm: 0.99 | dt: 3511.61ms | tok/sec: 149,301 | bf16_mfu: 36.59 | epoch: 1 pq: 10 rg: 39 | total time: 51.77m | eta: 95.7m
step 00892/02520 (35.40%) | loss: 3.134318 | lrm: 0.99 | dt: 3506.92ms | tok/sec: 149,501 | bf16_mfu: 36.64 | epoch: 1 pq: 10 rg: 40 | total time: 51.83m | eta: 95.7m
step 00893/02520 (35.44%) | loss: 3.136301 | lrm: 0.99 | dt: 3510.83ms | tok/sec: 149,334 | bf16_mfu: 36.60 | epoch: 1 pq: 10 rg: 41 | total time: 51.89m | eta: 95.6m
step 00894/02520 (35.48%) | loss: 3.132298 | lrm: 0.99 | dt: 3508.17ms | tok/sec: 149,447 | bf16_mfu: 36.62 | epoch: 1 pq: 10 rg: 42 | total time: 51.95m | eta: 95.6m
step 00895/02520 (35.52%) | loss: 3.113244 | lrm: 0.99 | dt: 3511.20ms | tok/sec: 149,318 | bf16_mfu: 36.59 | epoch: 1 pq: 10 rg: 43 | total time: 52.01m | eta: 95.5m
step 00896/02520 (35.56%) | loss: 3.116633 | lrm: 0.99 | dt: 3509.92ms | tok/sec: 149,372 | bf16_mfu: 36.60 | epoch: 1 pq: 10 rg: 44 | total time: 52.07m | eta: 95.4m
step 00897/02520 (35.60%) | loss: 3.136872 | lrm: 0.99 | dt: 3509.50ms | tok/sec: 149,391 | bf16_mfu: 36.61 | epoch: 1 pq: 10 rg: 45 | total time: 52.13m | eta: 95.4m
step 00898/02520 (35.63%) | loss: 3.134464 | lrm: 0.99 | dt: 3513.03ms | tok/sec: 149,241 | bf16_mfu: 36.57 | epoch: 1 pq: 10 rg: 46 | total time: 52.18m | eta: 95.3m
step 00899/02520 (35.67%) | loss: 3.135518 | lrm: 0.99 | dt: 3510.52ms | tok/sec: 149,347 | bf16_mfu: 36.60 | epoch: 1 pq: 10 rg: 47 | total time: 52.24m | eta: 95.3m
Step 00900 | Validation bpb: 0.979721
<|bos|>The capital of France is the capital of the country. The capital of France is the capital of the country
<|bos|>The chemical symbol of gold is the symbol of the metal. The symbol of gold is the symbol of the metal
<|bos|>If yesterday was Friday, then tomorrow will be the day when the sun is shining. If it was Friday, then the sun
<|bos|>The opposite of hot is the opposite of hot is the opposite of hot is the opposite of hot is the
<|bos|>The planets of the solar system are: 1. Earth 2. Mars 3. Jupiter 4. Jupiter
<|bos|>My favorite color is blue. I love it. I love it. I love it. I love
<|bos|>If 5*x + 3 = 13, then x is the number of times the number of times the number of times the number of times
2026-09-25 18:53:13,737 - nanochat.checkpoint_manager - [32m[1mINFO[0m - Saved model parameters to: /local/s3774740/d12/cache/base_checkpoints/d12v32768/model_000900.pt
2026-09-25 18:53:13,738 - nanochat.checkpoint_manager - [32m[1mINFO[0m - Saved metadata to: /local/s3774740/d12/cache/base_checkpoints/d12v32768/meta_000900.json
2026-09-25 18:53:14,519 - nanochat.checkpoint_manager - [32m[1mINFO[0m - Saved optimizer state to: /local/s3774740/d12/cache/base_checkpoints/d12v32768/optim_000900_rank0.pt
step 00900/02520 (35.71%) | loss: 3.125170 | lrm: 0.99 | dt: 3518.51ms | tok/sec: 149,008 | bf16_mfu: 36.52 | epoch: 1 pq: 10 rg: 48 | total time: 52.30m | eta: 95.2m
step 00901/02520 (35.75%) | loss: 3.125203 | lrm: 0.99 | dt: 3502.21ms | tok/sec: 149,701 | bf16_mfu: 36.69 | epoch: 1 pq: 10 rg: 49 | total time: 52.36m | eta: 95.1m
step 00902/02520 (35.79%) | loss: 3.126329 | lrm: 0.99 | dt: 3498.42ms | tok/sec: 149,864 | bf16_mfu: 36.72 | epoch: 1 pq: 10 rg: 50 | total time: 52.42m | eta: 95.1m
step 00903/02520 (35.83%) | loss: 3.122417 | lrm: 0.99 | dt: 3504.50ms | tok/sec: 149,604 | bf16_mfu: 36.66 | epoch: 1 pq: 10 rg: 51 | total time: 52.48m | eta: 95.0m
step 00904/02520 (35.87%) | loss: 3.125000 | lrm: 0.99 | dt: 3504.60ms | tok/sec: 149,599 | bf16_mfu: 36.66 | epoch: 1 pq: 10 rg: 52 | total time: 52.53m | eta: 95.0m
step 00905/02520 (35.91%) | loss: 3.148177 | lrm: 0.99 | dt: 3504.90ms | tok/sec: 149,587 | bf16_mfu: 36.66 | epoch: 1 pq: 10 rg: 53 | total time: 52.59m | eta: 94.9m
step 00906/02520 (35.95%) | loss: 3.138614 | lrm: 0.99 | dt: 3506.40ms | tok/sec: 149,523 | bf16_mfu: 36.64 | epoch: 1 pq: 10 rg: 54 | total time: 52.65m | eta: 94.8m
step 00907/02520 (35.99%) | loss: 3.127551 | lrm: 0.99 | dt: 3506.68ms | tok/sec: 149,511 | bf16_mfu: 36.64 | epoch: 1 pq: 10 rg: 55 | total time: 52.71m | eta: 94.8m
step 00908/02520 (36.03%) | loss: 3.129692 | lrm: 0.98 | dt: 3505.55ms | tok/sec: 149,559 | bf16_mfu: 36.65 | epoch: 1 pq: 10 rg: 56 | total time: 52.77m | eta: 94.7m
step 00909/02520 (36.07%) | loss: 3.139647 | lrm: 0.98 | dt: 3510.77ms | tok/sec: 149,337 | bf16_mfu: 36.60 | epoch: 1 pq: 10 rg: 57 | total time: 52.83m | eta: 94.7m
step 00910/02520 (36.11%) | loss: 3.145481 | lrm: 0.98 | dt: 3506.22ms | tok/sec: 149,530 | bf16_mfu: 36.64 | epoch: 1 pq: 10 rg: 58 | total time: 52.89m | eta: 94.6m
step 00911/02520 (36.15%) | loss: 3.155318 | lrm: 0.98 | dt: 3506.17ms | tok/sec: 149,532 | bf16_mfu: 36.64 | epoch: 1 pq: 10 rg: 59 | total time: 52.94m | eta: 94.5m
step 00912/02520 (36.19%) | loss: 3.131058 | lrm: 0.98 | dt: 3507.37ms | tok/sec: 149,481 | bf16_mfu: 36.63 | epoch: 1 pq: 10 rg: 60 | total time: 53.00m | eta: 94.5m
step 00913/02520 (36.23%) | loss: 3.132666 | lrm: 0.98 | dt: 3509.64ms | tok/sec: 149,385 | bf16_mfu: 36.61 | epoch: 1 pq: 10 rg: 61 | total time: 53.06m | eta: 94.4m
step 00914/02520 (36.27%) | loss: 3.143016 | lrm: 0.98 | dt: 3508.01ms | tok/sec: 149,454 | bf16_mfu: 36.62 | epoch: 1 pq: 10 rg: 62 | total time: 53.12m | eta: 94.4m
step 00915/02520 (36.31%) | loss: 3.126667 | lrm: 0.98 | dt: 3511.91ms | tok/sec: 149,288 | bf16_mfu: 36.58 | epoch: 1 pq: 10 rg: 62 | total time: 53.18m | eta: 94.3m
step 00916/02520 (36.35%) | loss: 3.133441 | lrm: 0.98 | dt: 3509.38ms | tok/sec: 149,396 | bf16_mfu: 36.61 | epoch: 1 pq: 10 rg: 63 | total time: 53.24m | eta: 94.3m
step 00917/02520 (36.39%) | loss: 3.143521 | lrm: 0.98 | dt: 3506.64ms | tok/sec: 149,512 | bf16_mfu: 36.64 | epoch: 1 pq: 10 rg: 64 | total time: 53.29m | eta: 94.2m
step 00918/02520 (36.43%) | loss: 3.129526 | lrm: 0.98 | dt: 3508.18ms | tok/sec: 149,447 | bf16_mfu: 36.62 | epoch: 1 pq: 10 rg: 65 | total time: 53.35m | eta: 94.1m
step 00919/02520 (36.47%) | loss: 3.129791 | lrm: 0.98 | dt: 3505.98ms | tok/sec: 149,541 | bf16_mfu: 36.65 | epoch: 1 pq: 10 rg: 66 | total time: 53.41m | eta: 94.1m
step 00920/02520 (36.51%) | loss: 3.118766 | lrm: 0.98 | dt: 3508.53ms | tok/sec: 149,432 | bf16_mfu: 36.62 | epoch: 1 pq: 10 rg: 67 | total time: 53.47m | eta: 94.0m
step 00921/02520 (36.55%) | loss: 3.122069 | lrm: 0.98 | dt: 3509.10ms | tok/sec: 149,408 | bf16_mfu: 36.61 | epoch: 1 pq: 10 rg: 68 | total time: 53.53m | eta: 94.0m
step 00922/02520 (36.59%) | loss: 3.144332 | lrm: 0.98 | dt: 3508.39ms | tok/sec: 149,438 | bf16_mfu: 36.62 | epoch: 1 pq: 10 rg: 69 | total time: 53.59m | eta: 93.9m
step 00923/02520 (36.63%) | loss: 3.137672 | lrm: 0.98 | dt: 3509.30ms | tok/sec: 149,399 | bf16_mfu: 36.61 | epoch: 1 pq: 10 rg: 70 | total time: 53.65m | eta: 93.8m
step 00924/02520 (36.67%) | loss: 3.132342 | lrm: 0.98 | dt: 3511.69ms | tok/sec: 149,297 | bf16_mfu: 36.59 | epoch: 1 pq: 10 rg: 71 | total time: 53.70m | eta: 93.8m
step 00925/02520 (36.71%) | loss: 3.109518 | lrm: 0.98 | dt: 3511.78ms | tok/sec: 149,293 | bf16_mfu: 36.59 | epoch: 1 pq: 10 rg: 72 | total time: 53.76m | eta: 93.7m
step 00926/02520 (36.75%) | loss: 3.110963 | lrm: 0.97 | dt: 3508.14ms | tok/sec: 149,448 | bf16_mfu: 36.62 | epoch: 1 pq: 10 rg: 73 | total time: 53.82m | eta: 93.7m
step 00927/02520 (36.79%) | loss: 3.100694 | lrm: 0.97 | dt: 3511.50ms | tok/sec: 149,305 | bf16_mfu: 36.59 | epoch: 1 pq: 10 rg: 74 | total time: 53.88m | eta: 93.6m
step 00928/02520 (36.83%) | loss: 3.112135 | lrm: 0.97 | dt: 3509.58ms | tok/sec: 149,387 | bf16_mfu: 36.61 | epoch: 1 pq: 10 rg: 75 | total time: 53.94m | eta: 93.5m
step 00929/02520 (36.87%) | loss: 3.125078 | lrm: 0.97 | dt: 3507.21ms | tok/sec: 149,488 | bf16_mfu: 36.63 | epoch: 1 pq: 10 rg: 76 | total time: 54.00m | eta: 93.5m
step 00930/02520 (36.90%) | loss: 3.118159 | lrm: 0.97 | dt: 3508.83ms | tok/sec: 149,419 | bf16_mfu: 36.62 | epoch: 1 pq: 10 rg: 77 | total time: 54.06m | eta: 93.4m
step 00931/02520 (36.94%) | loss: 3.127616 | lrm: 0.97 | dt: 3512.62ms | tok/sec: 149,258 | bf16_mfu: 36.58 | epoch: 1 pq: 10 rg: 78 | total time: 54.11m | eta: 93.4m
step 00932/02520 (36.98%) | loss: 3.134531 | lrm: 0.97 | dt: 3508.22ms | tok/sec: 149,445 | bf16_mfu: 36.62 | epoch: 1 pq: 10 rg: 79 | total time: 54.17m | eta: 93.3m
step 00933/02520 (37.02%) | loss: 3.127452 | lrm: 0.97 | dt: 3511.88ms | tok/sec: 149,289 | bf16_mfu: 36.58 | epoch: 1 pq: 10 rg: 80 | total time: 54.23m | eta: 93.2m
step 00934/02520 (37.06%) | loss: 3.138801 | lrm: 0.97 | dt: 3510.17ms | tok/sec: 149,362 | bf16_mfu: 36.60 | epoch: 1 pq: 10 rg: 81 | total time: 54.29m | eta: 93.2m
step 00935/02520 (37.10%) | loss: 3.151421 | lrm: 0.97 | dt: 3508.59ms | tok/sec: 149,429 | bf16_mfu: 36.62 | epoch: 1 pq: 10 rg: 82 | total time: 54.35m | eta: 93.1m
step 00936/02520 (37.14%) | loss: 3.144412 | lrm: 0.97 | dt: 3512.45ms | tok/sec: 149,265 | bf16_mfu: 36.58 | epoch: 1 pq: 11 rg: 0 | total time: 54.41m | eta: 93.1m
step 00937/02520 (37.18%) | loss: 3.134478 | lrm: 0.97 | dt: 3512.40ms | tok/sec: 149,267 | bf16_mfu: 36.58 | epoch: 1 pq: 11 rg: 1 | total time: 54.46m | eta: 93.0m
step 00938/02520 (37.22%) | loss: 3.145995 | lrm: 0.97 | dt: 3511.61ms | tok/sec: 149,301 | bf16_mfu: 36.59 | epoch: 1 pq: 11 rg: 2 | total time: 54.52m | eta: 92.9m
step 00939/02520 (37.26%) | loss: 3.151467 | lrm: 0.97 | dt: 3511.58ms | tok/sec: 149,302 | bf16_mfu: 36.59 | epoch: 1 pq: 11 rg: 3 | total time: 54.58m | eta: 92.9m
step 00940/02520 (37.30%) | loss: 3.144919 | lrm: 0.97 | dt: 3513.86ms | tok/sec: 149,205 | bf16_mfu: 36.56 | epoch: 1 pq: 11 rg: 4 | total time: 54.64m | eta: 92.8m
step 00941/02520 (37.34%) | loss: 3.157871 | lrm: 0.97 | dt: 3511.94ms | tok/sec: 149,287 | bf16_mfu: 36.58 | epoch: 1 pq: 11 rg: 5 | total time: 54.70m | eta: 92.8m
step 00942/02520 (37.38%) | loss: 3.164828 | lrm: 0.97 | dt: 3514.87ms | tok/sec: 149,162 | bf16_mfu: 36.55 | epoch: 1 pq: 11 rg: 6 | total time: 54.76m | eta: 92.7m
step 00943/02520 (37.42%) | loss: 3.147520 | lrm: 0.96 | dt: 3514.21ms | tok/sec: 149,191 | bf16_mfu: 36.56 | epoch: 1 pq: 11 rg: 7 | total time: 54.82m | eta: 92.7m
step 00944/02520 (37.46%) | loss: 3.141930 | lrm: 0.96 | dt: 3516.35ms | tok/sec: 149,099 | bf16_mfu: 36.54 | epoch: 1 pq: 11 rg: 7 | total time: 54.87m | eta: 92.6m
step 00945/02520 (37.50%) | loss: 3.151516 | lrm: 0.96 | dt: 3512.59ms | tok/sec: 149,259 | bf16_mfu: 36.58 | epoch: 1 pq: 11 rg: 8 | total time: 54.93m | eta: 92.5m
step 00946/02520 (37.54%) | loss: 3.142897 | lrm: 0.96 | dt: 3513.10ms | tok/sec: 149,237 | bf16_mfu: 36.57 | epoch: 1 pq: 11 rg: 9 | total time: 54.99m | eta: 92.5m
step 00947/02520 (37.58%) | loss: 3.123851 | lrm: 0.96 | dt: 3513.56ms | tok/sec: 149,218 | bf16_mfu: 36.57 | epoch: 1 pq: 11 rg: 10 | total time: 55.05m | eta: 92.4m
step 00948/02520 (37.62%) | loss: 3.119770 | lrm: 0.96 | dt: 3515.44ms | tok/sec: 149,138 | bf16_mfu: 36.55 | epoch: 1 pq: 11 rg: 11 | total time: 55.11m | eta: 92.4m
step 00949/02520 (37.66%) | loss: 3.100349 | lrm: 0.96 | dt: 3515.69ms | tok/sec: 149,128 | bf16_mfu: 36.54 | epoch: 1 pq: 11 rg: 12 | total time: 55.17m | eta: 92.3m
<|bos|>The capital of France is the capital of the country. The capital of the country is the capital of the
<|bos|>The chemical symbol of gold is gold, and it is a symbol of wealth and power. The gold symbol is
<|bos|>If yesterday was Friday, then tomorrow will be Friday. If not, then tomorrow will be Friday. If not, then tomorrow
<|bos|>The opposite of hot is the heat. The heat is the heat that is generated by the sun. The
<|bos|>The planets of the solar system are: Mars, Jupiter, Saturn, Uranus, Neptune, Neptune
<|bos|>My favorite color is red. I love red because it is the most versatile color. It is also
<|bos|>If 5*x + 3 = 13, then x is 13. If x is 13, then x is 13. If
step 00950/02520 (37.70%) | loss: 3.106977 | lrm: 0.96 | dt: 3522.50ms | tok/sec: 148,839 | bf16_mfu: 36.47 | epoch: 1 pq: 11 rg: 13 | total time: 55.23m | eta: 92.2m
step 00951/02520 (37.74%) | loss: 3.108177 | lrm: 0.96 | dt: 3503.72ms | tok/sec: 149,637 | bf16_mfu: 36.67 | epoch: 1 pq: 11 rg: 14 | total time: 55.28m | eta: 92.2m
step 00952/02520 (37.78%) | loss: 3.119999 | lrm: 0.96 | dt: 3506.82ms | tok/sec: 149,505 | bf16_mfu: 36.64 | epoch: 1 pq: 11 rg: 15 | total time: 55.34m | eta: 92.1m
step 00953/02520 (37.82%) | loss: 3.119222 | lrm: 0.96 | dt: 3509.27ms | tok/sec: 149,400 | bf16_mfu: 36.61 | epoch: 1 pq: 11 rg: 16 | total time: 55.40m | eta: 92.1m
step 00954/02520 (37.86%) | loss: 3.116672 | lrm: 0.96 | dt: 3509.35ms | tok/sec: 149,397 | bf16_mfu: 36.61 | epoch: 1 pq: 11 rg: 17 | total time: 55.46m | eta: 92.0m
step 00955/02520 (37.90%) | loss: 3.112426 | lrm: 0.96 | dt: 3508.58ms | tok/sec: 149,430 | bf16_mfu: 36.62 | epoch: 1 pq: 11 rg: 18 | total time: 55.52m | eta: 91.9m
step 00956/02520 (37.94%) | loss: 3.113231 | lrm: 0.96 | dt: 3514.53ms | tok/sec: 149,177 | bf16_mfu: 36.56 | epoch: 1 pq: 11 rg: 19 | total time: 55.58m | eta: 91.9m
step 00957/02520 (37.98%) | loss: 3.092769 | lrm: 0.96 | dt: 3512.59ms | tok/sec: 149,259 | bf16_mfu: 36.58 | epoch: 1 pq: 11 rg: 20 | total time: 55.64m | eta: 91.8m
step 00958/02520 (38.02%) | loss: 3.102445 | lrm: 0.96 | dt: 3512.73ms | tok/sec: 149,253 | bf16_mfu: 36.58 | epoch: 1 pq: 11 rg: 21 | total time: 55.69m | eta: 91.8m
step 00959/02520 (38.06%) | loss: 3.107483 | lrm: 0.96 | dt: 3511.90ms | tok/sec: 149,288 | bf16_mfu: 36.58 | epoch: 1 pq: 11 rg: 22 | total time: 55.75m | eta: 91.7m
step 00960/02520 (38.10%) | loss: 3.109007 | lrm: 0.95 | dt: 3508.55ms | tok/sec: 149,431 | bf16_mfu: 36.62 | epoch: 1 pq: 11 rg: 23 | total time: 55.81m | eta: 91.6m
step 00961/02520 (38.13%) | loss: 3.105153 | lrm: 0.95 | dt: 3512.76ms | tok/sec: 149,252 | bf16_mfu: 36.58 | epoch: 1 pq: 11 rg: 24 | total time: 55.87m | eta: 91.6m
step 00962/02520 (38.17%) | loss: 3.102176 | lrm: 0.95 | dt: 3514.40ms | tok/sec: 149,182 | bf16_mfu: 36.56 | epoch: 1 pq: 11 rg: 25 | total time: 55.93m | eta: 91.5m
step 00963/02520 (38.21%) | loss: 3.117191 | lrm: 0.95 | dt: 3520.25ms | tok/sec: 148,935 | bf16_mfu: 36.50 | epoch: 1 pq: 11 rg: 26 | total time: 55.99m | eta: 91.5m
step 00964/02520 (38.25%) | loss: 3.111045 | lrm: 0.95 | dt: 3517.66ms | tok/sec: 149,044 | bf16_mfu: 36.52 | epoch: 1 pq: 11 rg: 27 | total time: 56.05m | eta: 91.4m
step 00965/02520 (38.29%) | loss: 3.129004 | lrm: 0.95 | dt: 3520.25ms | tok/sec: 148,934 | bf16_mfu: 36.50 | epoch: 1 pq: 11 rg: 28 | total time: 56.10m | eta: 91.4m
step 00966/02520 (38.33%) | loss: 3.131022 | lrm: 0.95 | dt: 3511.62ms | tok/sec: 149,300 | bf16_mfu: 36.59 | epoch: 1 pq: 11 rg: 29 | total time: 56.16m | eta: 91.3m
step 00967/02520 (38.37%) | loss: 3.133570 | lrm: 0.95 | dt: 3509.21ms | tok/sec: 149,403 | bf16_mfu: 36.61 | epoch: 1 pq: 11 rg: 30 | total time: 56.22m | eta: 91.2m
step 00968/02520 (38.41%) | loss: 3.127341 | lrm: 0.95 | dt: 3511.30ms | tok/sec: 149,314 | bf16_mfu: 36.59 | epoch: 1 pq: 11 rg: 31 | total time: 56.28m | eta: 91.2m
step 00969/02520 (38.45%) | loss: 3.129123 | lrm: 0.95 | dt: 3508.12ms | tok/sec: 149,449 | bf16_mfu: 36.62 | epoch: 1 pq: 11 rg: 32 | total time: 56.34m | eta: 91.1m
step 00970/02520 (38.49%) | loss: 3.133145 | lrm: 0.95 | dt: 3511.25ms | tok/sec: 149,316 | bf16_mfu: 36.59 | epoch: 1 pq: 11 rg: 33 | total time: 56.40m | eta: 91.1m
step 00971/02520 (38.53%) | loss: 3.143402 | lrm: 0.95 | dt: 3512.19ms | tok/sec: 149,276 | bf16_mfu: 36.58 | epoch: 1 pq: 11 rg: 34 | total time: 56.46m | eta: 91.0m
step 00972/02520 (38.57%) | loss: 3.144291 | lrm: 0.95 | dt: 3511.33ms | tok/sec: 149,313 | bf16_mfu: 36.59 | epoch: 1 pq: 11 rg: 35 | total time: 56.51m | eta: 90.9m
step 00973/02520 (38.61%) | loss: 3.124026 | lrm: 0.95 | dt: 3514.14ms | tok/sec: 149,193 | bf16_mfu: 36.56 | epoch: 1 pq: 11 rg: 36 | total time: 56.57m | eta: 90.9m
step 00974/02520 (38.65%) | loss: 3.118148 | lrm: 0.95 | dt: 3510.23ms | tok/sec: 149,359 | bf16_mfu: 36.60 | epoch: 1 pq: 11 rg: 37 | total time: 56.63m | eta: 90.8m
step 00975/02520 (38.69%) | loss: 3.116294 | lrm: 0.95 | dt: 3509.69ms | tok/sec: 149,383 | bf16_mfu: 36.61 | epoch: 1 pq: 11 rg: 38 | total time: 56.69m | eta: 90.8m
step 00976/02520 (38.73%) | loss: 3.139184 | lrm: 0.95 | dt: 3508.53ms | tok/sec: 149,432 | bf16_mfu: 36.62 | epoch: 1 pq: 11 rg: 39 | total time: 56.75m | eta: 90.7m
step 00977/02520 (38.77%) | loss: 3.147741 | lrm: 0.94 | dt: 3509.90ms | tok/sec: 149,374 | bf16_mfu: 36.60 | epoch: 1 pq: 11 rg: 40 | total time: 56.81m | eta: 90.6m
step 00978/02520 (38.81%) | loss: 3.147944 | lrm: 0.94 | dt: 3510.53ms | tok/sec: 149,347 | bf16_mfu: 36.60 | epoch: 1 pq: 11 rg: 41 | total time: 56.86m | eta: 90.6m
step 00979/02520 (38.85%) | loss: 3.157341 | lrm: 0.94 | dt: 3508.50ms | tok/sec: 149,433 | bf16_mfu: 36.62 | epoch: 1 pq: 11 rg: 41 | total time: 56.92m | eta: 90.5m
step 00980/02520 (38.89%) | loss: 3.166367 | lrm: 0.94 | dt: 3511.55ms | tok/sec: 149,303 | bf16_mfu: 36.59 | epoch: 1 pq: 11 rg: 42 | total time: 56.98m | eta: 90.5m
step 00981/02520 (38.93%) | loss: 3.148982 | lrm: 0.94 | dt: 3514.21ms | tok/sec: 149,190 | bf16_mfu: 36.56 | epoch: 1 pq: 11 rg: 43 | total time: 57.04m | eta: 90.4m
step 00982/02520 (38.97%) | loss: 3.171336 | lrm: 0.94 | dt: 3510.96ms | tok/sec: 149,329 | bf16_mfu: 36.59 | epoch: 1 pq: 11 rg: 44 | total time: 57.10m | eta: 90.3m
step 00983/02520 (39.01%) | loss: 3.165559 | lrm: 0.94 | dt: 3512.78ms | tok/sec: 149,251 | bf16_mfu: 36.57 | epoch: 1 pq: 11 rg: 45 | total time: 57.16m | eta: 90.3m
step 00984/02520 (39.05%) | loss: 3.163973 | lrm: 0.94 | dt: 3515.12ms | tok/sec: 149,152 | bf16_mfu: 36.55 | epoch: 1 pq: 11 rg: 46 | total time: 57.22m | eta: 90.2m
step 00985/02520 (39.09%) | loss: 3.144921 | lrm: 0.94 | dt: 3508.36ms | tok/sec: 149,439 | bf16_mfu: 36.62 | epoch: 1 pq: 11 rg: 47 | total time: 57.27m | eta: 90.2m
step 00986/02520 (39.13%) | loss: 3.144888 | lrm: 0.94 | dt: 3513.49ms | tok/sec: 149,221 | bf16_mfu: 36.57 | epoch: 1 pq: 11 rg: 48 | total time: 57.33m | eta: 90.1m
step 00987/02520 (39.17%) | loss: 3.138719 | lrm: 0.94 | dt: 3510.89ms | tok/sec: 149,332 | bf16_mfu: 36.59 | epoch: 1 pq: 11 rg: 49 | total time: 57.39m | eta: 90.1m
step 00988/02520 (39.21%) | loss: 3.144818 | lrm: 0.94 | dt: 3511.98ms | tok/sec: 149,285 | bf16_mfu: 36.58 | epoch: 1 pq: 11 rg: 50 | total time: 57.45m | eta: 90.0m
step 00989/02520 (39.25%) | loss: 3.161648 | lrm: 0.94 | dt: 3514.69ms | tok/sec: 149,170 | bf16_mfu: 36.55 | epoch: 1 pq: 11 rg: 51 | total time: 57.51m | eta: 89.9m
step 00990/02520 (39.29%) | loss: 3.148940 | lrm: 0.94 | dt: 3519.05ms | tok/sec: 148,985 | bf16_mfu: 36.51 | epoch: 1 pq: 11 rg: 52 | total time: 57.57m | eta: 89.9m
step 00991/02520 (39.33%) | loss: 3.141709 | lrm: 0.94 | dt: 3517.32ms | tok/sec: 149,058 | bf16_mfu: 36.53 | epoch: 1 pq: 11 rg: 53 | total time: 57.63m | eta: 89.8m
step 00992/02520 (39.37%) | loss: 3.127707 | lrm: 0.94 | dt: 3520.54ms | tok/sec: 148,922 | bf16_mfu: 36.49 | epoch: 1 pq: 11 rg: 54 | total time: 57.68m | eta: 89.8m
step 00993/02520 (39.40%) | loss: 3.160924 | lrm: 0.94 | dt: 3516.98ms | tok/sec: 149,073 | bf16_mfu: 36.53 | epoch: 1 pq: 11 rg: 55 | total time: 57.74m | eta: 89.7m
step 00994/02520 (39.44%) | loss: 3.159307 | lrm: 0.94 | dt: 3511.34ms | tok/sec: 149,312 | bf16_mfu: 36.59 | epoch: 1 pq: 11 rg: 56 | total time: 57.80m | eta: 89.6m
step 00995/02520 (39.48%) | loss: 3.149607 | lrm: 0.93 | dt: 3511.28ms | tok/sec: 149,315 | bf16_mfu: 36.59 | epoch: 1 pq: 11 rg: 57 | total time: 57.86m | eta: 89.6m
step 00996/02520 (39.52%) | loss: 3.142028 | lrm: 0.93 | dt: 3514.27ms | tok/sec: 149,188 | bf16_mfu: 36.56 | epoch: 1 pq: 11 rg: 58 | total time: 57.92m | eta: 89.5m
step 00997/02520 (39.56%) | loss: 3.155777 | lrm: 0.93 | dt: 3512.40ms | tok/sec: 149,267 | bf16_mfu: 36.58 | epoch: 1 pq: 11 rg: 59 | total time: 57.98m | eta: 89.5m
step 00998/02520 (39.60%) | loss: 3.159165 | lrm: 0.93 | dt: 3511.31ms | tok/sec: 149,314 | bf16_mfu: 36.59 | epoch: 1 pq: 11 rg: 60 | total time: 58.04m | eta: 89.4m
step 00999/02520 (39.64%) | loss: 3.159224 | lrm: 0.93 | dt: 3515.42ms | tok/sec: 149,139 | bf16_mfu: 36.55 | epoch: 1 pq: 11 rg: 61 | total time: 58.09m | eta: 89.3m
<|bos|>The capital of France is the city of Toulouse, which is the capital of the country. The
<|bos|>The chemical symbol of gold is gold, and it is also used in the jewelry industry. The chemical symbol of
<|bos|>If yesterday was Friday, then tomorrow will be Friday. The day will be Friday, and the day will be Friday, and
<|bos|>The opposite of hot is the opposite of cold. The opposite of hot is the opposite of cold. The
<|bos|>The planets of the solar system are: Venus, Earth, Mars, and Jupiter. The planets of the solar system are
<|bos|>My favorite color is red. I love it. I love it. I love it. I love
<|bos|>If 5*x + 3 = 13, then x is 5. If 5*x + 3 = 13, then
step 01000/02520 (39.68%) | loss: 3.158993 | lrm: 0.93 | dt: 3511.88ms | tok/sec: 149,289 | bf16_mfu: 36.58 | epoch: 1 pq: 11 rg: 62 | total time: 58.15m | eta: 89.3m
step 01001/02520 (39.72%) | loss: 3.154148 | lrm: 0.93 | dt: 3513.18ms | tok/sec: 149,234 | bf16_mfu: 36.57 | epoch: 1 pq: 11 rg: 63 | total time: 58.21m | eta: 89.2m
step 01002/02520 (39.76%) | loss: 3.148169 | lrm: 0.93 | dt: 3510.68ms | tok/sec: 149,340 | bf16_mfu: 36.60 | epoch: 1 pq: 11 rg: 64 | total time: 58.27m | eta: 89.2m
step 01003/02520 (39.80%) | loss: 3.132875 | lrm: 0.93 | dt: 3511.93ms | tok/sec: 149,287 | bf16_mfu: 36.58 | epoch: 1 pq: 11 rg: 65 | total time: 58.33m | eta: 89.1m
step 01004/02520 (39.84%) | loss: 3.152006 | lrm: 0.93 | dt: 3515.51ms | tok/sec: 149,135 | bf16_mfu: 36.55 | epoch: 1 pq: 11 rg: 66 | total time: 58.39m | eta: 89.0m
step 01005/02520 (39.88%) | loss: 3.153288 | lrm: 0.93 | dt: 3510.28ms | tok/sec: 149,357 | bf16_mfu: 36.60 | epoch: 1 pq: 11 rg: 67 | total time: 58.45m | eta: 89.0m
step 01006/02520 (39.92%) | loss: 3.154482 | lrm: 0.93 | dt: 3513.79ms | tok/sec: 149,208 | bf16_mfu: 36.56 | epoch: 1 pq: 11 rg: 68 | total time: 58.50m | eta: 88.9m
step 01007/02520 (39.96%) | loss: 3.146606 | lrm: 0.93 | dt: 3510.97ms | tok/sec: 149,328 | bf16_mfu: 36.59 | epoch: 1 pq: 11 rg: 69 | total time: 58.56m | eta: 88.9m
step 01008/02520 (40.00%) | loss: 3.124071 | lrm: 0.93 | dt: 3509.88ms | tok/sec: 149,375 | bf16_mfu: 36.61 | epoch: 1 pq: 11 rg: 69 | total time: 58.62m | eta: 88.8m
step 01009/02520 (40.04%) | loss: 3.121842 | lrm: 0.93 | dt: 3509.91ms | tok/sec: 149,373 | bf16_mfu: 36.60 | epoch: 1 pq: 11 rg: 70 | total time: 58.68m | eta: 88.8m
step 01010/02520 (40.08%) | loss: 3.111780 | lrm: 0.93 | dt: 3511.58ms | tok/sec: 149,302 | bf16_mfu: 36.59 | epoch: 1 pq: 11 rg: 71 | total time: 58.74m | eta: 88.7m
step 01011/02520 (40.12%) | loss: 3.106050 | lrm: 0.93 | dt: 3512.17ms | tok/sec: 149,277 | bf16_mfu: 36.58 | epoch: 1 pq: 11 rg: 72 | total time: 58.80m | eta: 88.6m
step 01012/02520 (40.16%) | loss: 3.094303 | lrm: 0.92 | dt: 3511.96ms | tok/sec: 149,286 | bf16_mfu: 36.58 | epoch: 1 pq: 11 rg: 73 | total time: 58.86m | eta: 88.6m
step 01013/02520 (40.20%) | loss: 3.091970 | lrm: 0.92 | dt: 3516.59ms | tok/sec: 149,089 | bf16_mfu: 36.54 | epoch: 1 pq: 11 rg: 74 | total time: 58.91m | eta: 88.5m
step 01014/02520 (40.24%) | loss: 3.085596 | lrm: 0.92 | dt: 3514.92ms | tok/sec: 149,160 | bf16_mfu: 36.55 | epoch: 1 pq: 11 rg: 75 | total time: 58.97m | eta: 88.5m
step 01015/02520 (40.28%) | loss: 3.091058 | lrm: 0.92 | dt: 3518.16ms | tok/sec: 149,023 | bf16_mfu: 36.52 | epoch: 1 pq: 11 rg: 76 | total time: 59.03m | eta: 88.4m
step 01016/02520 (40.32%) | loss: 3.081683 | lrm: 0.92 | dt: 3513.73ms | tok/sec: 149,211 | bf16_mfu: 36.56 | epoch: 1 pq: 11 rg: 77 | total time: 59.09m | eta: 88.3m
step 01017/02520 (40.36%) | loss: 3.103556 | lrm: 0.92 | dt: 3514.93ms | tok/sec: 149,160 | bf16_mfu: 36.55 | epoch: 1 pq: 11 rg: 78 | total time: 59.15m | eta: 88.3m
step 01018/02520 (40.40%) | loss: 3.107715 | lrm: 0.92 | dt: 3516.56ms | tok/sec: 149,091 | bf16_mfu: 36.54 | epoch: 1 pq: 11 rg: 79 | total time: 59.21m | eta: 88.2m
step 01019/02520 (40.44%) | loss: 3.122021 | lrm: 0.92 | dt: 3516.89ms | tok/sec: 149,077 | bf16_mfu: 36.53 | epoch: 1 pq: 11 rg: 80 | total time: 59.27m | eta: 88.2m
step 01020/02520 (40.48%) | loss: 3.132148 | lrm: 0.92 | dt: 3520.64ms | tok/sec: 148,918 | bf16_mfu: 36.49 | epoch: 1 pq: 11 rg: 81 | total time: 59.32m | eta: 88.1m
step 01021/02520 (40.52%) | loss: 3.117197 | lrm: 0.92 | dt: 3517.71ms | tok/sec: 149,042 | bf16_mfu: 36.52 | epoch: 1 pq: 12 rg: 0 | total time: 59.38m | eta: 88.0m
step 01022/02520 (40.56%) | loss: 3.108986 | lrm: 0.92 | dt: 3518.23ms | tok/sec: 149,020 | bf16_mfu: 36.52 | epoch: 1 pq: 12 rg: 1 | total time: 59.44m | eta: 88.0m
step 01023/02520 (40.60%) | loss: 3.113238 | lrm: 0.92 | dt: 3518.12ms | tok/sec: 149,025 | bf16_mfu: 36.52 | epoch: 1 pq: 12 rg: 2 | total time: 59.50m | eta: 87.9m
step 01024/02520 (40.63%) | loss: 3.109553 | lrm: 0.92 | dt: 3517.90ms | tok/sec: 149,034 | bf16_mfu: 36.52 | epoch: 1 pq: 12 rg: 3 | total time: 59.56m | eta: 87.9m
step 01025/02520 (40.67%) | loss: 3.132106 | lrm: 0.92 | dt: 3520.71ms | tok/sec: 148,915 | bf16_mfu: 36.49 | epoch: 1 pq: 12 rg: 4 | total time: 59.62m | eta: 87.8m
step 01026/02520 (40.71%) | loss: 3.113907 | lrm: 0.92 | dt: 3513.42ms | tok/sec: 149,224 | bf16_mfu: 36.57 | epoch: 1 pq: 12 rg: 5 | total time: 59.68m | eta: 87.8m
step 01027/02520 (40.75%) | loss: 3.103453 | lrm: 0.92 | dt: 3509.73ms | tok/sec: 149,381 | bf16_mfu: 36.61 | epoch: 1 pq: 12 rg: 6 | total time: 59.73m | eta: 87.7m
step 01028/02520 (40.79%) | loss: 3.094314 | lrm: 0.92 | dt: 3513.95ms | tok/sec: 149,202 | bf16_mfu: 36.56 | epoch: 1 pq: 12 rg: 7 | total time: 59.79m | eta: 87.6m
step 01029/02520 (40.83%) | loss: 3.093095 | lrm: 0.91 | dt: 3516.35ms | tok/sec: 149,100 | bf16_mfu: 36.54 | epoch: 1 pq: 12 rg: 8 | total time: 59.85m | eta: 87.6m
step 01030/02520 (40.87%) | loss: 3.073697 | lrm: 0.91 | dt: 3516.04ms | tok/sec: 149,113 | bf16_mfu: 36.54 | epoch: 1 pq: 12 rg: 9 | total time: 59.91m | eta: 87.5m
step 01031/02520 (40.91%) | loss: 3.080016 | lrm: 0.91 | dt: 3515.71ms | tok/sec: 149,127 | bf16_mfu: 36.54 | epoch: 1 pq: 12 rg: 10 | total time: 59.97m | eta: 87.5m
step 01032/02520 (40.95%) | loss: 3.087149 | lrm: 0.91 | dt: 3517.07ms | tok/sec: 149,069 | bf16_mfu: 36.53 | epoch: 1 pq: 12 rg: 11 | total time: 60.03m | eta: 87.4m
step 01033/02520 (40.99%) | loss: 3.094697 | lrm: 0.91 | dt: 3511.37ms | tok/sec: 149,311 | bf16_mfu: 36.59 | epoch: 1 pq: 12 rg: 12 | total time: 60.09m | eta: 87.3m
step 01034/02520 (41.03%) | loss: 3.101493 | lrm: 0.91 | dt: 3513.46ms | tok/sec: 149,222 | bf16_mfu: 36.57 | epoch: 1 pq: 12 rg: 13 | total time: 60.14m | eta: 87.3m
step 01035/02520 (41.07%) | loss: 3.098547 | lrm: 0.91 | dt: 3518.34ms | tok/sec: 149,015 | bf16_mfu: 36.52 | epoch: 1 pq: 12 rg: 14 | total time: 60.20m | eta: 87.2m
step 01036/02520 (41.11%) | loss: 3.101385 | lrm: 0.91 | dt: 3512.51ms | tok/sec: 149,262 | bf16_mfu: 36.58 | epoch: 1 pq: 12 rg: 15 | total time: 60.26m | eta: 87.2m
step 01037/02520 (41.15%) | loss: 3.114476 | lrm: 0.91 | dt: 3513.06ms | tok/sec: 149,239 | bf16_mfu: 36.57 | epoch: 1 pq: 12 rg: 16 | total time: 60.32m | eta: 87.1m
step 01038/02520 (41.19%) | loss: 3.119031 | lrm: 0.91 | dt: 3510.84ms | tok/sec: 149,334 | bf16_mfu: 36.60 | epoch: 1 pq: 12 rg: 17 | total time: 60.38m | eta: 87.0m
step 01039/02520 (41.23%) | loss: 3.106719 | lrm: 0.91 | dt: 3518.02ms | tok/sec: 149,029 | bf16_mfu: 36.52 | epoch: 1 pq: 12 rg: 18 | total time: 60.44m | eta: 87.0m
step 01040/02520 (41.27%) | loss: 3.096518 | lrm: 0.91 | dt: 3511.93ms | tok/sec: 149,287 | bf16_mfu: 36.58 | epoch: 1 pq: 12 rg: 19 | total time: 60.50m | eta: 86.9m
step 01041/02520 (41.31%) | loss: 3.094844 | lrm: 0.91 | dt: 3512.10ms | tok/sec: 149,280 | bf16_mfu: 36.58 | epoch: 1 pq: 12 rg: 19 | total time: 60.55m | eta: 86.9m
step 01042/02520 (41.35%) | loss: 3.093266 | lrm: 0.91 | dt: 3517.46ms | tok/sec: 149,052 | bf16_mfu: 36.53 | epoch: 1 pq: 12 rg: 20 | total time: 60.61m | eta: 86.8m
step 01043/02520 (41.39%) | loss: 3.093871 | lrm: 0.91 | dt: 3517.00ms | tok/sec: 149,072 | bf16_mfu: 36.53 | epoch: 1 pq: 12 rg: 21 | total time: 60.67m | eta: 86.7m
step 01044/02520 (41.43%) | loss: 3.081119 | lrm: 0.91 | dt: 3516.59ms | tok/sec: 149,090 | bf16_mfu: 36.54 | epoch: 1 pq: 12 rg: 22 | total time: 60.73m | eta: 86.7m
step 01045/02520 (41.47%) | loss: 3.097416 | lrm: 0.91 | dt: 3517.51ms | tok/sec: 149,050 | bf16_mfu: 36.53 | epoch: 1 pq: 12 rg: 23 | total time: 60.79m | eta: 86.6m
step 01046/02520 (41.51%) | loss: 3.102494 | lrm: 0.90 | dt: 3520.08ms | tok/sec: 148,941 | bf16_mfu: 36.50 | epoch: 1 pq: 12 rg: 24 | total time: 60.85m | eta: 86.6m
step 01047/02520 (41.55%) | loss: 3.102573 | lrm: 0.90 | dt: 3515.08ms | tok/sec: 149,154 | bf16_mfu: 36.55 | epoch: 1 pq: 12 rg: 25 | total time: 60.91m | eta: 86.5m
step 01048/02520 (41.59%) | loss: 3.113412 | lrm: 0.90 | dt: 3513.15ms | tok/sec: 149,235 | bf16_mfu: 36.57 | epoch: 1 pq: 12 rg: 26 | total time: 60.96m | eta: 86.5m
step 01049/02520 (41.63%) | loss: 3.107101 | lrm: 0.90 | dt: 3511.66ms | tok/sec: 149,299 | bf16_mfu: 36.59 | epoch: 1 pq: 12 rg: 27 | total time: 61.02m | eta: 86.4m
Step 01050 | Validation bpb: 0.963159
<|bos|>The capital of France is the capital of the French capital of the French capital of the French capital of the
<|bos|>The chemical symbol of gold is Au. The symbol of gold is Au. The symbol of gold is Au.
<|bos|>If yesterday was Friday, then tomorrow will be Saturday. The first day of the week will be Saturday. The second day of
<|bos|>The opposite of hot is hot. Hot is hot. Hot is hot. Hot is hot. Hot is
<|bos|>The planets of the solar system are: Venus, Mars, Jupiter, Saturn, Uranus, Neptune, Uran
<|bos|>My favorite color is red. I like red because it is the color of the sky. I like
<|bos|>If 5*x + 3 = 13, then x is 13. If 5*x + 3 = 13, then
2026-09-25 19:02:05,192 - nanochat.checkpoint_manager - [32m[1mINFO[0m - Saved model parameters to: /local/s3774740/d12/cache/base_checkpoints/d12v32768/model_001050.pt
2026-09-25 19:02:05,192 - nanochat.checkpoint_manager - [32m[1mINFO[0m - Saved metadata to: /local/s3774740/d12/cache/base_checkpoints/d12v32768/meta_001050.json
2026-09-25 19:02:05,998 - nanochat.checkpoint_manager - [32m[1mINFO[0m - Saved optimizer state to: /local/s3774740/d12/cache/base_checkpoints/d12v32768/optim_001050_rank0.pt
step 01050/02520 (41.67%) | loss: 3.109258 | lrm: 0.90 | dt: 3515.95ms | tok/sec: 149,117 | bf16_mfu: 36.54 | epoch: 1 pq: 12 rg: 28 | total time: 61.08m | eta: 86.3m
step 01051/02520 (41.71%) | loss: 3.099983 | lrm: 0.90 | dt: 3509.77ms | tok/sec: 149,379 | bf16_mfu: 36.61 | epoch: 1 pq: 12 rg: 29 | total time: 61.14m | eta: 86.3m
step 01052/02520 (41.75%) | loss: 3.099554 | lrm: 0.90 | dt: 3508.74ms | tok/sec: 149,423 | bf16_mfu: 36.62 | epoch: 1 pq: 12 rg: 30 | total time: 61.20m | eta: 86.2m
step 01053/02520 (41.79%) | loss: 3.090545 | lrm: 0.90 | dt: 3511.24ms | tok/sec: 149,317 | bf16_mfu: 36.59 | epoch: 1 pq: 12 rg: 31 | total time: 61.26m | eta: 86.2m
step 01054/02520 (41.83%) | loss: 3.085097 | lrm: 0.90 | dt: 3511.47ms | tok/sec: 149,307 | bf16_mfu: 36.59 | epoch: 1 pq: 12 rg: 32 | total time: 61.32m | eta: 86.1m
step 01055/02520 (41.87%) | loss: 3.091065 | lrm: 0.90 | dt: 3512.67ms | tok/sec: 149,256 | bf16_mfu: 36.58 | epoch: 1 pq: 12 rg: 33 | total time: 61.37m | eta: 86.0m
step 01056/02520 (41.90%) | loss: 3.108384 | lrm: 0.90 | dt: 3516.54ms | tok/sec: 149,092 | bf16_mfu: 36.54 | epoch: 1 pq: 12 rg: 34 | total time: 61.43m | eta: 86.0m
step 01057/02520 (41.94%) | loss: 3.119075 | lrm: 0.90 | dt: 3516.50ms | tok/sec: 149,093 | bf16_mfu: 36.54 | epoch: 1 pq: 12 rg: 35 | total time: 61.49m | eta: 85.9m
step 01058/02520 (41.98%) | loss: 3.123823 | lrm: 0.90 | dt: 3517.43ms | tok/sec: 149,054 | bf16_mfu: 36.53 | epoch: 1 pq: 12 rg: 36 | total time: 61.55m | eta: 85.9m
step 01059/02520 (42.02%) | loss: 3.122086 | lrm: 0.90 | dt: 3519.57ms | tok/sec: 148,963 | bf16_mfu: 36.50 | epoch: 1 pq: 12 rg: 37 | total time: 61.61m | eta: 85.8m
step 01060/02520 (42.06%) | loss: 3.133251 | lrm: 0.90 | dt: 3517.82ms | tok/sec: 149,037 | bf16_mfu: 36.52 | epoch: 1 pq: 12 rg: 38 | total time: 61.67m | eta: 85.7m
step 01061/02520 (42.10%) | loss: 3.133062 | lrm: 0.90 | dt: 3520.21ms | tok/sec: 148,936 | bf16_mfu: 36.50 | epoch: 1 pq: 12 rg: 39 | total time: 61.73m | eta: 85.7m
step 01062/02520 (42.14%) | loss: 3.105148 | lrm: 0.90 | dt: 3520.56ms | tok/sec: 148,921 | bf16_mfu: 36.49 | epoch: 1 pq: 12 rg: 40 | total time: 61.79m | eta: 85.6m
step 01063/02520 (42.18%) | loss: 3.095602 | lrm: 0.90 | dt: 3521.61ms | tok/sec: 148,877 | bf16_mfu: 36.48 | epoch: 1 pq: 12 rg: 41 | total time: 61.84m | eta: 85.6m
step 01064/02520 (42.22%) | loss: 3.108386 | lrm: 0.89 | dt: 3517.22ms | tok/sec: 149,063 | bf16_mfu: 36.53 | epoch: 1 pq: 12 rg: 42 | total time: 61.90m | eta: 85.5m
step 01065/02520 (42.26%) | loss: 3.110811 | lrm: 0.89 | dt: 3520.54ms | tok/sec: 148,922 | bf16_mfu: 36.49 | epoch: 1 pq: 12 rg: 43 | total time: 61.96m | eta: 85.5m
step 01066/02520 (42.30%) | loss: 3.091151 | lrm: 0.89 | dt: 3518.52ms | tok/sec: 149,007 | bf16_mfu: 36.52 | epoch: 1 pq: 12 rg: 44 | total time: 62.02m | eta: 85.4m
step 01067/02520 (42.34%) | loss: 3.101424 | lrm: 0.89 | dt: 3517.50ms | tok/sec: 149,051 | bf16_mfu: 36.53 | epoch: 1 pq: 12 rg: 45 | total time: 62.08m | eta: 85.3m
step 01068/02520 (42.38%) | loss: 3.083777 | lrm: 0.89 | dt: 3519.78ms | tok/sec: 148,954 | bf16_mfu: 36.50 | epoch: 1 pq: 12 rg: 46 | total time: 62.14m | eta: 85.3m
step 01069/02520 (42.42%) | loss: 3.088623 | lrm: 0.89 | dt: 3518.50ms | tok/sec: 149,008 | bf16_mfu: 36.52 | epoch: 1 pq: 12 rg: 47 | total time: 62.20m | eta: 85.2m
step 01070/02520 (42.46%) | loss: 3.068073 | lrm: 0.89 | dt: 3518.06ms | tok/sec: 149,027 | bf16_mfu: 36.52 | epoch: 1 pq: 12 rg: 47 | total time: 62.25m | eta: 85.2m
step 01071/02520 (42.50%) | loss: 3.070895 | lrm: 0.89 | dt: 3520.03ms | tok/sec: 148,944 | bf16_mfu: 36.50 | epoch: 1 pq: 12 rg: 48 | total time: 62.31m | eta: 85.1m
step 01072/02520 (42.54%) | loss: 3.070690 | lrm: 0.89 | dt: 3520.31ms | tok/sec: 148,932 | bf16_mfu: 36.50 | epoch: 1 pq: 12 rg: 49 | total time: 62.37m | eta: 85.0m
step 01073/02520 (42.58%) | loss: 3.065048 | lrm: 0.89 | dt: 3518.63ms | tok/sec: 149,003 | bf16_mfu: 36.51 | epoch: 1 pq: 12 rg: 50 | total time: 62.43m | eta: 85.0m
step 01074/02520 (42.62%) | loss: 3.080303 | lrm: 0.89 | dt: 3520.32ms | tok/sec: 148,932 | bf16_mfu: 36.50 | epoch: 1 pq: 12 rg: 51 | total time: 62.49m | eta: 84.9m
step 01075/02520 (42.66%) | loss: 3.094457 | lrm: 0.89 | dt: 3517.59ms | tok/sec: 149,047 | bf16_mfu: 36.52 | epoch: 1 pq: 12 rg: 52 | total time: 62.55m | eta: 84.9m
step 01076/02520 (42.70%) | loss: 3.100231 | lrm: 0.89 | dt: 3516.88ms | tok/sec: 149,077 | bf16_mfu: 36.53 | epoch: 1 pq: 12 rg: 53 | total time: 62.61m | eta: 84.8m
step 01077/02520 (42.74%) | loss: 3.069781 | lrm: 0.89 | dt: 3516.29ms | tok/sec: 149,102 | bf16_mfu: 36.54 | epoch: 1 pq: 12 rg: 54 | total time: 62.66m | eta: 84.7m
step 01078/02520 (42.78%) | loss: 3.092043 | lrm: 0.89 | dt: 3514.75ms | tok/sec: 149,168 | bf16_mfu: 36.55 | epoch: 1 pq: 12 rg: 55 | total time: 62.72m | eta: 84.7m
step 01079/02520 (42.82%) | loss: 3.096539 | lrm: 0.89 | dt: 3515.80ms | tok/sec: 149,123 | bf16_mfu: 36.54 | epoch: 1 pq: 12 rg: 56 | total time: 62.78m | eta: 84.6m
step 01080/02520 (42.86%) | loss: 3.087501 | lrm: 0.89 | dt: 3510.92ms | tok/sec: 149,330 | bf16_mfu: 36.59 | epoch: 1 pq: 12 rg: 57 | total time: 62.84m | eta: 84.6m
step 01081/02520 (42.90%) | loss: 3.099465 | lrm: 0.88 | dt: 3514.01ms | tok/sec: 149,199 | bf16_mfu: 36.56 | epoch: 1 pq: 12 rg: 58 | total time: 62.90m | eta: 84.5m
step 01082/02520 (42.94%) | loss: 3.089191 | lrm: 0.88 | dt: 3513.74ms | tok/sec: 149,210 | bf16_mfu: 36.56 | epoch: 1 pq: 12 rg: 59 | total time: 62.96m | eta: 84.5m
step 01083/02520 (42.98%) | loss: 3.090867 | lrm: 0.88 | dt: 3514.59ms | tok/sec: 149,174 | bf16_mfu: 36.56 | epoch: 1 pq: 12 rg: 60 | total time: 63.02m | eta: 84.4m
step 01084/02520 (43.02%) | loss: 3.106305 | lrm: 0.88 | dt: 3510.72ms | tok/sec: 149,339 | bf16_mfu: 36.60 | epoch: 1 pq: 12 rg: 61 | total time: 63.07m | eta: 84.3m
step 01085/02520 (43.06%) | loss: 3.093721 | lrm: 0.88 | dt: 3515.10ms | tok/sec: 149,153 | bf16_mfu: 36.55 | epoch: 1 pq: 12 rg: 62 | total time: 63.13m | eta: 84.3m
step 01086/02520 (43.10%) | loss: 3.105183 | lrm: 0.88 | dt: 3515.23ms | tok/sec: 149,147 | bf16_mfu: 36.55 | epoch: 1 pq: 12 rg: 63 | total time: 63.19m | eta: 84.2m
step 01087/02520 (43.13%) | loss: 3.086877 | lrm: 0.88 | dt: 3512.73ms | tok/sec: 149,253 | bf16_mfu: 36.58 | epoch: 1 pq: 12 rg: 64 | total time: 63.25m | eta: 84.2m
step 01088/02520 (43.17%) | loss: 3.072989 | lrm: 0.88 | dt: 3513.05ms | tok/sec: 149,240 | bf16_mfu: 36.57 | epoch: 1 pq: 12 rg: 65 | total time: 63.31m | eta: 84.1m
step 01089/02520 (43.21%) | loss: 3.078486 | lrm: 0.88 | dt: 3514.08ms | tok/sec: 149,196 | bf16_mfu: 36.56 | epoch: 1 pq: 12 rg: 66 | total time: 63.37m | eta: 84.0m
step 01090/02520 (43.25%) | loss: 3.073286 | lrm: 0.88 | dt: 3519.45ms | tok/sec: 148,968 | bf16_mfu: 36.51 | epoch: 1 pq: 12 rg: 67 | total time: 63.43m | eta: 84.0m
step 01091/02520 (43.29%) | loss: 3.070102 | lrm: 0.88 | dt: 3518.93ms | tok/sec: 148,990 | bf16_mfu: 36.51 | epoch: 1 pq: 12 rg: 68 | total time: 63.48m | eta: 83.9m
step 01092/02520 (43.33%) | loss: 3.069462 | lrm: 0.88 | dt: 3516.31ms | tok/sec: 149,101 | bf16_mfu: 36.54 | epoch: 1 pq: 12 rg: 69 | total time: 63.54m | eta: 83.9m
step 01093/02520 (43.37%) | loss: 3.079026 | lrm: 0.88 | dt: 3517.38ms | tok/sec: 149,056 | bf16_mfu: 36.53 | epoch: 1 pq: 12 rg: 70 | total time: 63.60m | eta: 83.8m
step 01094/02520 (43.41%) | loss: 3.093367 | lrm: 0.88 | dt: 3517.93ms | tok/sec: 149,033 | bf16_mfu: 36.52 | epoch: 1 pq: 12 rg: 71 | total time: 63.66m | eta: 83.7m
step 01095/02520 (43.45%) | loss: 3.123144 | lrm: 0.88 | dt: 3516.71ms | tok/sec: 149,084 | bf16_mfu: 36.53 | epoch: 1 pq: 12 rg: 72 | total time: 63.72m | eta: 83.7m
step 01096/02520 (43.49%) | loss: 3.121451 | lrm: 0.88 | dt: 3511.54ms | tok/sec: 149,304 | bf16_mfu: 36.59 | epoch: 1 pq: 12 rg: 73 | total time: 63.78m | eta: 83.6m
step 01097/02520 (43.53%) | loss: 3.106903 | lrm: 0.88 | dt: 3516.10ms | tok/sec: 149,110 | bf16_mfu: 36.54 | epoch: 1 pq: 12 rg: 74 | total time: 63.84m | eta: 83.6m
step 01098/02520 (43.57%) | loss: 3.101016 | lrm: 0.87 | dt: 3517.06ms | tok/sec: 149,069 | bf16_mfu: 36.53 | epoch: 1 pq: 12 rg: 75 | total time: 63.90m | eta: 83.5m
step 01099/02520 (43.61%) | loss: 3.106963 | lrm: 0.87 | dt: 3519.10ms | tok/sec: 148,983 | bf16_mfu: 36.51 | epoch: 1 pq: 12 rg: 76 | total time: 63.95m | eta: 83.5m
<|bos|>The capital of France is the capital of the Kingdom of Lithuania. The capital of Lith
<|bos|>The chemical symbol of gold is Au, and the atomic number is 18. The symbol for gold is Au
<|bos|>If yesterday was Friday, then tomorrow will be Saturday. The day will be Friday. The day will be Saturday. The day
<|bos|>The opposite of hot is hot. The opposite of hot is cold. The opposite of hot is hot.
<|bos|>The planets of the solar system are: 1) Mercury, 2) Venus, 3) Mars, 
<|bos|>My favorite color is red. I like red because it's the color of the rainbow. I like
<|bos|>If 5*x + 3 = 13, then x is the number of 5*x + 3 = 13. If 
step 01100/02520 (43.65%) | loss: 3.094671 | lrm: 0.87 | dt: 3517.88ms | tok/sec: 149,035 | bf16_mfu: 36.52 | epoch: 1 pq: 12 rg: 77 | total time: 64.01m | eta: 83.4m
step 01101/02520 (43.69%) | loss: 3.092887 | lrm: 0.87 | dt: 3512.04ms | tok/sec: 149,283 | bf16_mfu: 36.58 | epoch: 1 pq: 12 rg: 78 | total time: 64.07m | eta: 83.3m
step 01102/02520 (43.73%) | loss: 3.090379 | lrm: 0.87 | dt: 3513.94ms | tok/sec: 149,202 | bf16_mfu: 36.56 | epoch: 1 pq: 12 rg: 79 | total time: 64.13m | eta: 83.3m
step 01103/02520 (43.77%) | loss: 3.087551 | lrm: 0.87 | dt: 3511.54ms | tok/sec: 149,304 | bf16_mfu: 36.59 | epoch: 1 pq: 12 rg: 80 | total time: 64.19m | eta: 83.2m
step 01104/02520 (43.81%) | loss: 3.088642 | lrm: 0.87 | dt: 3516.50ms | tok/sec: 149,093 | bf16_mfu: 36.54 | epoch: 1 pq: 12 rg: 81 | total time: 64.25m | eta: 83.2m
step 01105/02520 (43.85%) | loss: 3.093218 | lrm: 0.87 | dt: 3515.54ms | tok/sec: 149,134 | bf16_mfu: 36.55 | epoch: 1 pq: 13 rg: 0 | total time: 64.31m | eta: 83.1m
step 01106/02520 (43.89%) | loss: 3.105077 | lrm: 0.87 | dt: 3513.72ms | tok/sec: 149,211 | bf16_mfu: 36.57 | epoch: 1 pq: 13 rg: 1 | total time: 64.36m | eta: 83.0m
step 01107/02520 (43.93%) | loss: 3.108555 | lrm: 0.87 | dt: 3509.64ms | tok/sec: 149,385 | bf16_mfu: 36.61 | epoch: 1 pq: 13 rg: 2 | total time: 64.42m | eta: 83.0m
step 01108/02520 (43.97%) | loss: 3.108352 | lrm: 0.87 | dt: 3516.75ms | tok/sec: 149,082 | bf16_mfu: 36.53 | epoch: 1 pq: 13 rg: 3 | total time: 64.48m | eta: 82.9m
step 01109/02520 (44.01%) | loss: 3.102147 | lrm: 0.87 | dt: 3515.78ms | tok/sec: 149,124 | bf16_mfu: 36.54 | epoch: 1 pq: 13 rg: 4 | total time: 64.54m | eta: 82.9m
step 01110/02520 (44.05%) | loss: 3.103577 | lrm: 0.87 | dt: 3518.40ms | tok/sec: 149,013 | bf16_mfu: 36.52 | epoch: 1 pq: 13 rg: 4 | total time: 64.60m | eta: 82.8m
step 01111/02520 (44.09%) | loss: 3.083749 | lrm: 0.87 | dt: 3516.06ms | tok/sec: 149,112 | bf16_mfu: 36.54 | epoch: 1 pq: 13 rg: 5 | total time: 64.66m | eta: 82.7m
step 01112/02520 (44.13%) | loss: 3.082738 | lrm: 0.87 | dt: 3519.27ms | tok/sec: 148,976 | bf16_mfu: 36.51 | epoch: 1 pq: 13 rg: 6 | total time: 64.72m | eta: 82.7m
step 01113/02520 (44.17%) | loss: 3.062523 | lrm: 0.87 | dt: 3518.79ms | tok/sec: 148,996 | bf16_mfu: 36.51 | epoch: 1 pq: 13 rg: 7 | total time: 64.77m | eta: 82.6m
step 01114/02520 (44.21%) | loss: 3.058444 | lrm: 0.87 | dt: 3512.17ms | tok/sec: 149,277 | bf16_mfu: 36.58 | epoch: 1 pq: 13 rg: 8 | total time: 64.83m | eta: 82.6m
step 01115/02520 (44.25%) | loss: 3.055229 | lrm: 0.86 | dt: 3513.82ms | tok/sec: 149,207 | bf16_mfu: 36.56 | epoch: 1 pq: 13 rg: 9 | total time: 64.89m | eta: 82.5m
step 01116/02520 (44.29%) | loss: 3.042234 | lrm: 0.86 | dt: 3515.92ms | tok/sec: 149,118 | bf16_mfu: 36.54 | epoch: 1 pq: 13 rg: 10 | total time: 64.95m | eta: 82.4m
step 01117/02520 (44.33%) | loss: 3.059293 | lrm: 0.86 | dt: 3520.00ms | tok/sec: 148,945 | bf16_mfu: 36.50 | epoch: 1 pq: 13 rg: 11 | total time: 65.01m | eta: 82.4m
step 01118/02520 (44.37%) | loss: 3.058792 | lrm: 0.86 | dt: 3519.20ms | tok/sec: 148,979 | bf16_mfu: 36.51 | epoch: 1 pq: 13 rg: 12 | total time: 65.07m | eta: 82.3m
step 01119/02520 (44.40%) | loss: 3.060991 | lrm: 0.86 | dt: 3517.15ms | tok/sec: 149,065 | bf16_mfu: 36.53 | epoch: 1 pq: 13 rg: 13 | total time: 65.13m | eta: 82.3m
step 01120/02520 (44.44%) | loss: 3.065397 | lrm: 0.86 | dt: 3518.22ms | tok/sec: 149,020 | bf16_mfu: 36.52 | epoch: 1 pq: 13 rg: 14 | total time: 65.18m | eta: 82.2m
step 01121/02520 (44.48%) | loss: 3.060578 | lrm: 0.86 | dt: 3519.03ms | tok/sec: 148,986 | bf16_mfu: 36.51 | epoch: 1 pq: 13 rg: 15 | total time: 65.24m | eta: 82.2m
step 01122/02520 (44.52%) | loss: 3.077618 | lrm: 0.86 | dt: 3517.72ms | tok/sec: 149,041 | bf16_mfu: 36.52 | epoch: 1 pq: 13 rg: 16 | total time: 65.30m | eta: 82.1m
step 01123/02520 (44.56%) | loss: 3.084073 | lrm: 0.86 | dt: 3517.98ms | tok/sec: 149,030 | bf16_mfu: 36.52 | epoch: 1 pq: 13 rg: 17 | total time: 65.36m | eta: 82.0m
step 01124/02520 (44.60%) | loss: 3.083182 | lrm: 0.86 | dt: 3515.48ms | tok/sec: 149,137 | bf16_mfu: 36.55 | epoch: 1 pq: 13 rg: 18 | total time: 65.42m | eta: 82.0m
step 01125/02520 (44.64%) | loss: 3.071886 | lrm: 0.86 | dt: 3517.82ms | tok/sec: 149,037 | bf16_mfu: 36.52 | epoch: 1 pq: 13 rg: 19 | total time: 65.48m | eta: 81.9m
step 01126/02520 (44.68%) | loss: 3.079905 | lrm: 0.86 | dt: 3513.02ms | tok/sec: 149,241 | bf16_mfu: 36.57 | epoch: 1 pq: 13 rg: 20 | total time: 65.54m | eta: 81.9m
step 01127/02520 (44.72%) | loss: 3.100771 | lrm: 0.86 | dt: 3513.62ms | tok/sec: 149,216 | bf16_mfu: 36.57 | epoch: 1 pq: 13 rg: 21 | total time: 65.59m | eta: 81.8m
step 01128/02520 (44.76%) | loss: 3.098796 | lrm: 0.86 | dt: 3516.81ms | tok/sec: 149,080 | bf16_mfu: 36.53 | epoch: 1 pq: 13 rg: 22 | total time: 65.65m | eta: 81.7m
step 01129/02520 (44.80%) | loss: 3.101709 | lrm: 0.86 | dt: 3516.80ms | tok/sec: 149,080 | bf16_mfu: 36.53 | epoch: 1 pq: 13 rg: 23 | total time: 65.71m | eta: 81.7m
step 01130/02520 (44.84%) | loss: 3.083825 | lrm: 0.86 | dt: 3521.30ms | tok/sec: 148,890 | bf16_mfu: 36.49 | epoch: 1 pq: 13 rg: 24 | total time: 65.77m | eta: 81.6m
step 01131/02520 (44.88%) | loss: 3.073196 | lrm: 0.86 | dt: 3521.42ms | tok/sec: 148,885 | bf16_mfu: 36.49 | epoch: 1 pq: 13 rg: 25 | total time: 65.83m | eta: 81.6m
step 01132/02520 (44.92%) | loss: 3.071423 | lrm: 0.86 | dt: 3518.23ms | tok/sec: 149,020 | bf16_mfu: 36.52 | epoch: 1 pq: 13 rg: 26 | total time: 65.89m | eta: 81.5m
step 01133/02520 (44.96%) | loss: 3.080938 | lrm: 0.85 | dt: 3518.48ms | tok/sec: 149,009 | bf16_mfu: 36.52 | epoch: 1 pq: 13 rg: 27 | total time: 65.95m | eta: 81.4m
step 01134/02520 (45.00%) | loss: 3.073054 | lrm: 0.85 | dt: 3519.14ms | tok/sec: 148,981 | bf16_mfu: 36.51 | epoch: 1 pq: 13 rg: 28 | total time: 66.01m | eta: 81.4m
step 01135/02520 (45.04%) | loss: 3.061209 | lrm: 0.85 | dt: 3519.92ms | tok/sec: 148,949 | bf16_mfu: 36.50 | epoch: 1 pq: 13 rg: 29 | total time: 66.06m | eta: 81.3m
step 01136/02520 (45.08%) | loss: 3.057331 | lrm: 0.85 | dt: 3518.31ms | tok/sec: 149,017 | bf16_mfu: 36.52 | epoch: 1 pq: 13 rg: 30 | total time: 66.12m | eta: 81.3m
step 01137/02520 (45.12%) | loss: 3.072879 | lrm: 0.85 | dt: 3515.77ms | tok/sec: 149,124 | bf16_mfu: 36.54 | epoch: 1 pq: 13 rg: 31 | total time: 66.18m | eta: 81.2m
step 01138/02520 (45.16%) | loss: 3.085000 | lrm: 0.85 | dt: 3517.57ms | tok/sec: 149,048 | bf16_mfu: 36.53 | epoch: 1 pq: 13 rg: 31 | total time: 66.24m | eta: 81.2m
step 01139/02520 (45.20%) | loss: 3.086388 | lrm: 0.85 | dt: 3515.90ms | tok/sec: 149,118 | bf16_mfu: 36.54 | epoch: 1 pq: 13 rg: 32 | total time: 66.30m | eta: 81.1m
step 01140/02520 (45.24%) | loss: 3.088997 | lrm: 0.85 | dt: 3519.59ms | tok/sec: 148,962 | bf16_mfu: 36.50 | epoch: 1 pq: 13 rg: 33 | total time: 66.36m | eta: 81.0m
step 01141/02520 (45.28%) | loss: 3.081319 | lrm: 0.85 | dt: 3519.69ms | tok/sec: 148,958 | bf16_mfu: 36.50 | epoch: 1 pq: 13 rg: 34 | total time: 66.42m | eta: 81.0m
step 01142/02520 (45.32%) | loss: 3.074582 | lrm: 0.85 | dt: 3514.55ms | tok/sec: 149,176 | bf16_mfu: 36.56 | epoch: 1 pq: 13 rg: 35 | total time: 66.47m | eta: 80.9m
step 01143/02520 (45.36%) | loss: 3.076629 | lrm: 0.85 | dt: 3514.70ms | tok/sec: 149,170 | bf16_mfu: 36.55 | epoch: 1 pq: 13 rg: 36 | total time: 66.53m | eta: 80.9m
step 01144/02520 (45.40%) | loss: 3.096966 | lrm: 0.85 | dt: 3516.36ms | tok/sec: 149,099 | bf16_mfu: 36.54 | epoch: 1 pq: 13 rg: 37 | total time: 66.59m | eta: 80.8m
step 01145/02520 (45.44%) | loss: 3.096453 | lrm: 0.85 | dt: 3512.55ms | tok/sec: 149,261 | bf16_mfu: 36.58 | epoch: 1 pq: 13 rg: 38 | total time: 66.65m | eta: 80.7m
step 01146/02520 (45.48%) | loss: 3.095772 | lrm: 0.85 | dt: 3516.63ms | tok/sec: 149,088 | bf16_mfu: 36.53 | epoch: 1 pq: 13 rg: 39 | total time: 66.71m | eta: 80.7m
step 01147/02520 (45.52%) | loss: 3.106437 | lrm: 0.85 | dt: 3514.70ms | tok/sec: 149,170 | bf16_mfu: 36.55 | epoch: 1 pq: 13 rg: 40 | total time: 66.77m | eta: 80.6m
step 01148/02520 (45.56%) | loss: 3.098966 | lrm: 0.85 | dt: 3514.46ms | tok/sec: 149,180 | bf16_mfu: 36.56 | epoch: 1 pq: 13 rg: 41 | total time: 66.83m | eta: 80.6m
step 01149/02520 (45.60%) | loss: 3.101892 | lrm: 0.85 | dt: 3511.64ms | tok/sec: 149,300 | bf16_mfu: 36.59 | epoch: 1 pq: 13 rg: 42 | total time: 66.88m | eta: 80.5m
<|bos|>The capital of France is the capital of the United States. The capital of the United States is the capital
<|bos|>The chemical symbol of gold is Au. It is a soft, malleable, and malleable metal. It
<|bos|>If yesterday was Friday, then tomorrow will be the day of the week. The day will be the day of the week.
<|bos|>The opposite of hot is hot. Hot is hot. The opposite of hot is cold. The opposite of
<|bos|>The planets of the solar system are: 1) the Sun, 2) the Moon, 3) the
<|bos|>My favorite color is blue. I like blue because it's calming and relaxing. I also like the
<|bos|>If 5*x + 3 = 13, then x is the number of times 5*x + 3 = 13. If
step 01150/02520 (45.63%) | loss: 3.094856 | lrm: 0.84 | dt: 3514.41ms | tok/sec: 149,182 | bf16_mfu: 36.56 | epoch: 1 pq: 13 rg: 43 | total time: 66.94m | eta: 80.4m
step 01151/02520 (45.67%) | loss: 3.077067 | lrm: 0.84 | dt: 3509.03ms | tok/sec: 149,410 | bf16_mfu: 36.61 | epoch: 1 pq: 13 rg: 44 | total time: 67.00m | eta: 80.4m
step 01152/02520 (45.71%) | loss: 3.087785 | lrm: 0.84 | dt: 3513.16ms | tok/sec: 149,235 | bf16_mfu: 36.57 | epoch: 1 pq: 13 rg: 45 | total time: 67.06m | eta: 80.3m
step 01153/02520 (45.75%) | loss: 3.088653 | lrm: 0.84 | dt: 3511.13ms | tok/sec: 149,321 | bf16_mfu: 36.59 | epoch: 1 pq: 13 rg: 46 | total time: 67.12m | eta: 80.3m
step 01154/02520 (45.79%) | loss: 3.099654 | lrm: 0.84 | dt: 3510.96ms | tok/sec: 149,328 | bf16_mfu: 36.59 | epoch: 1 pq: 13 rg: 47 | total time: 67.18m | eta: 80.2m
step 01155/02520 (45.83%) | loss: 3.068683 | lrm: 0.84 | dt: 3515.02ms | tok/sec: 149,156 | bf16_mfu: 36.55 | epoch: 1 pq: 13 rg: 48 | total time: 67.24m | eta: 80.2m
step 01156/02520 (45.87%) | loss: 3.056268 | lrm: 0.84 | dt: 3514.51ms | tok/sec: 149,178 | bf16_mfu: 36.56 | epoch: 1 pq: 13 rg: 49 | total time: 67.29m | eta: 80.1m
step 01157/02520 (45.91%) | loss: 3.052587 | lrm: 0.84 | dt: 3519.39ms | tok/sec: 148,971 | bf16_mfu: 36.51 | epoch: 1 pq: 13 rg: 50 | total time: 67.35m | eta: 80.0m
step 01158/02520 (45.95%) | loss: 3.066606 | lrm: 0.84 | dt: 3510.48ms | tok/sec: 149,349 | bf16_mfu: 36.60 | epoch: 1 pq: 13 rg: 51 | total time: 67.41m | eta: 80.0m
step 01159/02520 (45.99%) | loss: 3.076817 | lrm: 0.84 | dt: 3510.59ms | tok/sec: 149,344 | bf16_mfu: 36.60 | epoch: 1 pq: 13 rg: 52 | total time: 67.47m | eta: 79.9m
step 01160/02520 (46.03%) | loss: 3.106185 | lrm: 0.84 | dt: 3515.38ms | tok/sec: 149,141 | bf16_mfu: 36.55 | epoch: 1 pq: 13 rg: 53 | total time: 67.53m | eta: 79.9m
step 01161/02520 (46.07%) | loss: 3.100648 | lrm: 0.84 | dt: 3513.98ms | tok/sec: 149,200 | bf16_mfu: 36.56 | epoch: 1 pq: 13 rg: 54 | total time: 67.59m | eta: 79.8m
step 01162/02520 (46.11%) | loss: 3.090582 | lrm: 0.84 | dt: 3508.84ms | tok/sec: 149,419 | bf16_mfu: 36.62 | epoch: 1 pq: 13 rg: 55 | total time: 67.65m | eta: 79.7m
step 01163/02520 (46.15%) | loss: 3.081364 | lrm: 0.84 | dt: 3512.79ms | tok/sec: 149,251 | bf16_mfu: 36.57 | epoch: 1 pq: 13 rg: 56 | total time: 67.70m | eta: 79.7m
step 01164/02520 (46.19%) | loss: 3.078492 | lrm: 0.84 | dt: 3513.82ms | tok/sec: 149,207 | bf16_mfu: 36.56 | epoch: 1 pq: 13 rg: 57 | total time: 67.76m | eta: 79.6m
step 01165/02520 (46.23%) | loss: 3.080911 | lrm: 0.84 | dt: 3515.97ms | tok/sec: 149,116 | bf16_mfu: 36.54 | epoch: 1 pq: 13 rg: 58 | total time: 67.82m | eta: 79.6m
step 01166/02520 (46.27%) | loss: 3.084372 | lrm: 0.84 | dt: 3513.40ms | tok/sec: 149,225 | bf16_mfu: 36.57 | epoch: 1 pq: 13 rg: 59 | total time: 67.88m | eta: 79.5m
step 01167/02520 (46.31%) | loss: 3.063598 | lrm: 0.83 | dt: 3515.36ms | tok/sec: 149,141 | bf16_mfu: 36.55 | epoch: 1 pq: 13 rg: 60 | total time: 67.94m | eta: 79.4m
step 01168/02520 (46.35%) | loss: 3.051800 | lrm: 0.83 | dt: 3518.95ms | tok/sec: 148,989 | bf16_mfu: 36.51 | epoch: 1 pq: 13 rg: 61 | total time: 68.00m | eta: 79.4m
step 01169/02520 (46.39%) | loss: 3.047867 | lrm: 0.83 | dt: 3512.90ms | tok/sec: 149,246 | bf16_mfu: 36.57 | epoch: 1 pq: 13 rg: 62 | total time: 68.06m | eta: 79.3m
step 01170/02520 (46.43%) | loss: 3.054243 | lrm: 0.83 | dt: 3508.98ms | tok/sec: 149,413 | bf16_mfu: 36.61 | epoch: 1 pq: 13 rg: 63 | total time: 68.11m | eta: 79.3m
step 01171/02520 (46.47%) | loss: 3.053773 | lrm: 0.83 | dt: 3514.76ms | tok/sec: 149,167 | bf16_mfu: 36.55 | epoch: 1 pq: 13 rg: 64 | total time: 68.17m | eta: 79.2m
step 01172/02520 (46.51%) | loss: 3.052785 | lrm: 0.83 | dt: 3514.51ms | tok/sec: 149,177 | bf16_mfu: 36.56 | epoch: 1 pq: 13 rg: 65 | total time: 68.23m | eta: 79.2m
step 01173/02520 (46.55%) | loss: 3.046228 | lrm: 0.83 | dt: 3516.11ms | tok/sec: 149,110 | bf16_mfu: 36.54 | epoch: 1 pq: 13 rg: 66 | total time: 68.29m | eta: 79.1m
step 01174/02520 (46.59%) | loss: 3.025323 | lrm: 0.83 | dt: 3514.19ms | tok/sec: 149,191 | bf16_mfu: 36.56 | epoch: 1 pq: 13 rg: 67 | total time: 68.35m | eta: 79.0m
step 01175/02520 (46.63%) | loss: 3.019590 | lrm: 0.83 | dt: 3513.97ms | tok/sec: 149,201 | bf16_mfu: 36.56 | epoch: 1 pq: 13 rg: 68 | total time: 68.41m | eta: 79.0m
step 01176/02520 (46.67%) | loss: 3.030878 | lrm: 0.83 | dt: 3513.55ms | tok/sec: 149,218 | bf16_mfu: 36.57 | epoch: 1 pq: 13 rg: 69 | total time: 68.47m | eta: 78.9m
step 01177/02520 (46.71%) | loss: 3.007278 | lrm: 0.83 | dt: 3514.97ms | tok/sec: 149,158 | bf16_mfu: 36.55 | epoch: 1 pq: 13 rg: 70 | total time: 68.52m | eta: 78.9m
step 01178/02520 (46.75%) | loss: 3.009123 | lrm: 0.83 | dt: 3516.96ms | tok/sec: 149,074 | bf16_mfu: 36.53 | epoch: 1 pq: 13 rg: 71 | total time: 68.58m | eta: 78.8m
step 01179/02520 (46.79%) | loss: 3.012958 | lrm: 0.83 | dt: 3513.71ms | tok/sec: 149,211 | bf16_mfu: 36.57 | epoch: 1 pq: 13 rg: 72 | total time: 68.64m | eta: 78.7m
step 01180/02520 (46.83%) | loss: 3.009373 | lrm: 0.83 | dt: 3516.90ms | tok/sec: 149,076 | bf16_mfu: 36.53 | epoch: 1 pq: 13 rg: 72 | total time: 68.70m | eta: 78.7m
step 01181/02520 (46.87%) | loss: 3.021051 | lrm: 0.83 | dt: 3514.13ms | tok/sec: 149,194 | bf16_mfu: 36.56 | epoch: 1 pq: 13 rg: 73 | total time: 68.76m | eta: 78.6m
step 01182/02520 (46.90%) | loss: 3.048124 | lrm: 0.83 | dt: 3516.89ms | tok/sec: 149,077 | bf16_mfu: 36.53 | epoch: 1 pq: 13 rg: 74 | total time: 68.82m | eta: 78.6m
step 01183/02520 (46.94%) | loss: 3.054191 | lrm: 0.83 | dt: 3520.14ms | tok/sec: 148,939 | bf16_mfu: 36.50 | epoch: 1 pq: 13 rg: 75 | total time: 68.88m | eta: 78.5m
step 01184/02520 (46.98%) | loss: 3.063515 | lrm: 0.82 | dt: 3519.52ms | tok/sec: 148,965 | bf16_mfu: 36.50 | epoch: 1 pq: 13 rg: 76 | total time: 68.93m | eta: 78.4m
step 01185/02520 (47.02%) | loss: 3.070288 | lrm: 0.82 | dt: 3517.76ms | tok/sec: 149,040 | bf16_mfu: 36.52 | epoch: 1 pq: 13 rg: 77 | total time: 68.99m | eta: 78.4m
step 01186/02520 (47.06%) | loss: 3.060223 | lrm: 0.82 | dt: 3519.44ms | tok/sec: 148,969 | bf16_mfu: 36.51 | epoch: 1 pq: 13 rg: 78 | total time: 69.05m | eta: 78.3m
step 01187/02520 (47.10%) | loss: 3.048999 | lrm: 0.82 | dt: 3518.14ms | tok/sec: 149,024 | bf16_mfu: 36.52 | epoch: 1 pq: 13 rg: 79 | total time: 69.11m | eta: 78.3m
step 01188/02520 (47.14%) | loss: 3.056346 | lrm: 0.82 | dt: 3516.25ms | tok/sec: 149,104 | bf16_mfu: 36.54 | epoch: 1 pq: 13 rg: 80 | total time: 69.17m | eta: 78.2m
step 01189/02520 (47.18%) | loss: 3.069446 | lrm: 0.82 | dt: 3520.13ms | tok/sec: 148,940 | bf16_mfu: 36.50 | epoch: 1 pq: 13 rg: 81 | total time: 69.23m | eta: 78.2m
step 01190/02520 (47.22%) | loss: 3.080977 | lrm: 0.82 | dt: 3520.43ms | tok/sec: 148,927 | bf16_mfu: 36.50 | epoch: 1 pq: 13 rg: 82 | total time: 69.29m | eta: 78.1m
step 01191/02520 (47.26%) | loss: 3.081276 | lrm: 0.82 | dt: 3515.74ms | tok/sec: 149,125 | bf16_mfu: 36.54 | epoch: 1 pq: 14 rg: 0 | total time: 69.34m | eta: 78.0m
step 01192/02520 (47.30%) | loss: 3.064277 | lrm: 0.82 | dt: 3521.47ms | tok/sec: 148,883 | bf16_mfu: 36.48 | epoch: 1 pq: 14 rg: 1 | total time: 69.40m | eta: 78.0m
step 01193/02520 (47.34%) | loss: 3.056188 | lrm: 0.82 | dt: 3517.91ms | tok/sec: 149,033 | bf16_mfu: 36.52 | epoch: 1 pq: 14 rg: 2 | total time: 69.46m | eta: 77.9m
step 01194/02520 (47.38%) | loss: 3.053999 | lrm: 0.82 | dt: 3516.61ms | tok/sec: 149,089 | bf16_mfu: 36.53 | epoch: 1 pq: 14 rg: 3 | total time: 69.52m | eta: 77.9m
step 01195/02520 (47.42%) | loss: 3.048366 | lrm: 0.82 | dt: 3514.21ms | tok/sec: 149,190 | bf16_mfu: 36.56 | epoch: 1 pq: 14 rg: 4 | total time: 69.58m | eta: 77.8m
step 01196/02520 (47.46%) | loss: 3.051627 | lrm: 0.82 | dt: 3513.39ms | tok/sec: 149,225 | bf16_mfu: 36.57 | epoch: 1 pq: 14 rg: 5 | total time: 69.64m | eta: 77.7m
step 01197/02520 (47.50%) | loss: 3.056597 | lrm: 0.82 | dt: 3512.04ms | tok/sec: 149,283 | bf16_mfu: 36.58 | epoch: 1 pq: 14 rg: 6 | total time: 69.70m | eta: 77.7m
step 01198/02520 (47.54%) | loss: 3.049996 | lrm: 0.82 | dt: 3517.26ms | tok/sec: 149,061 | bf16_mfu: 36.53 | epoch: 1 pq: 14 rg: 7 | total time: 69.75m | eta: 77.6m
step 01199/02520 (47.58%) | loss: 3.044322 | lrm: 0.82 | dt: 3519.21ms | tok/sec: 148,978 | bf16_mfu: 36.51 | epoch: 1 pq: 14 rg: 8 | total time: 69.81m | eta: 77.6m
Step 01200 | Validation bpb: 0.949383
<|bos|>The capital of France is the capital of the French Revolution. The French Revolution was a revolution in the way
<|bos|>The chemical symbol of gold is Au. It is a chemical element that is the most abundant element in the Earth
<|bos|>If yesterday was Friday, then tomorrow will be Saturday, then tomorrow will be Sunday, then tomorrow will be Sunday, then tomorrow
<|bos|>The opposite of hot is a hot is a hot is a hot is a hot is a hot is a
<|bos|>The planets of the solar system are: Earth, Sun, Moon, and Mars. The planets of the solar system are
<|bos|>My favorite color is blue. I have a blue color in my bedroom, and I have a blue
<|bos|>If 5*x + 3 = 13, then x is the number of times the number of times the number of times the number of times
2026-09-25 19:10:56,851 - nanochat.checkpoint_manager - [32m[1mINFO[0m - Saved model parameters to: /local/s3774740/d12/cache/base_checkpoints/d12v32768/model_001200.pt
2026-09-25 19:10:56,851 - nanochat.checkpoint_manager - [32m[1mINFO[0m - Saved metadata to: /local/s3774740/d12/cache/base_checkpoints/d12v32768/meta_001200.json
2026-09-25 19:10:57,633 - nanochat.checkpoint_manager - [32m[1mINFO[0m - Saved optimizer state to: /local/s3774740/d12/cache/base_checkpoints/d12v32768/optim_001200_rank0.pt
step 01200/02520 (47.62%) | loss: 3.052682 | lrm: 0.82 | dt: 3514.31ms | tok/sec: 149,186 | bf16_mfu: 36.56 | epoch: 1 pq: 14 rg: 9 | total time: 69.87m | eta: 77.5m
step 01201/02520 (47.66%) | loss: 3.073234 | lrm: 0.81 | dt: 3498.82ms | tok/sec: 149,847 | bf16_mfu: 36.72 | epoch: 1 pq: 14 rg: 10 | total time: 69.93m | eta: 77.4m
step 01202/02520 (47.70%) | loss: 3.069780 | lrm: 0.81 | dt: 3502.80ms | tok/sec: 149,676 | bf16_mfu: 36.68 | epoch: 1 pq: 14 rg: 11 | total time: 69.99m | eta: 77.4m
step 01203/02520 (47.74%) | loss: 3.086465 | lrm: 0.81 | dt: 3506.67ms | tok/sec: 149,511 | bf16_mfu: 36.64 | epoch: 1 pq: 14 rg: 12 | total time: 70.05m | eta: 77.3m
step 01204/02520 (47.78%) | loss: 3.082979 | lrm: 0.81 | dt: 3506.35ms | tok/sec: 149,525 | bf16_mfu: 36.64 | epoch: 1 pq: 14 rg: 13 | total time: 70.11m | eta: 77.3m
step 01205/02520 (47.82%) | loss: 3.080644 | lrm: 0.81 | dt: 3504.23ms | tok/sec: 149,615 | bf16_mfu: 36.66 | epoch: 1 pq: 14 rg: 14 | total time: 70.16m | eta: 77.2m
step 01206/02520 (47.86%) | loss: 3.061650 | lrm: 0.81 | dt: 3511.16ms | tok/sec: 149,320 | bf16_mfu: 36.59 | epoch: 1 pq: 14 rg: 15 | total time: 70.22m | eta: 77.2m
step 01207/02520 (47.90%) | loss: 3.060909 | lrm: 0.81 | dt: 3508.37ms | tok/sec: 149,439 | bf16_mfu: 36.62 | epoch: 1 pq: 14 rg: 16 | total time: 70.28m | eta: 77.1m
step 01208/02520 (47.94%) | loss: 3.082077 | lrm: 0.81 | dt: 3511.03ms | tok/sec: 149,326 | bf16_mfu: 36.59 | epoch: 1 pq: 14 rg: 17 | total time: 70.34m | eta: 77.0m
step 01209/02520 (47.98%) | loss: 3.072923 | lrm: 0.81 | dt: 3510.81ms | tok/sec: 149,335 | bf16_mfu: 36.60 | epoch: 1 pq: 14 rg: 18 | total time: 70.40m | eta: 77.0m
step 01210/02520 (48.02%) | loss: 3.067448 | lrm: 0.81 | dt: 3510.35ms | tok/sec: 149,354 | bf16_mfu: 36.60 | epoch: 1 pq: 14 rg: 19 | total time: 70.46m | eta: 76.9m
step 01211/02520 (48.06%) | loss: 3.053884 | lrm: 0.81 | dt: 3510.89ms | tok/sec: 149,332 | bf16_mfu: 36.59 | epoch: 1 pq: 14 rg: 20 | total time: 70.52m | eta: 76.9m
step 01212/02520 (48.10%) | loss: 3.036952 | lrm: 0.81 | dt: 3509.86ms | tok/sec: 149,375 | bf16_mfu: 36.61 | epoch: 1 pq: 14 rg: 21 | total time: 70.57m | eta: 76.8m
step 01213/02520 (48.13%) | loss: 3.052579 | lrm: 0.81 | dt: 3511.48ms | tok/sec: 149,306 | bf16_mfu: 36.59 | epoch: 1 pq: 14 rg: 22 | total time: 70.63m | eta: 76.7m
step 01214/02520 (48.17%) | loss: 3.052030 | lrm: 0.81 | dt: 3510.32ms | tok/sec: 149,356 | bf16_mfu: 36.60 | epoch: 1 pq: 14 rg: 23 | total time: 70.69m | eta: 76.7m
step 01215/02520 (48.21%) | loss: 3.055937 | lrm: 0.81 | dt: 3510.47ms | tok/sec: 149,349 | bf16_mfu: 36.60 | epoch: 1 pq: 14 rg: 24 | total time: 70.75m | eta: 76.6m
step 01216/02520 (48.25%) | loss: 3.052582 | lrm: 0.81 | dt: 3510.38ms | tok/sec: 149,353 | bf16_mfu: 36.60 | epoch: 1 pq: 14 rg: 25 | total time: 70.81m | eta: 76.6m
step 01217/02520 (48.29%) | loss: 3.067234 | lrm: 0.81 | dt: 3509.34ms | tok/sec: 149,397 | bf16_mfu: 36.61 | epoch: 1 pq: 14 rg: 26 | total time: 70.87m | eta: 76.5m
step 01218/02520 (48.33%) | loss: 3.064593 | lrm: 0.81 | dt: 3513.48ms | tok/sec: 149,222 | bf16_mfu: 36.57 | epoch: 1 pq: 14 rg: 27 | total time: 70.92m | eta: 76.4m
step 01219/02520 (48.37%) | loss: 3.045155 | lrm: 0.80 | dt: 3512.92ms | tok/sec: 149,245 | bf16_mfu: 36.57 | epoch: 1 pq: 14 rg: 28 | total time: 70.98m | eta: 76.4m
step 01220/02520 (48.41%) | loss: 3.060849 | lrm: 0.80 | dt: 3510.97ms | tok/sec: 149,328 | bf16_mfu: 36.59 | epoch: 1 pq: 14 rg: 28 | total time: 71.04m | eta: 76.3m
step 01221/02520 (48.45%) | loss: 3.068235 | lrm: 0.80 | dt: 3514.74ms | tok/sec: 149,168 | bf16_mfu: 36.55 | epoch: 1 pq: 14 rg: 29 | total time: 71.10m | eta: 76.3m
step 01222/02520 (48.49%) | loss: 3.071341 | lrm: 0.80 | dt: 3516.67ms | tok/sec: 149,086 | bf16_mfu: 36.53 | epoch: 1 pq: 14 rg: 30 | total time: 71.16m | eta: 76.2m
step 01223/02520 (48.53%) | loss: 3.078914 | lrm: 0.80 | dt: 3520.40ms | tok/sec: 148,928 | bf16_mfu: 36.50 | epoch: 1 pq: 14 rg: 31 | total time: 71.22m | eta: 76.1m
step 01224/02520 (48.57%) | loss: 3.075576 | lrm: 0.80 | dt: 3518.42ms | tok/sec: 149,012 | bf16_mfu: 36.52 | epoch: 1 pq: 14 rg: 32 | total time: 71.28m | eta: 76.1m
step 01225/02520 (48.61%) | loss: 3.065524 | lrm: 0.80 | dt: 3516.63ms | tok/sec: 149,088 | bf16_mfu: 36.53 | epoch: 1 pq: 14 rg: 33 | total time: 71.33m | eta: 76.0m
step 01226/02520 (48.65%) | loss: 3.064737 | lrm: 0.80 | dt: 3518.24ms | tok/sec: 149,019 | bf16_mfu: 36.52 | epoch: 1 pq: 14 rg: 34 | total time: 71.39m | eta: 76.0m
step 01227/02520 (48.69%) | loss: 3.073448 | lrm: 0.80 | dt: 3512.03ms | tok/sec: 149,283 | bf16_mfu: 36.58 | epoch: 1 pq: 14 rg: 35 | total time: 71.45m | eta: 75.9m
step 01228/02520 (48.73%) | loss: 3.078713 | lrm: 0.80 | dt: 3511.69ms | tok/sec: 149,297 | bf16_mfu: 36.59 | epoch: 1 pq: 14 rg: 36 | total time: 71.51m | eta: 75.9m
step 01229/02520 (48.77%) | loss: 3.066424 | lrm: 0.80 | dt: 3516.21ms | tok/sec: 149,106 | bf16_mfu: 36.54 | epoch: 1 pq: 14 rg: 37 | total time: 71.57m | eta: 75.8m
step 01230/02520 (48.81%) | loss: 3.074911 | lrm: 0.80 | dt: 3517.10ms | tok/sec: 149,068 | bf16_mfu: 36.53 | epoch: 1 pq: 14 rg: 38 | total time: 71.63m | eta: 75.7m
step 01231/02520 (48.85%) | loss: 3.082363 | lrm: 0.80 | dt: 3517.59ms | tok/sec: 149,047 | bf16_mfu: 36.52 | epoch: 1 pq: 14 rg: 39 | total time: 71.69m | eta: 75.7m
step 01232/02520 (48.89%) | loss: 3.080981 | lrm: 0.80 | dt: 3519.10ms | tok/sec: 148,983 | bf16_mfu: 36.51 | epoch: 1 pq: 14 rg: 40 | total time: 71.74m | eta: 75.6m
step 01233/02520 (48.93%) | loss: 3.076095 | lrm: 0.80 | dt: 3516.16ms | tok/sec: 149,108 | bf16_mfu: 36.54 | epoch: 1 pq: 14 rg: 41 | total time: 71.80m | eta: 75.6m
step 01234/02520 (48.97%) | loss: 3.073077 | lrm: 0.80 | dt: 3513.94ms | tok/sec: 149,202 | bf16_mfu: 36.56 | epoch: 1 pq: 14 rg: 42 | total time: 71.86m | eta: 75.5m
step 01235/02520 (49.01%) | loss: 3.082002 | lrm: 0.80 | dt: 3510.52ms | tok/sec: 149,347 | bf16_mfu: 36.60 | epoch: 1 pq: 14 rg: 43 | total time: 71.92m | eta: 75.4m
step 01236/02520 (49.05%) | loss: 3.093920 | lrm: 0.79 | dt: 3515.60ms | tok/sec: 149,131 | bf16_mfu: 36.55 | epoch: 1 pq: 14 rg: 44 | total time: 71.98m | eta: 75.4m
step 01237/02520 (49.09%) | loss: 3.088980 | lrm: 0.79 | dt: 3516.45ms | tok/sec: 149,095 | bf16_mfu: 36.54 | epoch: 1 pq: 14 rg: 45 | total time: 72.04m | eta: 75.3m
step 01238/02520 (49.13%) | loss: 3.078691 | lrm: 0.79 | dt: 3517.94ms | tok/sec: 149,032 | bf16_mfu: 36.52 | epoch: 1 pq: 14 rg: 46 | total time: 72.10m | eta: 75.3m
step 01239/02520 (49.17%) | loss: 3.071036 | lrm: 0.79 | dt: 3522.32ms | tok/sec: 148,847 | bf16_mfu: 36.48 | epoch: 1 pq: 14 rg: 47 | total time: 72.16m | eta: 75.2m
step 01240/02520 (49.21%) | loss: 3.085800 | lrm: 0.79 | dt: 3520.10ms | tok/sec: 148,941 | bf16_mfu: 36.50 | epoch: 1 pq: 14 rg: 48 | total time: 72.21m | eta: 75.1m
step 01241/02520 (49.25%) | loss: 3.085103 | lrm: 0.79 | dt: 3519.38ms | tok/sec: 148,971 | bf16_mfu: 36.51 | epoch: 1 pq: 14 rg: 49 | total time: 72.27m | eta: 75.1m
step 01242/02520 (49.29%) | loss: 3.067061 | lrm: 0.79 | dt: 3517.90ms | tok/sec: 149,034 | bf16_mfu: 36.52 | epoch: 1 pq: 14 rg: 50 | total time: 72.33m | eta: 75.0m
step 01243/02520 (49.33%) | loss: 3.060187 | lrm: 0.79 | dt: 3520.05ms | tok/sec: 148,943 | bf16_mfu: 36.50 | epoch: 1 pq: 14 rg: 51 | total time: 72.39m | eta: 75.0m
step 01244/02520 (49.37%) | loss: 3.063214 | lrm: 0.79 | dt: 3519.54ms | tok/sec: 148,964 | bf16_mfu: 36.50 | epoch: 1 pq: 14 rg: 52 | total time: 72.45m | eta: 74.9m
step 01245/02520 (49.40%) | loss: 3.063245 | lrm: 0.79 | dt: 3515.61ms | tok/sec: 149,131 | bf16_mfu: 36.55 | epoch: 1 pq: 14 rg: 53 | total time: 72.51m | eta: 74.9m
step 01246/02520 (49.44%) | loss: 3.062257 | lrm: 0.79 | dt: 3516.98ms | tok/sec: 149,073 | bf16_mfu: 36.53 | epoch: 1 pq: 14 rg: 54 | total time: 72.57m | eta: 74.8m
step 01247/02520 (49.48%) | loss: 3.056336 | lrm: 0.79 | dt: 3520.29ms | tok/sec: 148,933 | bf16_mfu: 36.50 | epoch: 1 pq: 14 rg: 55 | total time: 72.62m | eta: 74.7m
step 01248/02520 (49.52%) | loss: 3.043671 | lrm: 0.79 | dt: 3518.39ms | tok/sec: 149,013 | bf16_mfu: 36.52 | epoch: 1 pq: 14 rg: 56 | total time: 72.68m | eta: 74.7m
step 01249/02520 (49.56%) | loss: 3.046981 | lrm: 0.79 | dt: 3514.45ms | tok/sec: 149,180 | bf16_mfu: 36.56 | epoch: 1 pq: 14 rg: 57 | total time: 72.74m | eta: 74.6m
<|bos|>The capital of France is the capital of the country. The capital of the country is the capital of the
<|bos|>The chemical symbol of gold is a symbol of the earth's crust. The symbol of the earth is a symbol
<|bos|>If yesterday was Friday, then tomorrow will be Sunday. If yesterday was Sunday, then tomorrow will be Sunday. If yesterday was
<|bos|>The opposite of hot is cold. The temperature of the air is 100 degrees Fahrenheit. The air
<|bos|>The planets of the solar system are: Mars, Jupiter, Saturn, Uranus, Neptune, Neptune
<|bos|>My favorite color is blue. I like to use it to make a lot of different things. I
<|bos|>If 5*x + 3 = 13, then x is the number of the number of the number of the number of the number of the
step 01250/02520 (49.60%) | loss: 3.052395 | lrm: 0.79 | dt: 3511.72ms | tok/sec: 149,296 | bf16_mfu: 36.59 | epoch: 1 pq: 14 rg: 58 | total time: 72.80m | eta: 74.6m
step 01251/02520 (49.64%) | loss: 3.058561 | lrm: 0.79 | dt: 3513.37ms | tok/sec: 149,226 | bf16_mfu: 36.57 | epoch: 1 pq: 14 rg: 59 | total time: 72.86m | eta: 74.5m
step 01252/02520 (49.68%) | loss: 3.040502 | lrm: 0.79 | dt: 3521.37ms | tok/sec: 148,887 | bf16_mfu: 36.49 | epoch: 1 pq: 14 rg: 60 | total time: 72.92m | eta: 74.4m
step 01253/02520 (49.72%) | loss: 3.045054 | lrm: 0.78 | dt: 3515.28ms | tok/sec: 149,145 | bf16_mfu: 36.55 | epoch: 1 pq: 14 rg: 61 | total time: 72.98m | eta: 74.4m
step 01254/02520 (49.76%) | loss: 3.062288 | lrm: 0.78 | dt: 3511.91ms | tok/sec: 149,288 | bf16_mfu: 36.58 | epoch: 1 pq: 14 rg: 61 | total time: 73.03m | eta: 74.3m
step 01255/02520 (49.80%) | loss: 3.066772 | lrm: 0.78 | dt: 3518.35ms | tok/sec: 149,015 | bf16_mfu: 36.52 | epoch: 1 pq: 14 rg: 62 | total time: 73.09m | eta: 74.3m
step 01256/02520 (49.84%) | loss: 3.063349 | lrm: 0.78 | dt: 3514.17ms | tok/sec: 149,192 | bf16_mfu: 36.56 | epoch: 1 pq: 14 rg: 63 | total time: 73.15m | eta: 74.2m
step 01257/02520 (49.88%) | loss: 3.042674 | lrm: 0.78 | dt: 3515.98ms | tok/sec: 149,115 | bf16_mfu: 36.54 | epoch: 1 pq: 14 rg: 64 | total time: 73.21m | eta: 74.1m
step 01258/02520 (49.92%) | loss: 3.026533 | lrm: 0.78 | dt: 3519.56ms | tok/sec: 148,964 | bf16_mfu: 36.50 | epoch: 1 pq: 14 rg: 65 | total time: 73.27m | eta: 74.1m
step 01259/02520 (49.96%) | loss: 3.023809 | lrm: 0.78 | dt: 3515.68ms | tok/sec: 149,128 | bf16_mfu: 36.54 | epoch: 1 pq: 14 rg: 66 | total time: 73.33m | eta: 74.0m
step 01260/02520 (50.00%) | loss: 3.010425 | lrm: 0.78 | dt: 3513.55ms | tok/sec: 149,218 | bf16_mfu: 36.57 | epoch: 1 pq: 14 rg: 67 | total time: 73.39m | eta: 74.0m
step 01261/02520 (50.04%) | loss: 3.014406 | lrm: 0.78 | dt: 3511.31ms | tok/sec: 149,313 | bf16_mfu: 36.59 | epoch: 1 pq: 14 rg: 68 | total time: 73.44m | eta: 73.9m
step 01262/02520 (50.08%) | loss: 2.995290 | lrm: 0.78 | dt: 3511.84ms | tok/sec: 149,291 | bf16_mfu: 36.58 | epoch: 1 pq: 14 rg: 69 | total time: 73.50m | eta: 73.9m
step 01263/02520 (50.12%) | loss: 3.022415 | lrm: 0.78 | dt: 3511.91ms | tok/sec: 149,288 | bf16_mfu: 36.58 | epoch: 1 pq: 14 rg: 70 | total time: 73.56m | eta: 73.8m
step 01264/02520 (50.16%) | loss: 3.036442 | lrm: 0.78 | dt: 3513.88ms | tok/sec: 149,204 | bf16_mfu: 36.56 | epoch: 1 pq: 14 rg: 71 | total time: 73.62m | eta: 73.7m
step 01265/02520 (50.20%) | loss: 3.050350 | lrm: 0.78 | dt: 3515.91ms | tok/sec: 149,118 | bf16_mfu: 36.54 | epoch: 1 pq: 14 rg: 72 | total time: 73.68m | eta: 73.7m
step 01266/02520 (50.24%) | loss: 3.046442 | lrm: 0.78 | dt: 3518.81ms | tok/sec: 148,995 | bf16_mfu: 36.51 | epoch: 1 pq: 14 rg: 73 | total time: 73.74m | eta: 73.6m
step 01267/02520 (50.28%) | loss: 3.039017 | lrm: 0.78 | dt: 3512.60ms | tok/sec: 149,259 | bf16_mfu: 36.58 | epoch: 1 pq: 14 rg: 74 | total time: 73.80m | eta: 73.6m
step 01268/02520 (50.32%) | loss: 3.050551 | lrm: 0.78 | dt: 3512.70ms | tok/sec: 149,255 | bf16_mfu: 36.58 | epoch: 1 pq: 14 rg: 75 | total time: 73.85m | eta: 73.5m
step 01269/02520 (50.36%) | loss: 3.051989 | lrm: 0.78 | dt: 3509.49ms | tok/sec: 149,391 | bf16_mfu: 36.61 | epoch: 1 pq: 14 rg: 76 | total time: 73.91m | eta: 73.4m
step 01270/02520 (50.40%) | loss: 3.050592 | lrm: 0.77 | dt: 3514.37ms | tok/sec: 149,184 | bf16_mfu: 36.56 | epoch: 1 pq: 14 rg: 77 | total time: 73.97m | eta: 73.4m
step 01271/02520 (50.44%) | loss: 3.050775 | lrm: 0.77 | dt: 3512.60ms | tok/sec: 149,259 | bf16_mfu: 36.58 | epoch: 1 pq: 14 rg: 78 | total time: 74.03m | eta: 73.3m
step 01272/02520 (50.48%) | loss: 3.057780 | lrm: 0.77 | dt: 3509.79ms | tok/sec: 149,378 | bf16_mfu: 36.61 | epoch: 1 pq: 14 rg: 79 | total time: 74.09m | eta: 73.3m
step 01273/02520 (50.52%) | loss: 3.044641 | lrm: 0.77 | dt: 3514.67ms | tok/sec: 149,171 | bf16_mfu: 36.56 | epoch: 1 pq: 14 rg: 80 | total time: 74.15m | eta: 73.2m
step 01274/02520 (50.56%) | loss: 3.047536 | lrm: 0.77 | dt: 3516.14ms | tok/sec: 149,109 | bf16_mfu: 36.54 | epoch: 1 pq: 14 rg: 81 | total time: 74.21m | eta: 73.1m
step 01275/02520 (50.60%) | loss: 3.048573 | lrm: 0.77 | dt: 3518.70ms | tok/sec: 149,000 | bf16_mfu: 36.51 | epoch: 1 pq: 14 rg: 82 | total time: 74.26m | eta: 73.1m
step 01276/02520 (50.63%) | loss: 3.034106 | lrm: 0.77 | dt: 3518.10ms | tok/sec: 149,025 | bf16_mfu: 36.52 | epoch: 1 pq: 15 rg: 0 | total time: 74.32m | eta: 73.0m
step 01277/02520 (50.67%) | loss: 3.024709 | lrm: 0.77 | dt: 3519.15ms | tok/sec: 148,981 | bf16_mfu: 36.51 | epoch: 1 pq: 15 rg: 1 | total time: 74.38m | eta: 73.0m
step 01278/02520 (50.71%) | loss: 3.015102 | lrm: 0.77 | dt: 3511.90ms | tok/sec: 149,288 | bf16_mfu: 36.58 | epoch: 1 pq: 15 rg: 2 | total time: 74.44m | eta: 72.9m
step 01279/02520 (50.75%) | loss: 3.014601 | lrm: 0.77 | dt: 3508.94ms | tok/sec: 149,414 | bf16_mfu: 36.61 | epoch: 1 pq: 15 rg: 3 | total time: 74.50m | eta: 72.9m
step 01280/02520 (50.79%) | loss: 3.012745 | lrm: 0.77 | dt: 3512.76ms | tok/sec: 149,252 | bf16_mfu: 36.58 | epoch: 1 pq: 15 rg: 4 | total time: 74.56m | eta: 72.8m
step 01281/02520 (50.83%) | loss: 3.010090 | lrm: 0.77 | dt: 3508.41ms | tok/sec: 149,437 | bf16_mfu: 36.62 | epoch: 1 pq: 15 rg: 5 | total time: 74.62m | eta: 72.7m
step 01282/02520 (50.87%) | loss: 3.009079 | lrm: 0.77 | dt: 3513.81ms | tok/sec: 149,207 | bf16_mfu: 36.56 | epoch: 1 pq: 15 rg: 6 | total time: 74.67m | eta: 72.7m
step 01283/02520 (50.91%) | loss: 3.002898 | lrm: 0.77 | dt: 3513.27ms | tok/sec: 149,230 | bf16_mfu: 36.57 | epoch: 1 pq: 15 rg: 7 | total time: 74.73m | eta: 72.6m
step 01284/02520 (50.95%) | loss: 3.005924 | lrm: 0.77 | dt: 3508.09ms | tok/sec: 149,451 | bf16_mfu: 36.62 | epoch: 1 pq: 15 rg: 8 | total time: 74.79m | eta: 72.6m
step 01285/02520 (50.99%) | loss: 3.010470 | lrm: 0.77 | dt: 3513.06ms | tok/sec: 149,239 | bf16_mfu: 36.57 | epoch: 1 pq: 15 rg: 9 | total time: 74.85m | eta: 72.5m
step 01286/02520 (51.03%) | loss: 3.006715 | lrm: 0.77 | dt: 3510.52ms | tok/sec: 149,347 | bf16_mfu: 36.60 | epoch: 1 pq: 15 rg: 10 | total time: 74.91m | eta: 72.4m
step 01287/02520 (51.07%) | loss: 3.000116 | lrm: 0.77 | dt: 3511.94ms | tok/sec: 149,287 | bf16_mfu: 36.58 | epoch: 1 pq: 15 rg: 11 | total time: 74.97m | eta: 72.4m
step 01288/02520 (51.11%) | loss: 3.012712 | lrm: 0.76 | dt: 3513.40ms | tok/sec: 149,225 | bf16_mfu: 36.57 | epoch: 1 pq: 15 rg: 12 | total time: 75.03m | eta: 72.3m
step 01289/02520 (51.15%) | loss: 3.009266 | lrm: 0.76 | dt: 3513.41ms | tok/sec: 149,224 | bf16_mfu: 36.57 | epoch: 1 pq: 15 rg: 13 | total time: 75.08m | eta: 72.3m
step 01290/02520 (51.19%) | loss: 3.027513 | lrm: 0.76 | dt: 3511.07ms | tok/sec: 149,324 | bf16_mfu: 36.59 | epoch: 1 pq: 15 rg: 14 | total time: 75.14m | eta: 72.2m
step 01291/02520 (51.23%) | loss: 3.032990 | lrm: 0.76 | dt: 3512.95ms | tok/sec: 149,244 | bf16_mfu: 36.57 | epoch: 1 pq: 15 rg: 15 | total time: 75.20m | eta: 72.1m
step 01292/02520 (51.27%) | loss: 3.034281 | lrm: 0.76 | dt: 3510.16ms | tok/sec: 149,363 | bf16_mfu: 36.60 | epoch: 1 pq: 15 rg: 16 | total time: 75.26m | eta: 72.1m
step 01293/02520 (51.31%) | loss: 3.041539 | lrm: 0.76 | dt: 3509.30ms | tok/sec: 149,399 | bf16_mfu: 36.61 | epoch: 1 pq: 15 rg: 17 | total time: 75.32m | eta: 72.0m
step 01294/02520 (51.35%) | loss: 3.036186 | lrm: 0.76 | dt: 3507.85ms | tok/sec: 149,461 | bf16_mfu: 36.63 | epoch: 1 pq: 15 rg: 17 | total time: 75.38m | eta: 72.0m
step 01295/02520 (51.39%) | loss: 3.026029 | lrm: 0.76 | dt: 3511.27ms | tok/sec: 149,315 | bf16_mfu: 36.59 | epoch: 1 pq: 15 rg: 18 | total time: 75.44m | eta: 71.9m
step 01296/02520 (51.43%) | loss: 3.014197 | lrm: 0.76 | dt: 3512.85ms | tok/sec: 149,248 | bf16_mfu: 36.57 | epoch: 1 pq: 15 rg: 19 | total time: 75.49m | eta: 71.9m
step 01297/02520 (51.47%) | loss: 3.011716 | lrm: 0.76 | dt: 3509.42ms | tok/sec: 149,394 | bf16_mfu: 36.61 | epoch: 1 pq: 15 rg: 20 | total time: 75.55m | eta: 71.8m
step 01298/02520 (51.51%) | loss: 3.019771 | lrm: 0.76 | dt: 3510.75ms | tok/sec: 149,337 | bf16_mfu: 36.60 | epoch: 1 pq: 15 rg: 21 | total time: 75.61m | eta: 71.7m
step 01299/02520 (51.55%) | loss: 3.036285 | lrm: 0.76 | dt: 3509.62ms | tok/sec: 149,386 | bf16_mfu: 36.61 | epoch: 1 pq: 15 rg: 22 | total time: 75.67m | eta: 71.7m
<|bos|>The capital of France is the capital of the French capital of the United States. The capital of the United
<|bos|>The chemical symbol of gold is Au. It is a metal with a chemical symbol of Au. It is a
<|bos|>If yesterday was Friday, then tomorrow will be Sunday. The sun will be shining, and the air will be warm. The
<|bos|>The opposite of hot is the cold. The cold is the opposite of the hot. The cold is the
<|bos|>The planets of the solar system are: 1) the planets of the solar system are the planets of the solar system
<|bos|>My favorite color is blue. I have a lot of blue colors, but I don't like the
<|bos|>If 5*x + 3 = 13, then x is 13. If 5*x + 3 = 13, then
step 01300/02520 (51.59%) | loss: 3.043469 | lrm: 0.76 | dt: 3514.85ms | tok/sec: 149,163 | bf16_mfu: 36.55 | epoch: 1 pq: 15 rg: 23 | total time: 75.73m | eta: 71.6m
step 01301/02520 (51.63%) | loss: 3.036279 | lrm: 0.76 | dt: 3507.19ms | tok/sec: 149,489 | bf16_mfu: 36.63 | epoch: 1 pq: 15 rg: 24 | total time: 75.79m | eta: 71.6m
step 01302/02520 (51.67%) | loss: 3.016148 | lrm: 0.76 | dt: 3512.00ms | tok/sec: 149,284 | bf16_mfu: 36.58 | epoch: 1 pq: 15 rg: 25 | total time: 75.84m | eta: 71.5m
step 01303/02520 (51.71%) | loss: 3.009792 | lrm: 0.76 | dt: 3508.98ms | tok/sec: 149,413 | bf16_mfu: 36.61 | epoch: 1 pq: 15 rg: 26 | total time: 75.90m | eta: 71.4m
step 01304/02520 (51.75%) | loss: 3.044288 | lrm: 0.76 | dt: 3509.43ms | tok/sec: 149,394 | bf16_mfu: 36.61 | epoch: 1 pq: 15 rg: 27 | total time: 75.96m | eta: 71.4m
step 01305/02520 (51.79%) | loss: 3.039123 | lrm: 0.75 | dt: 3515.15ms | tok/sec: 149,150 | bf16_mfu: 36.55 | epoch: 1 pq: 15 rg: 28 | total time: 76.02m | eta: 71.3m
step 01306/02520 (51.83%) | loss: 3.028021 | lrm: 0.75 | dt: 3510.05ms | tok/sec: 149,367 | bf16_mfu: 36.60 | epoch: 1 pq: 15 rg: 29 | total time: 76.08m | eta: 71.3m
step 01307/02520 (51.87%) | loss: 3.031539 | lrm: 0.75 | dt: 3513.71ms | tok/sec: 149,211 | bf16_mfu: 36.57 | epoch: 1 pq: 15 rg: 30 | total time: 76.14m | eta: 71.2m
step 01308/02520 (51.90%) | loss: 3.034756 | lrm: 0.75 | dt: 3516.51ms | tok/sec: 149,093 | bf16_mfu: 36.54 | epoch: 1 pq: 15 rg: 31 | total time: 76.20m | eta: 71.1m
step 01309/02520 (51.94%) | loss: 3.029176 | lrm: 0.75 | dt: 3520.50ms | tok/sec: 148,924 | bf16_mfu: 36.49 | epoch: 1 pq: 15 rg: 32 | total time: 76.25m | eta: 71.1m
step 01310/02520 (51.98%) | loss: 3.038350 | lrm: 0.75 | dt: 3514.21ms | tok/sec: 149,190 | bf16_mfu: 36.56 | epoch: 1 pq: 15 rg: 33 | total time: 76.31m | eta: 71.0m
step 01311/02520 (52.02%) | loss: 3.034925 | lrm: 0.75 | dt: 3511.67ms | tok/sec: 149,298 | bf16_mfu: 36.59 | epoch: 1 pq: 15 rg: 34 | total time: 76.37m | eta: 71.0m
step 01312/02520 (52.06%) | loss: 3.037480 | lrm: 0.75 | dt: 3510.18ms | tok/sec: 149,361 | bf16_mfu: 36.60 | epoch: 1 pq: 15 rg: 35 | total time: 76.43m | eta: 70.9m
step 01313/02520 (52.10%) | loss: 3.032932 | lrm: 0.75 | dt: 3514.23ms | tok/sec: 149,190 | bf16_mfu: 36.56 | epoch: 1 pq: 15 rg: 36 | total time: 76.49m | eta: 70.9m
step 01314/02520 (52.14%) | loss: 3.038397 | lrm: 0.75 | dt: 3509.16ms | tok/sec: 149,405 | bf16_mfu: 36.61 | epoch: 1 pq: 15 rg: 37 | total time: 76.55m | eta: 70.8m
step 01315/02520 (52.18%) | loss: 3.019939 | lrm: 0.75 | dt: 3511.69ms | tok/sec: 149,297 | bf16_mfu: 36.59 | epoch: 1 pq: 15 rg: 38 | total time: 76.61m | eta: 70.7m
step 01316/02520 (52.22%) | loss: 3.017450 | lrm: 0.75 | dt: 3513.45ms | tok/sec: 149,223 | bf16_mfu: 36.57 | epoch: 1 pq: 15 rg: 39 | total time: 76.66m | eta: 70.7m
step 01317/02520 (52.26%) | loss: 3.027586 | lrm: 0.75 | dt: 3515.85ms | tok/sec: 149,121 | bf16_mfu: 36.54 | epoch: 1 pq: 15 rg: 40 | total time: 76.72m | eta: 70.6m
step 01318/02520 (52.30%) | loss: 2.998045 | lrm: 0.75 | dt: 3512.49ms | tok/sec: 149,263 | bf16_mfu: 36.58 | epoch: 1 pq: 15 rg: 41 | total time: 76.78m | eta: 70.6m
step 01319/02520 (52.34%) | loss: 3.006760 | lrm: 0.75 | dt: 3517.51ms | tok/sec: 149,051 | bf16_mfu: 36.53 | epoch: 1 pq: 15 rg: 42 | total time: 76.84m | eta: 70.5m
step 01320/02520 (52.38%) | loss: 3.010665 | lrm: 0.75 | dt: 3516.79ms | tok/sec: 149,081 | bf16_mfu: 36.53 | epoch: 1 pq: 15 rg: 43 | total time: 76.90m | eta: 70.4m
step 01321/02520 (52.42%) | loss: 2.987979 | lrm: 0.75 | dt: 3516.00ms | tok/sec: 149,115 | bf16_mfu: 36.54 | epoch: 1 pq: 15 rg: 44 | total time: 76.96m | eta: 70.4m
step 01322/02520 (52.46%) | loss: 2.996665 | lrm: 0.74 | dt: 3512.78ms | tok/sec: 149,251 | bf16_mfu: 36.57 | epoch: 1 pq: 15 rg: 45 | total time: 77.02m | eta: 70.3m
step 01323/02520 (52.50%) | loss: 2.994238 | lrm: 0.74 | dt: 3511.74ms | tok/sec: 149,295 | bf16_mfu: 36.59 | epoch: 1 pq: 15 rg: 46 | total time: 77.07m | eta: 70.3m
step 01324/02520 (52.54%) | loss: 2.981760 | lrm: 0.74 | dt: 3515.96ms | tok/sec: 149,116 | bf16_mfu: 36.54 | epoch: 1 pq: 15 rg: 47 | total time: 77.13m | eta: 70.2m
step 01325/02520 (52.58%) | loss: 2.974591 | lrm: 0.74 | dt: 3513.78ms | tok/sec: 149,209 | bf16_mfu: 36.56 | epoch: 1 pq: 15 rg: 48 | total time: 77.19m | eta: 70.1m
step 01326/02520 (52.62%) | loss: 2.972050 | lrm: 0.74 | dt: 3511.80ms | tok/sec: 149,293 | bf16_mfu: 36.59 | epoch: 1 pq: 15 rg: 49 | total time: 77.25m | eta: 70.1m
step 01327/02520 (52.66%) | loss: 2.977606 | lrm: 0.74 | dt: 3512.18ms | tok/sec: 149,277 | bf16_mfu: 36.58 | epoch: 1 pq: 15 rg: 50 | total time: 77.31m | eta: 70.0m
step 01328/02520 (52.70%) | loss: 3.000020 | lrm: 0.74 | dt: 3516.46ms | tok/sec: 149,095 | bf16_mfu: 36.54 | epoch: 1 pq: 15 rg: 50 | total time: 77.37m | eta: 70.0m
step 01329/02520 (52.74%) | loss: 2.979203 | lrm: 0.74 | dt: 3511.75ms | tok/sec: 149,295 | bf16_mfu: 36.59 | epoch: 1 pq: 15 rg: 51 | total time: 77.43m | eta: 69.9m
step 01330/02520 (52.78%) | loss: 2.979729 | lrm: 0.74 | dt: 3511.79ms | tok/sec: 149,293 | bf16_mfu: 36.59 | epoch: 1 pq: 15 rg: 52 | total time: 77.48m | eta: 69.9m
step 01331/02520 (52.82%) | loss: 2.986579 | lrm: 0.74 | dt: 3512.87ms | tok/sec: 149,247 | bf16_mfu: 36.57 | epoch: 1 pq: 15 rg: 53 | total time: 77.54m | eta: 69.8m
step 01332/02520 (52.86%) | loss: 2.985776 | lrm: 0.74 | dt: 3510.53ms | tok/sec: 149,347 | bf16_mfu: 36.60 | epoch: 1 pq: 15 rg: 54 | total time: 77.60m | eta: 69.7m
step 01333/02520 (52.90%) | loss: 2.982171 | lrm: 0.74 | dt: 3514.65ms | tok/sec: 149,172 | bf16_mfu: 36.56 | epoch: 1 pq: 15 rg: 55 | total time: 77.66m | eta: 69.7m
step 01334/02520 (52.94%) | loss: 2.977298 | lrm: 0.74 | dt: 3511.56ms | tok/sec: 149,303 | bf16_mfu: 36.59 | epoch: 1 pq: 15 rg: 56 | total time: 77.72m | eta: 69.6m
step 01335/02520 (52.98%) | loss: 2.984021 | lrm: 0.74 | dt: 3519.18ms | tok/sec: 148,980 | bf16_mfu: 36.51 | epoch: 1 pq: 15 rg: 57 | total time: 77.78m | eta: 69.6m
step 01336/02520 (53.02%) | loss: 2.985270 | lrm: 0.74 | dt: 3516.25ms | tok/sec: 149,104 | bf16_mfu: 36.54 | epoch: 1 pq: 15 rg: 58 | total time: 77.84m | eta: 69.5m
step 01337/02520 (53.06%) | loss: 2.969130 | lrm: 0.74 | dt: 3515.38ms | tok/sec: 149,141 | bf16_mfu: 36.55 | epoch: 1 pq: 15 rg: 59 | total time: 77.89m | eta: 69.4m
step 01338/02520 (53.10%) | loss: 2.967867 | lrm: 0.74 | dt: 3516.96ms | tok/sec: 149,074 | bf16_mfu: 36.53 | epoch: 1 pq: 15 rg: 60 | total time: 77.95m | eta: 69.4m
step 01339/02520 (53.13%) | loss: 2.979453 | lrm: 0.73 | dt: 3513.14ms | tok/sec: 149,236 | bf16_mfu: 36.57 | epoch: 1 pq: 15 rg: 61 | total time: 78.01m | eta: 69.3m
step 01340/02520 (53.17%) | loss: 2.973793 | lrm: 0.73 | dt: 3512.39ms | tok/sec: 149,267 | bf16_mfu: 36.58 | epoch: 1 pq: 15 rg: 62 | total time: 78.07m | eta: 69.3m
step 01341/02520 (53.21%) | loss: 2.965120 | lrm: 0.73 | dt: 3516.82ms | tok/sec: 149,080 | bf16_mfu: 36.53 | epoch: 1 pq: 15 rg: 63 | total time: 78.13m | eta: 69.2m
step 01342/02520 (53.25%) | loss: 2.974526 | lrm: 0.73 | dt: 3519.34ms | tok/sec: 148,973 | bf16_mfu: 36.51 | epoch: 1 pq: 15 rg: 64 | total time: 78.19m | eta: 69.1m
step 01343/02520 (53.29%) | loss: 2.989270 | lrm: 0.73 | dt: 3517.81ms | tok/sec: 149,038 | bf16_mfu: 36.52 | epoch: 1 pq: 15 rg: 65 | total time: 78.25m | eta: 69.1m
step 01344/02520 (53.33%) | loss: 3.012058 | lrm: 0.73 | dt: 3518.79ms | tok/sec: 148,996 | bf16_mfu: 36.51 | epoch: 1 pq: 15 rg: 66 | total time: 78.30m | eta: 69.0m
step 01345/02520 (53.37%) | loss: 3.001262 | lrm: 0.73 | dt: 3518.89ms | tok/sec: 148,992 | bf16_mfu: 36.51 | epoch: 1 pq: 15 rg: 67 | total time: 78.36m | eta: 69.0m
step 01346/02520 (53.41%) | loss: 2.998678 | lrm: 0.73 | dt: 3518.19ms | tok/sec: 149,022 | bf16_mfu: 36.52 | epoch: 1 pq: 15 rg: 68 | total time: 78.42m | eta: 68.9m
step 01347/02520 (53.45%) | loss: 3.008445 | lrm: 0.73 | dt: 3518.53ms | tok/sec: 149,007 | bf16_mfu: 36.52 | epoch: 1 pq: 15 rg: 69 | total time: 78.48m | eta: 68.9m
step 01348/02520 (53.49%) | loss: 3.016110 | lrm: 0.73 | dt: 3518.20ms | tok/sec: 149,021 | bf16_mfu: 36.52 | epoch: 1 pq: 15 rg: 70 | total time: 78.54m | eta: 68.8m
step 01349/02520 (53.53%) | loss: 3.023717 | lrm: 0.73 | dt: 3516.48ms | tok/sec: 149,094 | bf16_mfu: 36.54 | epoch: 1 pq: 15 rg: 71 | total time: 78.60m | eta: 68.7m
Step 01350 | Validation bpb: 0.937036
<|bos|>The capital of France is the capital of France. The capital of France is the capital of France. The
<|bos|>The chemical symbol of gold is derived from the Greek word for "gold," which means "gold." The word
<|bos|>If yesterday was Friday, then tomorrow will be Sunday. If today was Sunday, then tomorrow will be Sunday. If today was
<|bos|>The opposite of hot is the hot. The hot is the temperature of the water. The hot is the
<|bos|>The planets of the solar system are: Earth, Venus, Earth, Mars, Jupiter, Saturn, Uranus, Ne
<|bos|>My favorite color is blue. I love it so much that I can't even remember what it was
<|bos|>If 5*x + 3 = 13, then x is the number of points in the system. If 5*x + 3
2026-09-25 19:19:48,045 - nanochat.checkpoint_manager - [32m[1mINFO[0m - Saved model parameters to: /local/s3774740/d12/cache/base_checkpoints/d12v32768/model_001350.pt
2026-09-25 19:19:48,045 - nanochat.checkpoint_manager - [32m[1mINFO[0m - Saved metadata to: /local/s3774740/d12/cache/base_checkpoints/d12v32768/meta_001350.json
2026-09-25 19:19:48,851 - nanochat.checkpoint_manager - [32m[1mINFO[0m - Saved optimizer state to: /local/s3774740/d12/cache/base_checkpoints/d12v32768/optim_001350_rank0.pt
step 01350/02520 (53.57%) | loss: 3.010373 | lrm: 0.73 | dt: 3512.29ms | tok/sec: 149,272 | bf16_mfu: 36.58 | epoch: 1 pq: 15 rg: 72 | total time: 78.66m | eta: 68.7m
step 01351/02520 (53.61%) | loss: 3.004386 | lrm: 0.73 | dt: 3499.70ms | tok/sec: 149,809 | bf16_mfu: 36.71 | epoch: 1 pq: 15 rg: 73 | total time: 78.71m | eta: 68.6m
step 01352/02520 (53.65%) | loss: 2.988094 | lrm: 0.73 | dt: 3503.50ms | tok/sec: 149,646 | bf16_mfu: 36.67 | epoch: 1 pq: 15 rg: 74 | total time: 78.77m | eta: 68.6m
step 01353/02520 (53.69%) | loss: 2.995354 | lrm: 0.73 | dt: 3503.08ms | tok/sec: 149,664 | bf16_mfu: 36.68 | epoch: 1 pq: 15 rg: 75 | total time: 78.83m | eta: 68.5m
step 01354/02520 (53.73%) | loss: 2.999382 | lrm: 0.73 | dt: 3507.77ms | tok/sec: 149,464 | bf16_mfu: 36.63 | epoch: 1 pq: 15 rg: 76 | total time: 78.89m | eta: 68.4m
step 01355/02520 (53.77%) | loss: 3.002714 | lrm: 0.73 | dt: 3506.42ms | tok/sec: 149,522 | bf16_mfu: 36.64 | epoch: 1 pq: 15 rg: 77 | total time: 78.95m | eta: 68.4m
step 01356/02520 (53.81%) | loss: 2.982751 | lrm: 0.73 | dt: 3505.70ms | tok/sec: 149,553 | bf16_mfu: 36.65 | epoch: 1 pq: 15 rg: 78 | total time: 79.01m | eta: 68.3m
step 01357/02520 (53.85%) | loss: 2.985933 | lrm: 0.72 | dt: 3506.70ms | tok/sec: 149,510 | bf16_mfu: 36.64 | epoch: 1 pq: 15 rg: 79 | total time: 79.07m | eta: 68.3m
step 01358/02520 (53.89%) | loss: 2.983611 | lrm: 0.72 | dt: 3503.72ms | tok/sec: 149,637 | bf16_mfu: 36.67 | epoch: 1 pq: 15 rg: 80 | total time: 79.12m | eta: 68.2m
step 01359/02520 (53.93%) | loss: 2.983776 | lrm: 0.72 | dt: 3507.44ms | tok/sec: 149,478 | bf16_mfu: 36.63 | epoch: 1 pq: 15 rg: 81 | total time: 79.18m | eta: 68.1m
step 01360/02520 (53.97%) | loss: 2.978179 | lrm: 0.72 | dt: 3508.43ms | tok/sec: 149,436 | bf16_mfu: 36.62 | epoch: 1 pq: 15 rg: 82 | total time: 79.24m | eta: 68.1m
step 01361/02520 (54.01%) | loss: 2.993447 | lrm: 0.72 | dt: 3511.24ms | tok/sec: 149,317 | bf16_mfu: 36.59 | epoch: 1 pq: 16 rg: 0 | total time: 79.30m | eta: 68.0m
step 01362/02520 (54.05%) | loss: 2.999721 | lrm: 0.72 | dt: 3508.49ms | tok/sec: 149,434 | bf16_mfu: 36.62 | epoch: 1 pq: 16 rg: 1 | total time: 79.36m | eta: 68.0m
step 01363/02520 (54.09%) | loss: 3.006137 | lrm: 0.72 | dt: 3508.31ms | tok/sec: 149,441 | bf16_mfu: 36.62 | epoch: 1 pq: 16 rg: 2 | total time: 79.42m | eta: 67.9m
step 01364/02520 (54.13%) | loss: 2.998909 | lrm: 0.72 | dt: 3506.45ms | tok/sec: 149,521 | bf16_mfu: 36.64 | epoch: 1 pq: 16 rg: 3 | total time: 79.47m | eta: 67.9m
step 01365/02520 (54.17%) | loss: 2.998910 | lrm: 0.72 | dt: 3509.66ms | tok/sec: 149,384 | bf16_mfu: 36.61 | epoch: 1 pq: 16 rg: 4 | total time: 79.53m | eta: 67.8m
step 01366/02520 (54.21%) | loss: 2.991961 | lrm: 0.72 | dt: 3507.97ms | tok/sec: 149,456 | bf16_mfu: 36.62 | epoch: 1 pq: 16 rg: 5 | total time: 79.59m | eta: 67.7m
step 01367/02520 (54.25%) | loss: 2.982500 | lrm: 0.72 | dt: 3504.39ms | tok/sec: 149,609 | bf16_mfu: 36.66 | epoch: 1 pq: 16 rg: 6 | total time: 79.65m | eta: 67.7m
step 01368/02520 (54.29%) | loss: 2.986944 | lrm: 0.72 | dt: 3508.49ms | tok/sec: 149,434 | bf16_mfu: 36.62 | epoch: 1 pq: 16 rg: 7 | total time: 79.71m | eta: 67.6m
step 01369/02520 (54.33%) | loss: 2.991013 | lrm: 0.72 | dt: 3507.95ms | tok/sec: 149,456 | bf16_mfu: 36.63 | epoch: 1 pq: 16 rg: 8 | total time: 79.77m | eta: 67.6m
step 01370/02520 (54.37%) | loss: 3.030493 | lrm: 0.72 | dt: 3508.96ms | tok/sec: 149,414 | bf16_mfu: 36.61 | epoch: 1 pq: 16 rg: 8 | total time: 79.83m | eta: 67.5m
step 01371/02520 (54.40%) | loss: 3.038800 | lrm: 0.72 | dt: 3508.04ms | tok/sec: 149,453 | bf16_mfu: 36.62 | epoch: 1 pq: 16 rg: 9 | total time: 79.88m | eta: 67.4m
step 01372/02520 (54.44%) | loss: 3.052368 | lrm: 0.72 | dt: 3511.32ms | tok/sec: 149,313 | bf16_mfu: 36.59 | epoch: 1 pq: 16 rg: 10 | total time: 79.94m | eta: 67.4m
step 01373/02520 (54.48%) | loss: 3.053483 | lrm: 0.72 | dt: 3507.80ms | tok/sec: 149,463 | bf16_mfu: 36.63 | epoch: 1 pq: 16 rg: 11 | total time: 80.00m | eta: 67.3m
step 01374/02520 (54.52%) | loss: 3.041693 | lrm: 0.71 | dt: 3508.80ms | tok/sec: 149,421 | bf16_mfu: 36.62 | epoch: 1 pq: 16 rg: 12 | total time: 80.06m | eta: 67.3m
step 01375/02520 (54.56%) | loss: 3.033158 | lrm: 0.71 | dt: 3509.95ms | tok/sec: 149,371 | bf16_mfu: 36.60 | epoch: 1 pq: 16 rg: 13 | total time: 80.12m | eta: 67.2m
step 01376/02520 (54.60%) | loss: 3.028133 | lrm: 0.71 | dt: 3509.67ms | tok/sec: 149,383 | bf16_mfu: 36.61 | epoch: 1 pq: 16 rg: 14 | total time: 80.18m | eta: 67.1m
step 01377/02520 (54.64%) | loss: 3.028251 | lrm: 0.71 | dt: 3509.03ms | tok/sec: 149,410 | bf16_mfu: 36.61 | epoch: 1 pq: 16 rg: 15 | total time: 80.23m | eta: 67.1m
step 01378/02520 (54.68%) | loss: 3.036514 | lrm: 0.71 | dt: 3511.27ms | tok/sec: 149,315 | bf16_mfu: 36.59 | epoch: 1 pq: 16 rg: 16 | total time: 80.29m | eta: 67.0m
step 01379/02520 (54.72%) | loss: 3.030992 | lrm: 0.71 | dt: 3510.85ms | tok/sec: 149,333 | bf16_mfu: 36.59 | epoch: 1 pq: 16 rg: 17 | total time: 80.35m | eta: 67.0m
step 01380/02520 (54.76%) | loss: 3.011873 | lrm: 0.71 | dt: 3508.22ms | tok/sec: 149,445 | bf16_mfu: 36.62 | epoch: 1 pq: 16 rg: 18 | total time: 80.41m | eta: 66.9m
step 01381/02520 (54.80%) | loss: 2.998334 | lrm: 0.71 | dt: 3515.47ms | tok/sec: 149,137 | bf16_mfu: 36.55 | epoch: 1 pq: 16 rg: 19 | total time: 80.47m | eta: 66.9m
step 01382/02520 (54.84%) | loss: 2.981331 | lrm: 0.71 | dt: 3511.45ms | tok/sec: 149,308 | bf16_mfu: 36.59 | epoch: 1 pq: 16 rg: 20 | total time: 80.53m | eta: 66.8m
step 01383/02520 (54.88%) | loss: 2.982358 | lrm: 0.71 | dt: 3509.20ms | tok/sec: 149,403 | bf16_mfu: 36.61 | epoch: 1 pq: 16 rg: 21 | total time: 80.59m | eta: 66.7m
step 01384/02520 (54.92%) | loss: 2.983752 | lrm: 0.71 | dt: 3511.97ms | tok/sec: 149,286 | bf16_mfu: 36.58 | epoch: 1 pq: 16 rg: 22 | total time: 80.64m | eta: 66.7m
step 01385/02520 (54.96%) | loss: 2.987772 | lrm: 0.71 | dt: 3509.06ms | tok/sec: 149,409 | bf16_mfu: 36.61 | epoch: 1 pq: 16 rg: 23 | total time: 80.70m | eta: 66.6m
step 01386/02520 (55.00%) | loss: 2.986232 | lrm: 0.71 | dt: 3509.98ms | tok/sec: 149,370 | bf16_mfu: 36.60 | epoch: 1 pq: 16 rg: 24 | total time: 80.76m | eta: 66.6m
step 01387/02520 (55.04%) | loss: 2.975207 | lrm: 0.71 | dt: 3512.92ms | tok/sec: 149,245 | bf16_mfu: 36.57 | epoch: 1 pq: 16 rg: 25 | total time: 80.82m | eta: 66.5m
step 01388/02520 (55.08%) | loss: 2.974243 | lrm: 0.71 | dt: 3508.29ms | tok/sec: 149,442 | bf16_mfu: 36.62 | epoch: 1 pq: 16 rg: 26 | total time: 80.88m | eta: 66.4m
step 01389/02520 (55.12%) | loss: 2.977776 | lrm: 0.71 | dt: 3514.80ms | tok/sec: 149,165 | bf16_mfu: 36.55 | epoch: 1 pq: 16 rg: 27 | total time: 80.94m | eta: 66.4m
step 01390/02520 (55.16%) | loss: 2.973478 | lrm: 0.71 | dt: 3514.30ms | tok/sec: 149,187 | bf16_mfu: 36.56 | epoch: 1 pq: 16 rg: 28 | total time: 81.00m | eta: 66.3m
step 01391/02520 (55.20%) | loss: 2.944914 | lrm: 0.70 | dt: 3510.05ms | tok/sec: 149,367 | bf16_mfu: 36.60 | epoch: 1 pq: 16 rg: 29 | total time: 81.05m | eta: 66.3m
step 01392/02520 (55.24%) | loss: 2.948060 | lrm: 0.70 | dt: 3513.01ms | tok/sec: 149,241 | bf16_mfu: 36.57 | epoch: 1 pq: 16 rg: 30 | total time: 81.11m | eta: 66.2m
step 01393/02520 (55.28%) | loss: 2.959153 | lrm: 0.70 | dt: 3511.06ms | tok/sec: 149,324 | bf16_mfu: 36.59 | epoch: 1 pq: 16 rg: 31 | total time: 81.17m | eta: 66.1m
step 01394/02520 (55.32%) | loss: 2.957820 | lrm: 0.70 | dt: 3508.86ms | tok/sec: 149,418 | bf16_mfu: 36.62 | epoch: 1 pq: 16 rg: 32 | total time: 81.23m | eta: 66.1m
step 01395/02520 (55.36%) | loss: 2.951352 | lrm: 0.70 | dt: 3514.02ms | tok/sec: 149,198 | bf16_mfu: 36.56 | epoch: 1 pq: 16 rg: 33 | total time: 81.29m | eta: 66.0m
step 01396/02520 (55.40%) | loss: 2.939383 | lrm: 0.70 | dt: 3510.24ms | tok/sec: 149,359 | bf16_mfu: 36.60 | epoch: 1 pq: 16 rg: 34 | total time: 81.35m | eta: 66.0m
step 01397/02520 (55.44%) | loss: 2.929922 | lrm: 0.70 | dt: 3513.32ms | tok/sec: 149,228 | bf16_mfu: 36.57 | epoch: 1 pq: 16 rg: 35 | total time: 81.41m | eta: 65.9m
step 01398/02520 (55.48%) | loss: 2.940321 | lrm: 0.70 | dt: 3512.47ms | tok/sec: 149,264 | bf16_mfu: 36.58 | epoch: 1 pq: 16 rg: 36 | total time: 81.46m | eta: 65.9m
step 01399/02520 (55.52%) | loss: 2.947637 | lrm: 0.70 | dt: 3508.84ms | tok/sec: 149,419 | bf16_mfu: 36.62 | epoch: 1 pq: 16 rg: 37 | total time: 81.52m | eta: 65.8m
<|bos|>The capital of France is the capital of the French empire. The capital of France is the capital of the
<|bos|>The chemical symbol of gold is Au. The symbol for gold is Au. The symbol for gold is Au.
<|bos|>If yesterday was Friday, then tomorrow will be Sunday. If yesterday was Saturday, then tomorrow will be Sunday. If yesterday was
<|bos|>The opposite of hot is cold. The opposite of cold is hot. The opposite of hot is cold.
<|bos|>The planets of the solar system are: Earth, Mars, Venus, Earth, Mars, Jupiter, Saturn, Uranus
<|bos|>My favorite color is red. I love the red color because it is so cool and I love the
<|bos|>If 5*x + 3 = 13, then x is the number of times the number of times the number of times the number of times
step 01400/02520 (55.56%) | loss: 2.950429 | lrm: 0.70 | dt: 3507.74ms | tok/sec: 149,465 | bf16_mfu: 36.63 | epoch: 1 pq: 16 rg: 38 | total time: 81.58m | eta: 65.7m
step 01401/02520 (55.60%) | loss: 2.956420 | lrm: 0.70 | dt: 3510.08ms | tok/sec: 149,366 | bf16_mfu: 36.60 | epoch: 1 pq: 16 rg: 38 | total time: 81.64m | eta: 65.7m
step 01402/02520 (55.63%) | loss: 2.966711 | lrm: 0.70 | dt: 3510.46ms | tok/sec: 149,350 | bf16_mfu: 36.60 | epoch: 1 pq: 16 rg: 39 | total time: 81.70m | eta: 65.6m
step 01403/02520 (55.67%) | loss: 2.964194 | lrm: 0.70 | dt: 3509.24ms | tok/sec: 149,402 | bf16_mfu: 36.61 | epoch: 1 pq: 16 rg: 40 | total time: 81.76m | eta: 65.6m
step 01404/02520 (55.71%) | loss: 2.974712 | lrm: 0.70 | dt: 3508.63ms | tok/sec: 149,428 | bf16_mfu: 36.62 | epoch: 1 pq: 16 rg: 41 | total time: 81.81m | eta: 65.5m
step 01405/02520 (55.75%) | loss: 2.980615 | lrm: 0.70 | dt: 3511.47ms | tok/sec: 149,307 | bf16_mfu: 36.59 | epoch: 1 pq: 16 rg: 42 | total time: 81.87m | eta: 65.4m
step 01406/02520 (55.79%) | loss: 2.981312 | lrm: 0.70 | dt: 3514.69ms | tok/sec: 149,170 | bf16_mfu: 36.55 | epoch: 1 pq: 16 rg: 43 | total time: 81.93m | eta: 65.4m
step 01407/02520 (55.83%) | loss: 2.979819 | lrm: 0.70 | dt: 3513.35ms | tok/sec: 149,227 | bf16_mfu: 36.57 | epoch: 1 pq: 16 rg: 44 | total time: 81.99m | eta: 65.3m
step 01408/02520 (55.87%) | loss: 3.001009 | lrm: 0.69 | dt: 3508.55ms | tok/sec: 149,431 | bf16_mfu: 36.62 | epoch: 1 pq: 16 rg: 45 | total time: 82.05m | eta: 65.3m
step 01409/02520 (55.91%) | loss: 2.997316 | lrm: 0.69 | dt: 3511.70ms | tok/sec: 149,297 | bf16_mfu: 36.59 | epoch: 1 pq: 16 rg: 46 | total time: 82.11m | eta: 65.2m
step 01410/02520 (55.95%) | loss: 3.002341 | lrm: 0.69 | dt: 3512.38ms | tok/sec: 149,268 | bf16_mfu: 36.58 | epoch: 1 pq: 16 rg: 47 | total time: 82.17m | eta: 65.1m
step 01411/02520 (55.99%) | loss: 2.990480 | lrm: 0.69 | dt: 3511.56ms | tok/sec: 149,303 | bf16_mfu: 36.59 | epoch: 1 pq: 16 rg: 48 | total time: 82.22m | eta: 65.1m
step 01412/02520 (56.03%) | loss: 3.012368 | lrm: 0.69 | dt: 3508.51ms | tok/sec: 149,433 | bf16_mfu: 36.62 | epoch: 1 pq: 16 rg: 49 | total time: 82.28m | eta: 65.0m
step 01413/02520 (56.07%) | loss: 2.997091 | lrm: 0.69 | dt: 3506.64ms | tok/sec: 149,512 | bf16_mfu: 36.64 | epoch: 1 pq: 16 rg: 50 | total time: 82.34m | eta: 65.0m
step 01414/02520 (56.11%) | loss: 2.992874 | lrm: 0.69 | dt: 3511.36ms | tok/sec: 149,311 | bf16_mfu: 36.59 | epoch: 1 pq: 16 rg: 51 | total time: 82.40m | eta: 64.9m
step 01415/02520 (56.15%) | loss: 2.992139 | lrm: 0.69 | dt: 3509.16ms | tok/sec: 149,405 | bf16_mfu: 36.61 | epoch: 1 pq: 16 rg: 52 | total time: 82.46m | eta: 64.9m
step 01416/02520 (56.19%) | loss: 2.989548 | lrm: 0.69 | dt: 3508.97ms | tok/sec: 149,413 | bf16_mfu: 36.61 | epoch: 1 pq: 16 rg: 53 | total time: 82.52m | eta: 64.8m
step 01417/02520 (56.23%) | loss: 3.006023 | lrm: 0.69 | dt: 3514.86ms | tok/sec: 149,163 | bf16_mfu: 36.55 | epoch: 1 pq: 16 rg: 54 | total time: 82.58m | eta: 64.7m
step 01418/02520 (56.27%) | loss: 3.009553 | lrm: 0.69 | dt: 3507.11ms | tok/sec: 149,492 | bf16_mfu: 36.63 | epoch: 1 pq: 16 rg: 55 | total time: 82.63m | eta: 64.7m
step 01419/02520 (56.31%) | loss: 3.018728 | lrm: 0.69 | dt: 3507.12ms | tok/sec: 149,492 | bf16_mfu: 36.63 | epoch: 1 pq: 16 rg: 56 | total time: 82.69m | eta: 64.6m
step 01420/02520 (56.35%) | loss: 3.018328 | lrm: 0.69 | dt: 3508.26ms | tok/sec: 149,443 | bf16_mfu: 36.62 | epoch: 1 pq: 16 rg: 57 | total time: 82.75m | eta: 64.6m
step 01421/02520 (56.39%) | loss: 2.998558 | lrm: 0.69 | dt: 3510.38ms | tok/sec: 149,353 | bf16_mfu: 36.60 | epoch: 1 pq: 16 rg: 58 | total time: 82.81m | eta: 64.5m
step 01422/02520 (56.43%) | loss: 2.986641 | lrm: 0.69 | dt: 3509.00ms | tok/sec: 149,412 | bf16_mfu: 36.61 | epoch: 1 pq: 16 rg: 59 | total time: 82.87m | eta: 64.4m
step 01423/02520 (56.47%) | loss: 2.996659 | lrm: 0.69 | dt: 3511.99ms | tok/sec: 149,285 | bf16_mfu: 36.58 | epoch: 1 pq: 16 rg: 60 | total time: 82.93m | eta: 64.4m
step 01424/02520 (56.51%) | loss: 2.990449 | lrm: 0.69 | dt: 3507.76ms | tok/sec: 149,465 | bf16_mfu: 36.63 | epoch: 1 pq: 16 rg: 61 | total time: 82.98m | eta: 64.3m
step 01425/02520 (56.55%) | loss: 2.994470 | lrm: 0.69 | dt: 3509.94ms | tok/sec: 149,372 | bf16_mfu: 36.60 | epoch: 1 pq: 16 rg: 62 | total time: 83.04m | eta: 64.3m
step 01426/02520 (56.59%) | loss: 2.993763 | lrm: 0.68 | dt: 3507.35ms | tok/sec: 149,482 | bf16_mfu: 36.63 | epoch: 1 pq: 16 rg: 63 | total time: 83.10m | eta: 64.2m
step 01427/02520 (56.63%) | loss: 2.992011 | lrm: 0.68 | dt: 3510.30ms | tok/sec: 149,357 | bf16_mfu: 36.60 | epoch: 1 pq: 16 rg: 64 | total time: 83.16m | eta: 64.1m
step 01428/02520 (56.67%) | loss: 2.995368 | lrm: 0.68 | dt: 3506.96ms | tok/sec: 149,499 | bf16_mfu: 36.64 | epoch: 1 pq: 16 rg: 65 | total time: 83.22m | eta: 64.1m
step 01429/02520 (56.71%) | loss: 2.977422 | lrm: 0.68 | dt: 3508.20ms | tok/sec: 149,446 | bf16_mfu: 36.62 | epoch: 1 pq: 16 rg: 66 | total time: 83.28m | eta: 64.0m
step 01430/02520 (56.75%) | loss: 2.990813 | lrm: 0.68 | dt: 3508.30ms | tok/sec: 149,442 | bf16_mfu: 36.62 | epoch: 1 pq: 16 rg: 66 | total time: 83.34m | eta: 64.0m
step 01431/02520 (56.79%) | loss: 2.991299 | lrm: 0.68 | dt: 3511.66ms | tok/sec: 149,299 | bf16_mfu: 36.59 | epoch: 1 pq: 16 rg: 67 | total time: 83.39m | eta: 63.9m
step 01432/02520 (56.83%) | loss: 2.981757 | lrm: 0.68 | dt: 3507.74ms | tok/sec: 149,465 | bf16_mfu: 36.63 | epoch: 1 pq: 16 rg: 68 | total time: 83.45m | eta: 63.9m
step 01433/02520 (56.87%) | loss: 2.983444 | lrm: 0.68 | dt: 3511.60ms | tok/sec: 149,301 | bf16_mfu: 36.59 | epoch: 1 pq: 16 rg: 69 | total time: 83.51m | eta: 63.8m
step 01434/02520 (56.90%) | loss: 2.992403 | lrm: 0.68 | dt: 3506.73ms | tok/sec: 149,509 | bf16_mfu: 36.64 | epoch: 1 pq: 16 rg: 70 | total time: 83.57m | eta: 63.7m
step 01435/02520 (56.94%) | loss: 2.981903 | lrm: 0.68 | dt: 3511.44ms | tok/sec: 149,308 | bf16_mfu: 36.59 | epoch: 1 pq: 16 rg: 71 | total time: 83.63m | eta: 63.7m
step 01436/02520 (56.98%) | loss: 2.975889 | lrm: 0.68 | dt: 3507.23ms | tok/sec: 149,487 | bf16_mfu: 36.63 | epoch: 1 pq: 16 rg: 72 | total time: 83.69m | eta: 63.6m
step 01437/02520 (57.02%) | loss: 2.960729 | lrm: 0.68 | dt: 3509.48ms | tok/sec: 149,391 | bf16_mfu: 36.61 | epoch: 1 pq: 16 rg: 73 | total time: 83.74m | eta: 63.6m
step 01438/02520 (57.06%) | loss: 2.978241 | lrm: 0.68 | dt: 3507.87ms | tok/sec: 149,460 | bf16_mfu: 36.63 | epoch: 1 pq: 16 rg: 74 | total time: 83.80m | eta: 63.5m
step 01439/02520 (57.10%) | loss: 2.977482 | lrm: 0.68 | dt: 3510.52ms | tok/sec: 149,347 | bf16_mfu: 36.60 | epoch: 1 pq: 16 rg: 75 | total time: 83.86m | eta: 63.4m
step 01440/02520 (57.14%) | loss: 2.980424 | lrm: 0.68 | dt: 3506.50ms | tok/sec: 149,519 | bf16_mfu: 36.64 | epoch: 1 pq: 16 rg: 76 | total time: 83.92m | eta: 63.4m
step 01441/02520 (57.18%) | loss: 2.980564 | lrm: 0.68 | dt: 3508.75ms | tok/sec: 149,423 | bf16_mfu: 36.62 | epoch: 1 pq: 16 rg: 77 | total time: 83.98m | eta: 63.3m
step 01442/02520 (57.22%) | loss: 2.994612 | lrm: 0.68 | dt: 3507.65ms | tok/sec: 149,469 | bf16_mfu: 36.63 | epoch: 1 pq: 16 rg: 78 | total time: 84.04m | eta: 63.3m
step 01443/02520 (57.26%) | loss: 3.004475 | lrm: 0.67 | dt: 3514.37ms | tok/sec: 149,184 | bf16_mfu: 36.56 | epoch: 1 pq: 16 rg: 79 | total time: 84.10m | eta: 63.2m
step 01444/02520 (57.30%) | loss: 3.004145 | lrm: 0.67 | dt: 3509.85ms | tok/sec: 149,376 | bf16_mfu: 36.61 | epoch: 1 pq: 16 rg: 80 | total time: 84.15m | eta: 63.1m
step 01445/02520 (57.34%) | loss: 2.993155 | lrm: 0.67 | dt: 3508.85ms | tok/sec: 149,418 | bf16_mfu: 36.62 | epoch: 1 pq: 16 rg: 81 | total time: 84.21m | eta: 63.1m
step 01446/02520 (57.38%) | loss: 3.026577 | lrm: 0.67 | dt: 3510.18ms | tok/sec: 149,362 | bf16_mfu: 36.60 | epoch: 1 pq: 16 rg: 82 | total time: 84.27m | eta: 63.0m
step 01447/02520 (57.42%) | loss: 3.020394 | lrm: 0.67 | dt: 3508.48ms | tok/sec: 149,434 | bf16_mfu: 36.62 | epoch: 1 pq: 17 rg: 0 | total time: 84.33m | eta: 63.0m
step 01448/02520 (57.46%) | loss: 3.015907 | lrm: 0.67 | dt: 3509.07ms | tok/sec: 149,409 | bf16_mfu: 36.61 | epoch: 1 pq: 17 rg: 1 | total time: 84.39m | eta: 62.9m
step 01449/02520 (57.50%) | loss: 3.003843 | lrm: 0.67 | dt: 3509.70ms | tok/sec: 149,382 | bf16_mfu: 36.61 | epoch: 1 pq: 17 rg: 2 | total time: 84.45m | eta: 62.9m
<|bos|>The capital of France is the capital of the French Revolution. The capital of France is the capital of the
<|bos|>The chemical symbol of gold is Au. The symbol for gold is Au. The symbol for gold is Au.
<|bos|>If yesterday was Friday, then tomorrow will be Friday. If yesterday was Friday, then tomorrow will be Friday. If yesterday was
<|bos|>The opposite of hot is cold. The temperature of the air is 100 degrees. The temperature of
<|bos|>The planets of the solar system are: 1. The planets of the solar system are: 2. The planets
<|bos|>My favorite color is red. I like red because it is a color that is easy to work with
<|bos|>If 5*x + 3 = 13, then x is the same as 5*x + 3 = 13. If 
step 01450/02520 (57.54%) | loss: 2.992406 | lrm: 0.67 | dt: 3520.45ms | tok/sec: 148,926 | bf16_mfu: 36.50 | epoch: 1 pq: 17 rg: 3 | total time: 84.51m | eta: 62.8m
step 01451/02520 (57.58%) | loss: 2.988768 | lrm: 0.67 | dt: 3506.25ms | tok/sec: 149,529 | bf16_mfu: 36.64 | epoch: 1 pq: 17 rg: 4 | total time: 84.56m | eta: 62.7m
step 01452/02520 (57.62%) | loss: 3.006639 | lrm: 0.67 | dt: 3509.55ms | tok/sec: 149,389 | bf16_mfu: 36.61 | epoch: 1 pq: 17 rg: 5 | total time: 84.62m | eta: 62.7m
step 01453/02520 (57.66%) | loss: 3.011178 | lrm: 0.67 | dt: 3511.02ms | tok/sec: 149,326 | bf16_mfu: 36.59 | epoch: 1 pq: 17 rg: 6 | total time: 84.68m | eta: 62.6m
step 01454/02520 (57.70%) | loss: 2.996180 | lrm: 0.67 | dt: 3509.33ms | tok/sec: 149,398 | bf16_mfu: 36.61 | epoch: 1 pq: 17 rg: 6 | total time: 84.74m | eta: 62.6m
step 01455/02520 (57.74%) | loss: 2.994011 | lrm: 0.67 | dt: 3513.83ms | tok/sec: 149,206 | bf16_mfu: 36.56 | epoch: 1 pq: 17 rg: 7 | total time: 84.80m | eta: 62.5m
step 01456/02520 (57.78%) | loss: 2.994696 | lrm: 0.67 | dt: 3507.92ms | tok/sec: 149,458 | bf16_mfu: 36.63 | epoch: 1 pq: 17 rg: 8 | total time: 84.86m | eta: 62.4m
step 01457/02520 (57.82%) | loss: 3.005157 | lrm: 0.67 | dt: 3511.27ms | tok/sec: 149,315 | bf16_mfu: 36.59 | epoch: 1 pq: 17 rg: 9 | total time: 84.91m | eta: 62.4m
step 01458/02520 (57.86%) | loss: 3.004319 | lrm: 0.67 | dt: 3506.38ms | tok/sec: 149,523 | bf16_mfu: 36.64 | epoch: 1 pq: 17 rg: 10 | total time: 84.97m | eta: 62.3m
step 01459/02520 (57.90%) | loss: 3.007979 | lrm: 0.67 | dt: 3507.41ms | tok/sec: 149,479 | bf16_mfu: 36.63 | epoch: 1 pq: 17 rg: 11 | total time: 85.03m | eta: 62.3m
step 01460/02520 (57.94%) | loss: 2.991365 | lrm: 0.66 | dt: 3508.56ms | tok/sec: 149,430 | bf16_mfu: 36.62 | epoch: 1 pq: 17 rg: 12 | total time: 85.09m | eta: 62.2m
step 01461/02520 (57.98%) | loss: 2.982599 | lrm: 0.66 | dt: 3510.96ms | tok/sec: 149,328 | bf16_mfu: 36.59 | epoch: 1 pq: 17 rg: 13 | total time: 85.15m | eta: 62.1m
step 01462/02520 (58.02%) | loss: 2.979153 | lrm: 0.66 | dt: 3506.45ms | tok/sec: 149,520 | bf16_mfu: 36.64 | epoch: 1 pq: 17 rg: 14 | total time: 85.21m | eta: 62.1m
step 01463/02520 (58.06%) | loss: 2.992074 | lrm: 0.66 | dt: 3507.34ms | tok/sec: 149,482 | bf16_mfu: 36.63 | epoch: 1 pq: 17 rg: 15 | total time: 85.27m | eta: 62.0m
step 01464/02520 (58.10%) | loss: 3.008762 | lrm: 0.66 | dt: 3507.50ms | tok/sec: 149,476 | bf16_mfu: 36.63 | epoch: 1 pq: 17 rg: 16 | total time: 85.32m | eta: 62.0m
step 01465/02520 (58.13%) | loss: 2.993456 | lrm: 0.66 | dt: 3511.79ms | tok/sec: 149,293 | bf16_mfu: 36.59 | epoch: 1 pq: 17 rg: 17 | total time: 85.38m | eta: 61.9m
step 01466/02520 (58.17%) | loss: 3.000796 | lrm: 0.66 | dt: 3509.34ms | tok/sec: 149,397 | bf16_mfu: 36.61 | epoch: 1 pq: 17 rg: 18 | total time: 85.44m | eta: 61.9m
step 01467/02520 (58.21%) | loss: 3.004602 | lrm: 0.66 | dt: 3511.51ms | tok/sec: 149,305 | bf16_mfu: 36.59 | epoch: 1 pq: 17 rg: 19 | total time: 85.50m | eta: 61.8m
step 01468/02520 (58.25%) | loss: 3.000270 | lrm: 0.66 | dt: 3512.95ms | tok/sec: 149,244 | bf16_mfu: 36.57 | epoch: 1 pq: 17 rg: 20 | total time: 85.56m | eta: 61.7m
step 01469/02520 (58.29%) | loss: 2.971213 | lrm: 0.66 | dt: 3509.43ms | tok/sec: 149,394 | bf16_mfu: 36.61 | epoch: 1 pq: 17 rg: 21 | total time: 85.62m | eta: 61.7m
step 01470/02520 (58.33%) | loss: 2.978522 | lrm: 0.66 | dt: 3510.14ms | tok/sec: 149,363 | bf16_mfu: 36.60 | epoch: 1 pq: 17 rg: 22 | total time: 85.68m | eta: 61.6m
step 01471/02520 (58.37%) | loss: 2.973129 | lrm: 0.66 | dt: 3506.76ms | tok/sec: 149,507 | bf16_mfu: 36.64 | epoch: 1 pq: 17 rg: 23 | total time: 85.73m | eta: 61.6m
step 01472/02520 (58.41%) | loss: 2.962528 | lrm: 0.66 | dt: 3508.66ms | tok/sec: 149,426 | bf16_mfu: 36.62 | epoch: 1 pq: 17 rg: 24 | total time: 85.79m | eta: 61.5m
step 01473/02520 (58.45%) | loss: 2.967528 | lrm: 0.66 | dt: 3508.97ms | tok/sec: 149,413 | bf16_mfu: 36.61 | epoch: 1 pq: 17 rg: 25 | total time: 85.85m | eta: 61.4m
step 01474/02520 (58.49%) | loss: 2.960513 | lrm: 0.66 | dt: 3514.48ms | tok/sec: 149,179 | bf16_mfu: 36.56 | epoch: 1 pq: 17 rg: 26 | total time: 85.91m | eta: 61.4m
step 01475/02520 (58.53%) | loss: 2.942947 | lrm: 0.66 | dt: 3513.98ms | tok/sec: 149,200 | bf16_mfu: 36.56 | epoch: 1 pq: 17 rg: 27 | total time: 85.97m | eta: 61.3m
step 01476/02520 (58.57%) | loss: 2.957268 | lrm: 0.66 | dt: 3508.82ms | tok/sec: 149,420 | bf16_mfu: 36.62 | epoch: 1 pq: 17 rg: 28 | total time: 86.03m | eta: 61.3m
step 01477/02520 (58.61%) | loss: 2.941719 | lrm: 0.65 | dt: 3512.98ms | tok/sec: 149,243 | bf16_mfu: 36.57 | epoch: 1 pq: 17 rg: 29 | total time: 86.08m | eta: 61.2m
step 01478/02520 (58.65%) | loss: 2.951444 | lrm: 0.65 | dt: 3511.10ms | tok/sec: 149,322 | bf16_mfu: 36.59 | epoch: 1 pq: 17 rg: 30 | total time: 86.14m | eta: 61.1m
step 01479/02520 (58.69%) | loss: 2.939593 | lrm: 0.65 | dt: 3509.44ms | tok/sec: 149,393 | bf16_mfu: 36.61 | epoch: 1 pq: 17 rg: 31 | total time: 86.20m | eta: 61.1m
step 01480/02520 (58.73%) | loss: 2.936168 | lrm: 0.65 | dt: 3509.80ms | tok/sec: 149,378 | bf16_mfu: 36.61 | epoch: 1 pq: 17 rg: 32 | total time: 86.26m | eta: 61.0m
step 01481/02520 (58.77%) | loss: 2.954740 | lrm: 0.65 | dt: 3510.68ms | tok/sec: 149,340 | bf16_mfu: 36.60 | epoch: 1 pq: 17 rg: 33 | total time: 86.32m | eta: 61.0m
step 01482/02520 (58.81%) | loss: 2.968260 | lrm: 0.65 | dt: 3509.52ms | tok/sec: 149,390 | bf16_mfu: 36.61 | epoch: 1 pq: 17 rg: 34 | total time: 86.38m | eta: 60.9m
step 01483/02520 (58.85%) | loss: 2.959182 | lrm: 0.65 | dt: 3509.55ms | tok/sec: 149,389 | bf16_mfu: 36.61 | epoch: 1 pq: 17 rg: 35 | total time: 86.44m | eta: 60.9m
step 01484/02520 (58.89%) | loss: 2.974701 | lrm: 0.65 | dt: 3513.64ms | tok/sec: 149,215 | bf16_mfu: 36.57 | epoch: 1 pq: 17 rg: 36 | total time: 86.49m | eta: 60.8m
step 01485/02520 (58.93%) | loss: 2.990163 | lrm: 0.65 | dt: 3510.42ms | tok/sec: 149,351 | bf16_mfu: 36.60 | epoch: 1 pq: 17 rg: 37 | total time: 86.55m | eta: 60.7m
step 01486/02520 (58.97%) | loss: 3.010353 | lrm: 0.65 | dt: 3509.01ms | tok/sec: 149,411 | bf16_mfu: 36.61 | epoch: 1 pq: 17 rg: 38 | total time: 86.61m | eta: 60.7m
step 01487/02520 (59.01%) | loss: 2.994847 | lrm: 0.65 | dt: 3508.68ms | tok/sec: 149,425 | bf16_mfu: 36.62 | epoch: 1 pq: 17 rg: 39 | total time: 86.67m | eta: 60.6m
step 01488/02520 (59.05%) | loss: 2.987778 | lrm: 0.65 | dt: 3509.81ms | tok/sec: 149,377 | bf16_mfu: 36.61 | epoch: 1 pq: 17 rg: 39 | total time: 86.73m | eta: 60.6m
step 01489/02520 (59.09%) | loss: 2.989179 | lrm: 0.65 | dt: 3510.14ms | tok/sec: 149,363 | bf16_mfu: 36.60 | epoch: 1 pq: 17 rg: 40 | total time: 86.79m | eta: 60.5m
step 01490/02520 (59.13%) | loss: 2.999087 | lrm: 0.65 | dt: 3508.57ms | tok/sec: 149,430 | bf16_mfu: 36.62 | epoch: 1 pq: 17 rg: 41 | total time: 86.85m | eta: 60.4m
step 01491/02520 (59.17%) | loss: 3.007040 | lrm: 0.65 | dt: 3512.70ms | tok/sec: 149,254 | bf16_mfu: 36.58 | epoch: 1 pq: 17 rg: 42 | total time: 86.90m | eta: 60.4m
step 01492/02520 (59.21%) | loss: 3.006434 | lrm: 0.65 | dt: 3506.04ms | tok/sec: 149,538 | bf16_mfu: 36.65 | epoch: 1 pq: 17 rg: 43 | total time: 86.96m | eta: 60.3m
step 01493/02520 (59.25%) | loss: 2.996455 | lrm: 0.65 | dt: 3512.99ms | tok/sec: 149,242 | bf16_mfu: 36.57 | epoch: 1 pq: 17 rg: 44 | total time: 87.02m | eta: 60.3m
step 01494/02520 (59.29%) | loss: 2.990217 | lrm: 0.65 | dt: 3509.92ms | tok/sec: 149,373 | bf16_mfu: 36.60 | epoch: 1 pq: 17 rg: 45 | total time: 87.08m | eta: 60.2m
step 01495/02520 (59.33%) | loss: 2.983118 | lrm: 0.64 | dt: 3511.81ms | tok/sec: 149,292 | bf16_mfu: 36.58 | epoch: 1 pq: 17 rg: 46 | total time: 87.14m | eta: 60.1m
step 01496/02520 (59.37%) | loss: 2.977067 | lrm: 0.64 | dt: 3507.97ms | tok/sec: 149,456 | bf16_mfu: 36.62 | epoch: 1 pq: 17 rg: 47 | total time: 87.20m | eta: 60.1m
step 01497/02520 (59.40%) | loss: 2.977298 | lrm: 0.64 | dt: 3508.53ms | tok/sec: 149,432 | bf16_mfu: 36.62 | epoch: 1 pq: 17 rg: 48 | total time: 87.25m | eta: 60.0m
step 01498/02520 (59.44%) | loss: 2.982243 | lrm: 0.64 | dt: 3508.31ms | tok/sec: 149,441 | bf16_mfu: 36.62 | epoch: 1 pq: 17 rg: 49 | total time: 87.31m | eta: 60.0m
step 01499/02520 (59.48%) | loss: 2.986454 | lrm: 0.64 | dt: 3508.91ms | tok/sec: 149,416 | bf16_mfu: 36.62 | epoch: 1 pq: 17 rg: 50 | total time: 87.37m | eta: 59.9m
Step 01500 | Validation bpb: 0.924582
<|bos|>The capital of France is the capital of the country of France. The capital of France is the capital of
<|bos|>The chemical symbol of gold is Au. It is a soft, silvery-white metal with a silvery-white appearance.
<|bos|>If yesterday was Friday, then tomorrow will be Saturday. If today was Sunday, then tomorrow will be Sunday. If today was
<|bos|>The opposite of hot is cold. The opposite of hot is cold. The opposite of cold is cold.
<|bos|>The planets of the solar system are: Earth, Venus, Mars, Jupiter, Saturn, Uranus, Neptune
<|bos|>My favorite color is the blue. I love the blue and the blue. I love the blue and
<|bos|>If 5*x + 3 = 13, then x is 13. If 5*x + 3 = 13, then
2026-09-25 19:28:38,034 - nanochat.checkpoint_manager - [32m[1mINFO[0m - Saved model parameters to: /local/s3774740/d12/cache/base_checkpoints/d12v32768/model_001500.pt
2026-09-25 19:28:38,034 - nanochat.checkpoint_manager - [32m[1mINFO[0m - Saved metadata to: /local/s3774740/d12/cache/base_checkpoints/d12v32768/meta_001500.json
2026-09-25 19:28:38,811 - nanochat.checkpoint_manager - [32m[1mINFO[0m - Saved optimizer state to: /local/s3774740/d12/cache/base_checkpoints/d12v32768/optim_001500_rank0.pt
step 01500/02520 (59.52%) | loss: 2.983687 | lrm: 0.64 | dt: 3510.68ms | tok/sec: 149,341 | bf16_mfu: 36.60 | epoch: 1 pq: 17 rg: 51 | total time: 87.43m | eta: 59.9m
step 01501/02520 (59.56%) | loss: 2.991169 | lrm: 0.64 | dt: 3498.21ms | tok/sec: 149,873 | bf16_mfu: 36.73 | epoch: 1 pq: 17 rg: 52 | total time: 87.49m | eta: 59.8m
step 01502/02520 (59.60%) | loss: 2.983253 | lrm: 0.64 | dt: 3498.49ms | tok/sec: 149,861 | bf16_mfu: 36.72 | epoch: 1 pq: 17 rg: 53 | total time: 87.55m | eta: 59.7m
step 01503/02520 (59.64%) | loss: 2.995167 | lrm: 0.64 | dt: 3498.93ms | tok/sec: 149,842 | bf16_mfu: 36.72 | epoch: 1 pq: 17 rg: 54 | total time: 87.61m | eta: 59.7m
step 01504/02520 (59.68%) | loss: 2.968640 | lrm: 0.64 | dt: 3500.65ms | tok/sec: 149,768 | bf16_mfu: 36.70 | epoch: 1 pq: 17 rg: 55 | total time: 87.66m | eta: 59.6m
step 01505/02520 (59.72%) | loss: 2.971632 | lrm: 0.64 | dt: 3503.67ms | tok/sec: 149,639 | bf16_mfu: 36.67 | epoch: 1 pq: 17 rg: 56 | total time: 87.72m | eta: 59.6m
step 01506/02520 (59.76%) | loss: 2.980821 | lrm: 0.64 | dt: 3504.68ms | tok/sec: 149,596 | bf16_mfu: 36.66 | epoch: 1 pq: 17 rg: 57 | total time: 87.78m | eta: 59.5m
step 01507/02520 (59.80%) | loss: 2.995471 | lrm: 0.64 | dt: 3506.46ms | tok/sec: 149,520 | bf16_mfu: 36.64 | epoch: 1 pq: 17 rg: 58 | total time: 87.84m | eta: 59.4m
step 01508/02520 (59.84%) | loss: 2.989248 | lrm: 0.64 | dt: 3500.90ms | tok/sec: 149,758 | bf16_mfu: 36.70 | epoch: 1 pq: 17 rg: 59 | total time: 87.90m | eta: 59.4m
step 01509/02520 (59.88%) | loss: 2.995432 | lrm: 0.64 | dt: 3502.12ms | tok/sec: 149,705 | bf16_mfu: 36.69 | epoch: 1 pq: 17 rg: 60 | total time: 87.96m | eta: 59.3m
step 01510/02520 (59.92%) | loss: 3.000150 | lrm: 0.64 | dt: 3507.01ms | tok/sec: 149,497 | bf16_mfu: 36.63 | epoch: 1 pq: 17 rg: 61 | total time: 88.01m | eta: 59.3m
step 01511/02520 (59.96%) | loss: 2.992078 | lrm: 0.64 | dt: 3503.23ms | tok/sec: 149,658 | bf16_mfu: 36.67 | epoch: 1 pq: 17 rg: 62 | total time: 88.07m | eta: 59.2m
step 01512/02520 (60.00%) | loss: 3.007171 | lrm: 0.63 | dt: 3506.26ms | tok/sec: 149,529 | bf16_mfu: 36.64 | epoch: 1 pq: 17 rg: 63 | total time: 88.13m | eta: 59.1m
step 01513/02520 (60.04%) | loss: 3.015982 | lrm: 0.63 | dt: 3508.05ms | tok/sec: 149,452 | bf16_mfu: 36.62 | epoch: 1 pq: 17 rg: 64 | total time: 88.19m | eta: 59.1m
step 01514/02520 (60.08%) | loss: 3.012912 | lrm: 0.63 | dt: 3505.14ms | tok/sec: 149,577 | bf16_mfu: 36.65 | epoch: 1 pq: 17 rg: 65 | total time: 88.25m | eta: 59.0m
step 01515/02520 (60.12%) | loss: 3.010555 | lrm: 0.63 | dt: 3507.52ms | tok/sec: 149,475 | bf16_mfu: 36.63 | epoch: 1 pq: 17 rg: 66 | total time: 88.31m | eta: 59.0m
step 01516/02520 (60.16%) | loss: 3.002226 | lrm: 0.63 | dt: 3507.08ms | tok/sec: 149,494 | bf16_mfu: 36.63 | epoch: 1 pq: 17 rg: 67 | total time: 88.36m | eta: 58.9m
step 01517/02520 (60.20%) | loss: 3.000644 | lrm: 0.63 | dt: 3506.35ms | tok/sec: 149,525 | bf16_mfu: 36.64 | epoch: 1 pq: 17 rg: 68 | total time: 88.42m | eta: 58.9m
step 01518/02520 (60.24%) | loss: 2.990693 | lrm: 0.63 | dt: 3507.06ms | tok/sec: 149,495 | bf16_mfu: 36.63 | epoch: 1 pq: 17 rg: 68 | total time: 88.48m | eta: 58.8m
step 01519/02520 (60.28%) | loss: 2.988949 | lrm: 0.63 | dt: 3506.80ms | tok/sec: 149,506 | bf16_mfu: 36.64 | epoch: 1 pq: 17 rg: 69 | total time: 88.54m | eta: 58.7m
step 01520/02520 (60.32%) | loss: 2.986581 | lrm: 0.63 | dt: 3509.10ms | tok/sec: 149,408 | bf16_mfu: 36.61 | epoch: 1 pq: 17 rg: 70 | total time: 88.60m | eta: 58.7m
step 01521/02520 (60.36%) | loss: 2.989525 | lrm: 0.63 | dt: 3507.22ms | tok/sec: 149,488 | bf16_mfu: 36.63 | epoch: 1 pq: 17 rg: 71 | total time: 88.66m | eta: 58.6m
step 01522/02520 (60.40%) | loss: 2.991432 | lrm: 0.63 | dt: 3512.47ms | tok/sec: 149,264 | bf16_mfu: 36.58 | epoch: 1 pq: 17 rg: 72 | total time: 88.72m | eta: 58.6m
step 01523/02520 (60.44%) | loss: 2.995284 | lrm: 0.63 | dt: 3506.11ms | tok/sec: 149,535 | bf16_mfu: 36.64 | epoch: 1 pq: 17 rg: 73 | total time: 88.77m | eta: 58.5m
step 01524/02520 (60.48%) | loss: 2.990352 | lrm: 0.63 | dt: 3512.13ms | tok/sec: 149,279 | bf16_mfu: 36.58 | epoch: 1 pq: 17 rg: 74 | total time: 88.83m | eta: 58.4m
step 01525/02520 (60.52%) | loss: 2.992935 | lrm: 0.63 | dt: 3506.99ms | tok/sec: 149,497 | bf16_mfu: 36.64 | epoch: 1 pq: 17 rg: 75 | total time: 88.89m | eta: 58.4m
step 01526/02520 (60.56%) | loss: 2.993458 | lrm: 0.63 | dt: 3508.70ms | tok/sec: 149,424 | bf16_mfu: 36.62 | epoch: 1 pq: 17 rg: 76 | total time: 88.95m | eta: 58.3m
step 01527/02520 (60.60%) | loss: 2.982036 | lrm: 0.63 | dt: 3508.70ms | tok/sec: 149,425 | bf16_mfu: 36.62 | epoch: 1 pq: 17 rg: 77 | total time: 89.01m | eta: 58.3m
step 01528/02520 (60.63%) | loss: 2.976526 | lrm: 0.63 | dt: 3511.01ms | tok/sec: 149,326 | bf16_mfu: 36.59 | epoch: 1 pq: 17 rg: 78 | total time: 89.07m | eta: 58.2m
step 01529/02520 (60.67%) | loss: 2.981965 | lrm: 0.62 | dt: 3507.76ms | tok/sec: 149,465 | bf16_mfu: 36.63 | epoch: 1 pq: 17 rg: 79 | total time: 89.12m | eta: 58.1m
step 01530/02520 (60.71%) | loss: 2.995334 | lrm: 0.62 | dt: 3513.70ms | tok/sec: 149,212 | bf16_mfu: 36.57 | epoch: 1 pq: 17 rg: 80 | total time: 89.18m | eta: 58.1m
step 01531/02520 (60.75%) | loss: 3.000343 | lrm: 0.62 | dt: 3509.30ms | tok/sec: 149,399 | bf16_mfu: 36.61 | epoch: 1 pq: 17 rg: 81 | total time: 89.24m | eta: 58.0m
step 01532/02520 (60.79%) | loss: 2.977776 | lrm: 0.62 | dt: 3506.62ms | tok/sec: 149,513 | bf16_mfu: 36.64 | epoch: 1 pq: 17 rg: 82 | total time: 89.30m | eta: 58.0m
step 01533/02520 (60.83%) | loss: 2.984723 | lrm: 0.62 | dt: 3503.85ms | tok/sec: 149,631 | bf16_mfu: 36.67 | epoch: 1 pq: 18 rg: 0 | total time: 89.36m | eta: 57.9m
step 01534/02520 (60.87%) | loss: 2.986061 | lrm: 0.62 | dt: 3508.74ms | tok/sec: 149,423 | bf16_mfu: 36.62 | epoch: 1 pq: 18 rg: 1 | total time: 89.42m | eta: 57.9m
step 01535/02520 (60.91%) | loss: 2.989733 | lrm: 0.62 | dt: 3508.54ms | tok/sec: 149,431 | bf16_mfu: 36.62 | epoch: 1 pq: 18 rg: 2 | total time: 89.48m | eta: 57.8m
step 01536/02520 (60.95%) | loss: 2.978854 | lrm: 0.62 | dt: 3503.75ms | tok/sec: 149,636 | bf16_mfu: 36.67 | epoch: 1 pq: 18 rg: 3 | total time: 89.53m | eta: 57.7m
step 01537/02520 (60.99%) | loss: 2.969246 | lrm: 0.62 | dt: 3509.76ms | tok/sec: 149,379 | bf16_mfu: 36.61 | epoch: 1 pq: 18 rg: 4 | total time: 89.59m | eta: 57.7m
step 01538/02520 (61.03%) | loss: 2.988218 | lrm: 0.62 | dt: 3506.58ms | tok/sec: 149,515 | bf16_mfu: 36.64 | epoch: 1 pq: 18 rg: 5 | total time: 89.65m | eta: 57.6m
step 01539/02520 (61.07%) | loss: 2.986243 | lrm: 0.62 | dt: 3511.06ms | tok/sec: 149,324 | bf16_mfu: 36.59 | epoch: 1 pq: 18 rg: 6 | total time: 89.71m | eta: 57.6m
step 01540/02520 (61.11%) | loss: 2.977619 | lrm: 0.62 | dt: 3506.37ms | tok/sec: 149,524 | bf16_mfu: 36.64 | epoch: 1 pq: 18 rg: 7 | total time: 89.77m | eta: 57.5m
step 01541/02520 (61.15%) | loss: 2.979295 | lrm: 0.62 | dt: 3508.58ms | tok/sec: 149,430 | bf16_mfu: 36.62 | epoch: 1 pq: 18 rg: 8 | total time: 89.83m | eta: 57.4m
step 01542/02520 (61.19%) | loss: 2.977684 | lrm: 0.62 | dt: 3507.52ms | tok/sec: 149,475 | bf16_mfu: 36.63 | epoch: 1 pq: 18 rg: 9 | total time: 89.88m | eta: 57.4m
step 01543/02520 (61.23%) | loss: 2.969113 | lrm: 0.62 | dt: 3508.78ms | tok/sec: 149,421 | bf16_mfu: 36.62 | epoch: 1 pq: 18 rg: 10 | total time: 89.94m | eta: 57.3m
step 01544/02520 (61.27%) | loss: 2.953788 | lrm: 0.62 | dt: 3508.77ms | tok/sec: 149,422 | bf16_mfu: 36.62 | epoch: 1 pq: 18 rg: 10 | total time: 90.00m | eta: 57.3m
step 01545/02520 (61.31%) | loss: 2.943196 | lrm: 0.62 | dt: 3509.04ms | tok/sec: 149,410 | bf16_mfu: 36.61 | epoch: 1 pq: 18 rg: 11 | total time: 90.06m | eta: 57.2m
step 01546/02520 (61.35%) | loss: 2.937598 | lrm: 0.61 | dt: 3508.57ms | tok/sec: 149,430 | bf16_mfu: 36.62 | epoch: 1 pq: 18 rg: 12 | total time: 90.12m | eta: 57.1m
step 01547/02520 (61.39%) | loss: 2.941451 | lrm: 0.61 | dt: 3510.60ms | tok/sec: 149,344 | bf16_mfu: 36.60 | epoch: 1 pq: 18 rg: 13 | total time: 90.18m | eta: 57.1m
step 01548/02520 (61.43%) | loss: 2.936668 | lrm: 0.61 | dt: 3512.07ms | tok/sec: 149,281 | bf16_mfu: 36.58 | epoch: 1 pq: 18 rg: 14 | total time: 90.24m | eta: 57.0m
step 01549/02520 (61.47%) | loss: 2.942477 | lrm: 0.61 | dt: 3508.92ms | tok/sec: 149,415 | bf16_mfu: 36.61 | epoch: 1 pq: 18 rg: 15 | total time: 90.29m | eta: 57.0m
<|bos|>The capital of France is the capital of the world. The capital of France is the capital of the world
<|bos|>The chemical symbol of gold is Au. The chemical symbol of gold is Au. The chemical symbol of gold is
<|bos|>If yesterday was Friday, then tomorrow will be Friday. If today was Saturday, then tomorrow will be Saturday. If today was
<|bos|>The opposite of hot is cold. The opposite of hot is cold. The opposite of cold is cold.
<|bos|>The planets of the solar system are: Jupiter, Saturn, Uranus, Neptune, Neptune, Ne
<|bos|>My favorite color is red. I have a red color on my head and I have a red color
<|bos|>If 5*x + 3 = 13, then x is the number of digits in the number 13. If 5*x +
step 01550/02520 (61.51%) | loss: 2.929440 | lrm: 0.61 | dt: 3515.67ms | tok/sec: 149,128 | bf16_mfu: 36.54 | epoch: 1 pq: 18 rg: 16 | total time: 90.35m | eta: 56.9m
step 01551/02520 (61.55%) | loss: 2.927297 | lrm: 0.61 | dt: 3507.27ms | tok/sec: 149,486 | bf16_mfu: 36.63 | epoch: 1 pq: 18 rg: 17 | total time: 90.41m | eta: 56.9m
step 01552/02520 (61.59%) | loss: 2.930400 | lrm: 0.61 | dt: 3510.51ms | tok/sec: 149,348 | bf16_mfu: 36.60 | epoch: 1 pq: 18 rg: 18 | total time: 90.47m | eta: 56.8m
step 01553/02520 (61.63%) | loss: 2.924488 | lrm: 0.61 | dt: 3506.41ms | tok/sec: 149,522 | bf16_mfu: 36.64 | epoch: 1 pq: 18 rg: 19 | total time: 90.53m | eta: 56.7m
step 01554/02520 (61.67%) | loss: 2.931944 | lrm: 0.61 | dt: 3508.00ms | tok/sec: 149,454 | bf16_mfu: 36.62 | epoch: 1 pq: 18 rg: 20 | total time: 90.59m | eta: 56.7m
step 01555/02520 (61.71%) | loss: 2.932400 | lrm: 0.61 | dt: 3506.41ms | tok/sec: 149,522 | bf16_mfu: 36.64 | epoch: 1 pq: 18 rg: 21 | total time: 90.65m | eta: 56.6m
step 01556/02520 (61.75%) | loss: 2.921643 | lrm: 0.61 | dt: 3507.59ms | tok/sec: 149,472 | bf16_mfu: 36.63 | epoch: 1 pq: 18 rg: 22 | total time: 90.70m | eta: 56.6m
step 01557/02520 (61.79%) | loss: 2.929394 | lrm: 0.61 | dt: 3510.17ms | tok/sec: 149,362 | bf16_mfu: 36.60 | epoch: 1 pq: 18 rg: 23 | total time: 90.76m | eta: 56.5m
step 01558/02520 (61.83%) | loss: 2.937118 | lrm: 0.61 | dt: 3504.83ms | tok/sec: 149,590 | bf16_mfu: 36.66 | epoch: 1 pq: 18 rg: 24 | total time: 90.82m | eta: 56.4m
step 01559/02520 (61.87%) | loss: 2.940706 | lrm: 0.61 | dt: 3507.75ms | tok/sec: 149,465 | bf16_mfu: 36.63 | epoch: 1 pq: 18 rg: 25 | total time: 90.88m | eta: 56.4m
step 01560/02520 (61.90%) | loss: 2.929766 | lrm: 0.61 | dt: 3508.82ms | tok/sec: 149,420 | bf16_mfu: 36.62 | epoch: 1 pq: 18 rg: 26 | total time: 90.94m | eta: 56.3m
step 01561/02520 (61.94%) | loss: 2.939832 | lrm: 0.61 | dt: 3512.76ms | tok/sec: 149,252 | bf16_mfu: 36.57 | epoch: 1 pq: 18 rg: 27 | total time: 91.00m | eta: 56.3m
step 01562/02520 (61.98%) | loss: 2.939517 | lrm: 0.61 | dt: 3508.20ms | tok/sec: 149,446 | bf16_mfu: 36.62 | epoch: 1 pq: 18 rg: 28 | total time: 91.05m | eta: 56.2m
step 01563/02520 (62.02%) | loss: 2.939276 | lrm: 0.61 | dt: 3506.60ms | tok/sec: 149,514 | bf16_mfu: 36.64 | epoch: 1 pq: 18 rg: 29 | total time: 91.11m | eta: 56.1m
step 01564/02520 (62.06%) | loss: 2.944335 | lrm: 0.60 | dt: 3506.52ms | tok/sec: 149,518 | bf16_mfu: 36.64 | epoch: 1 pq: 18 rg: 30 | total time: 91.17m | eta: 56.1m
step 01565/02520 (62.10%) | loss: 2.948775 | lrm: 0.60 | dt: 3507.08ms | tok/sec: 149,494 | bf16_mfu: 36.63 | epoch: 1 pq: 18 rg: 31 | total time: 91.23m | eta: 56.0m
step 01566/02520 (62.14%) | loss: 2.957023 | lrm: 0.60 | dt: 3507.10ms | tok/sec: 149,493 | bf16_mfu: 36.63 | epoch: 1 pq: 18 rg: 32 | total time: 91.29m | eta: 56.0m
step 01567/02520 (62.18%) | loss: 2.960268 | lrm: 0.60 | dt: 3506.44ms | tok/sec: 149,521 | bf16_mfu: 36.64 | epoch: 1 pq: 18 rg: 33 | total time: 91.35m | eta: 55.9m
step 01568/02520 (62.22%) | loss: 2.947506 | lrm: 0.60 | dt: 3507.25ms | tok/sec: 149,486 | bf16_mfu: 36.63 | epoch: 1 pq: 18 rg: 34 | total time: 91.41m | eta: 55.9m
step 01569/02520 (62.26%) | loss: 2.955932 | lrm: 0.60 | dt: 3506.53ms | tok/sec: 149,517 | bf16_mfu: 36.64 | epoch: 1 pq: 18 rg: 35 | total time: 91.46m | eta: 55.8m
step 01570/02520 (62.30%) | loss: 2.945081 | lrm: 0.60 | dt: 3511.42ms | tok/sec: 149,309 | bf16_mfu: 36.59 | epoch: 1 pq: 18 rg: 36 | total time: 91.52m | eta: 55.7m
step 01571/02520 (62.34%) | loss: 2.951536 | lrm: 0.60 | dt: 3506.01ms | tok/sec: 149,539 | bf16_mfu: 36.65 | epoch: 1 pq: 18 rg: 37 | total time: 91.58m | eta: 55.7m
step 01572/02520 (62.38%) | loss: 2.955902 | lrm: 0.60 | dt: 3510.57ms | tok/sec: 149,345 | bf16_mfu: 36.60 | epoch: 1 pq: 18 rg: 38 | total time: 91.64m | eta: 55.6m
step 01573/02520 (62.42%) | loss: 2.937238 | lrm: 0.60 | dt: 3506.08ms | tok/sec: 149,536 | bf16_mfu: 36.64 | epoch: 1 pq: 18 rg: 39 | total time: 91.70m | eta: 55.6m
step 01574/02520 (62.46%) | loss: 2.939080 | lrm: 0.60 | dt: 3504.69ms | tok/sec: 149,596 | bf16_mfu: 36.66 | epoch: 1 pq: 18 rg: 40 | total time: 91.76m | eta: 55.5m
step 01575/02520 (62.50%) | loss: 2.942671 | lrm: 0.60 | dt: 3508.29ms | tok/sec: 149,442 | bf16_mfu: 36.62 | epoch: 1 pq: 18 rg: 41 | total time: 91.81m | eta: 55.4m
step 01576/02520 (62.54%) | loss: 2.934627 | lrm: 0.60 | dt: 3509.44ms | tok/sec: 149,393 | bf16_mfu: 36.61 | epoch: 1 pq: 18 rg: 42 | total time: 91.87m | eta: 55.4m
step 01577/02520 (62.58%) | loss: 2.926541 | lrm: 0.60 | dt: 3510.11ms | tok/sec: 149,365 | bf16_mfu: 36.60 | epoch: 1 pq: 18 rg: 43 | total time: 91.93m | eta: 55.3m
step 01578/02520 (62.62%) | loss: 2.917004 | lrm: 0.60 | dt: 3506.08ms | tok/sec: 149,536 | bf16_mfu: 36.64 | epoch: 1 pq: 18 rg: 44 | total time: 91.99m | eta: 55.3m
step 01579/02520 (62.66%) | loss: 2.911258 | lrm: 0.60 | dt: 3508.19ms | tok/sec: 149,446 | bf16_mfu: 36.62 | epoch: 1 pq: 18 rg: 44 | total time: 92.05m | eta: 55.2m
step 01580/02520 (62.70%) | loss: 2.916074 | lrm: 0.60 | dt: 3507.96ms | tok/sec: 149,456 | bf16_mfu: 36.63 | epoch: 1 pq: 18 rg: 45 | total time: 92.11m | eta: 55.1m
step 01581/02520 (62.74%) | loss: 2.938367 | lrm: 0.59 | dt: 3508.48ms | tok/sec: 149,434 | bf16_mfu: 36.62 | epoch: 1 pq: 18 rg: 46 | total time: 92.17m | eta: 55.1m
step 01582/02520 (62.78%) | loss: 2.934895 | lrm: 0.59 | dt: 3506.79ms | tok/sec: 149,506 | bf16_mfu: 36.64 | epoch: 1 pq: 18 rg: 47 | total time: 92.22m | eta: 55.0m
step 01583/02520 (62.82%) | loss: 2.928648 | lrm: 0.59 | dt: 3509.48ms | tok/sec: 149,391 | bf16_mfu: 36.61 | epoch: 1 pq: 18 rg: 48 | total time: 92.28m | eta: 55.0m
step 01584/02520 (62.86%) | loss: 2.928638 | lrm: 0.59 | dt: 3508.52ms | tok/sec: 149,432 | bf16_mfu: 36.62 | epoch: 1 pq: 18 rg: 49 | total time: 92.34m | eta: 54.9m
step 01585/02520 (62.90%) | loss: 2.935673 | lrm: 0.59 | dt: 3510.73ms | tok/sec: 149,338 | bf16_mfu: 36.60 | epoch: 1 pq: 18 rg: 50 | total time: 92.40m | eta: 54.9m
step 01586/02520 (62.94%) | loss: 2.947885 | lrm: 0.59 | dt: 3507.96ms | tok/sec: 149,456 | bf16_mfu: 36.63 | epoch: 1 pq: 18 rg: 51 | total time: 92.46m | eta: 54.8m
step 01587/02520 (62.98%) | loss: 2.972462 | lrm: 0.59 | dt: 3509.44ms | tok/sec: 149,393 | bf16_mfu: 36.61 | epoch: 1 pq: 18 rg: 52 | total time: 92.52m | eta: 54.7m
step 01588/02520 (63.02%) | loss: 2.976263 | lrm: 0.59 | dt: 3505.34ms | tok/sec: 149,568 | bf16_mfu: 36.65 | epoch: 1 pq: 18 rg: 53 | total time: 92.57m | eta: 54.7m
step 01589/02520 (63.06%) | loss: 2.966257 | lrm: 0.59 | dt: 3509.31ms | tok/sec: 149,399 | bf16_mfu: 36.61 | epoch: 1 pq: 18 rg: 54 | total time: 92.63m | eta: 54.6m
step 01590/02520 (63.10%) | loss: 2.975364 | lrm: 0.59 | dt: 3507.84ms | tok/sec: 149,461 | bf16_mfu: 36.63 | epoch: 1 pq: 18 rg: 55 | total time: 92.69m | eta: 54.6m
step 01591/02520 (63.13%) | loss: 2.961964 | lrm: 0.59 | dt: 3504.78ms | tok/sec: 149,592 | bf16_mfu: 36.66 | epoch: 1 pq: 18 rg: 56 | total time: 92.75m | eta: 54.5m
step 01592/02520 (63.17%) | loss: 2.951437 | lrm: 0.59 | dt: 3506.75ms | tok/sec: 149,508 | bf16_mfu: 36.64 | epoch: 1 pq: 18 rg: 57 | total time: 92.81m | eta: 54.4m
step 01593/02520 (63.21%) | loss: 2.958366 | lrm: 0.59 | dt: 3505.91ms | tok/sec: 149,543 | bf16_mfu: 36.65 | epoch: 1 pq: 18 rg: 58 | total time: 92.87m | eta: 54.4m
step 01594/02520 (63.25%) | loss: 2.951769 | lrm: 0.59 | dt: 3505.78ms | tok/sec: 149,549 | bf16_mfu: 36.65 | epoch: 1 pq: 18 rg: 59 | total time: 92.93m | eta: 54.3m
step 01595/02520 (63.29%) | loss: 2.940294 | lrm: 0.59 | dt: 3506.96ms | tok/sec: 149,499 | bf16_mfu: 36.64 | epoch: 1 pq: 18 rg: 60 | total time: 92.98m | eta: 54.3m
step 01596/02520 (63.33%) | loss: 2.932855 | lrm: 0.59 | dt: 3506.87ms | tok/sec: 149,503 | bf16_mfu: 36.64 | epoch: 1 pq: 18 rg: 61 | total time: 93.04m | eta: 54.2m
step 01597/02520 (63.37%) | loss: 2.912770 | lrm: 0.59 | dt: 3507.00ms | tok/sec: 149,497 | bf16_mfu: 36.64 | epoch: 1 pq: 18 rg: 62 | total time: 93.10m | eta: 54.1m
step 01598/02520 (63.41%) | loss: 2.901003 | lrm: 0.58 | dt: 3507.32ms | tok/sec: 149,483 | bf16_mfu: 36.63 | epoch: 1 pq: 18 rg: 63 | total time: 93.16m | eta: 54.1m
step 01599/02520 (63.45%) | loss: 2.893998 | lrm: 0.58 | dt: 3508.03ms | tok/sec: 149,453 | bf16_mfu: 36.62 | epoch: 1 pq: 18 rg: 64 | total time: 93.22m | eta: 54.0m
<|bos|>The capital of France is the capital of the French Revolution. The capital of France is the capital of the
<|bos|>The chemical symbol of gold is Au. The chemical symbol of gold is Au. The chemical symbol of gold is
<|bos|>If yesterday was Friday, then tomorrow will be Friday. If yesterday was Friday, then tomorrow will be Friday. If yesterday was
<|bos|>The opposite of hot is cold. The opposite of hot is cold. The opposite of hot is cold.
<|bos|>The planets of the solar system are: 1. Earth 2. Sun 3. Moon 4. Mars
<|bos|>My favorite color is red. I've been using red for years, and I've been using it
<|bos|>If 5*x + 3 = 13, then x is the number of times the number of times the number of times the number of times
step 01600/02520 (63.49%) | loss: 2.893991 | lrm: 0.58 | dt: 3508.21ms | tok/sec: 149,446 | bf16_mfu: 36.62 | epoch: 1 pq: 18 rg: 65 | total time: 93.28m | eta: 54.0m
step 01601/02520 (63.53%) | loss: 2.905525 | lrm: 0.58 | dt: 3505.24ms | tok/sec: 149,572 | bf16_mfu: 36.65 | epoch: 1 pq: 18 rg: 66 | total time: 93.33m | eta: 53.9m
step 01602/02520 (63.57%) | loss: 2.900922 | lrm: 0.58 | dt: 3506.74ms | tok/sec: 149,508 | bf16_mfu: 36.64 | epoch: 1 pq: 18 rg: 67 | total time: 93.39m | eta: 53.9m
step 01603/02520 (63.61%) | loss: 2.906771 | lrm: 0.58 | dt: 3506.10ms | tok/sec: 149,535 | bf16_mfu: 36.64 | epoch: 1 pq: 18 rg: 68 | total time: 93.45m | eta: 53.8m
step 01604/02520 (63.65%) | loss: 2.913977 | lrm: 0.58 | dt: 3504.98ms | tok/sec: 149,583 | bf16_mfu: 36.66 | epoch: 1 pq: 18 rg: 69 | total time: 93.51m | eta: 53.7m
step 01605/02520 (63.69%) | loss: 2.910149 | lrm: 0.58 | dt: 3509.88ms | tok/sec: 149,374 | bf16_mfu: 36.61 | epoch: 1 pq: 18 rg: 70 | total time: 93.57m | eta: 53.7m
step 01606/02520 (63.73%) | loss: 2.901823 | lrm: 0.58 | dt: 3505.00ms | tok/sec: 149,582 | bf16_mfu: 36.66 | epoch: 1 pq: 18 rg: 71 | total time: 93.63m | eta: 53.6m
step 01607/02520 (63.77%) | loss: 2.910033 | lrm: 0.58 | dt: 3506.72ms | tok/sec: 149,509 | bf16_mfu: 36.64 | epoch: 1 pq: 18 rg: 72 | total time: 93.69m | eta: 53.6m
step 01608/02520 (63.81%) | loss: 2.904393 | lrm: 0.58 | dt: 3506.26ms | tok/sec: 149,529 | bf16_mfu: 36.64 | epoch: 1 pq: 18 rg: 73 | total time: 93.74m | eta: 53.5m
step 01609/02520 (63.85%) | loss: 2.913313 | lrm: 0.58 | dt: 3510.03ms | tok/sec: 149,368 | bf16_mfu: 36.60 | epoch: 1 pq: 18 rg: 74 | total time: 93.80m | eta: 53.4m
step 01610/02520 (63.89%) | loss: 2.927819 | lrm: 0.58 | dt: 3505.19ms | tok/sec: 149,574 | bf16_mfu: 36.65 | epoch: 1 pq: 18 rg: 75 | total time: 93.86m | eta: 53.4m
step 01611/02520 (63.93%) | loss: 2.924573 | lrm: 0.58 | dt: 3505.83ms | tok/sec: 149,547 | bf16_mfu: 36.65 | epoch: 1 pq: 18 rg: 76 | total time: 93.92m | eta: 53.3m
step 01612/02520 (63.97%) | loss: 2.919751 | lrm: 0.58 | dt: 3507.71ms | tok/sec: 149,467 | bf16_mfu: 36.63 | epoch: 1 pq: 18 rg: 77 | total time: 93.98m | eta: 53.3m
step 01613/02520 (64.01%) | loss: 2.910309 | lrm: 0.58 | dt: 3507.96ms | tok/sec: 149,456 | bf16_mfu: 36.63 | epoch: 1 pq: 18 rg: 78 | total time: 94.04m | eta: 53.2m
step 01614/02520 (64.05%) | loss: 2.901096 | lrm: 0.58 | dt: 3511.33ms | tok/sec: 149,313 | bf16_mfu: 36.59 | epoch: 1 pq: 18 rg: 79 | total time: 94.09m | eta: 53.1m
step 01615/02520 (64.09%) | loss: 2.878158 | lrm: 0.57 | dt: 3508.16ms | tok/sec: 149,448 | bf16_mfu: 36.62 | epoch: 1 pq: 18 rg: 80 | total time: 94.15m | eta: 53.1m
step 01616/02520 (64.13%) | loss: 2.887204 | lrm: 0.57 | dt: 3504.98ms | tok/sec: 149,583 | bf16_mfu: 36.66 | epoch: 1 pq: 18 rg: 80 | total time: 94.21m | eta: 53.0m
step 01617/02520 (64.17%) | loss: 2.899357 | lrm: 0.57 | dt: 3503.67ms | tok/sec: 149,639 | bf16_mfu: 36.67 | epoch: 1 pq: 18 rg: 81 | total time: 94.27m | eta: 53.0m
step 01618/02520 (64.21%) | loss: 2.934443 | lrm: 0.57 | dt: 3507.17ms | tok/sec: 149,490 | bf16_mfu: 36.63 | epoch: 1 pq: 18 rg: 82 | total time: 94.33m | eta: 52.9m
step 01619/02520 (64.25%) | loss: 2.948912 | lrm: 0.57 | dt: 3505.93ms | tok/sec: 149,542 | bf16_mfu: 36.65 | epoch: 1 pq: 19 rg: 0 | total time: 94.39m | eta: 52.9m
step 01620/02520 (64.29%) | loss: 2.947600 | lrm: 0.57 | dt: 3508.68ms | tok/sec: 149,426 | bf16_mfu: 36.62 | epoch: 1 pq: 19 rg: 1 | total time: 94.45m | eta: 52.8m
step 01621/02520 (64.33%) | loss: 2.947957 | lrm: 0.57 | dt: 3506.05ms | tok/sec: 149,538 | bf16_mfu: 36.64 | epoch: 1 pq: 19 rg: 2 | total time: 94.50m | eta: 52.7m
step 01622/02520 (64.37%) | loss: 2.942955 | lrm: 0.57 | dt: 3508.19ms | tok/sec: 149,446 | bf16_mfu: 36.62 | epoch: 1 pq: 19 rg: 3 | total time: 94.56m | eta: 52.7m
step 01623/02520 (64.40%) | loss: 2.933629 | lrm: 0.57 | dt: 3506.87ms | tok/sec: 149,503 | bf16_mfu: 36.64 | epoch: 1 pq: 19 rg: 4 | total time: 94.62m | eta: 52.6m
step 01624/02520 (64.44%) | loss: 2.934079 | lrm: 0.57 | dt: 3506.63ms | tok/sec: 149,513 | bf16_mfu: 36.64 | epoch: 1 pq: 19 rg: 5 | total time: 94.68m | eta: 52.6m
step 01625/02520 (64.48%) | loss: 2.926210 | lrm: 0.57 | dt: 3507.34ms | tok/sec: 149,482 | bf16_mfu: 36.63 | epoch: 1 pq: 19 rg: 6 | total time: 94.74m | eta: 52.5m
step 01626/02520 (64.52%) | loss: 2.925999 | lrm: 0.57 | dt: 3507.21ms | tok/sec: 149,488 | bf16_mfu: 36.63 | epoch: 1 pq: 19 rg: 7 | total time: 94.80m | eta: 52.4m
step 01627/02520 (64.56%) | loss: 2.944695 | lrm: 0.57 | dt: 3508.12ms | tok/sec: 149,449 | bf16_mfu: 36.62 | epoch: 1 pq: 19 rg: 8 | total time: 94.85m | eta: 52.4m
step 01628/02520 (64.60%) | loss: 2.970968 | lrm: 0.57 | dt: 3505.75ms | tok/sec: 149,550 | bf16_mfu: 36.65 | epoch: 1 pq: 19 rg: 9 | total time: 94.91m | eta: 52.3m
step 01629/02520 (64.64%) | loss: 2.963443 | lrm: 0.57 | dt: 3511.21ms | tok/sec: 149,318 | bf16_mfu: 36.59 | epoch: 1 pq: 19 rg: 10 | total time: 94.97m | eta: 52.3m
step 01630/02520 (64.68%) | loss: 2.953792 | lrm: 0.57 | dt: 3507.51ms | tok/sec: 149,475 | bf16_mfu: 36.63 | epoch: 1 pq: 19 rg: 11 | total time: 95.03m | eta: 52.2m
step 01631/02520 (64.72%) | loss: 2.978179 | lrm: 0.57 | dt: 3509.77ms | tok/sec: 149,379 | bf16_mfu: 36.61 | epoch: 1 pq: 19 rg: 12 | total time: 95.09m | eta: 52.1m
step 01632/02520 (64.76%) | loss: 2.980314 | lrm: 0.57 | dt: 3512.13ms | tok/sec: 149,279 | bf16_mfu: 36.58 | epoch: 1 pq: 19 rg: 13 | total time: 95.15m | eta: 52.1m
step 01633/02520 (64.80%) | loss: 2.958033 | lrm: 0.56 | dt: 3512.61ms | tok/sec: 149,258 | bf16_mfu: 36.58 | epoch: 1 pq: 19 rg: 14 | total time: 95.21m | eta: 52.0m
step 01634/02520 (64.84%) | loss: 2.943682 | lrm: 0.56 | dt: 3515.19ms | tok/sec: 149,149 | bf16_mfu: 36.55 | epoch: 1 pq: 19 rg: 15 | total time: 95.26m | eta: 52.0m
step 01635/02520 (64.88%) | loss: 2.945448 | lrm: 0.56 | dt: 3513.80ms | tok/sec: 149,208 | bf16_mfu: 36.56 | epoch: 1 pq: 19 rg: 16 | total time: 95.32m | eta: 51.9m
step 01636/02520 (64.92%) | loss: 2.944551 | lrm: 0.56 | dt: 3508.88ms | tok/sec: 149,417 | bf16_mfu: 36.62 | epoch: 1 pq: 19 rg: 17 | total time: 95.38m | eta: 51.9m
step 01637/02520 (64.96%) | loss: 2.935456 | lrm: 0.56 | dt: 3510.34ms | tok/sec: 149,355 | bf16_mfu: 36.60 | epoch: 1 pq: 19 rg: 18 | total time: 95.44m | eta: 51.8m
step 01638/02520 (65.00%) | loss: 2.947810 | lrm: 0.56 | dt: 3509.48ms | tok/sec: 149,391 | bf16_mfu: 36.61 | epoch: 1 pq: 19 rg: 19 | total time: 95.50m | eta: 51.7m
step 01639/02520 (65.04%) | loss: 2.939368 | lrm: 0.56 | dt: 3510.58ms | tok/sec: 149,345 | bf16_mfu: 36.60 | epoch: 1 pq: 19 rg: 20 | total time: 95.56m | eta: 51.7m
step 01640/02520 (65.08%) | loss: 2.931850 | lrm: 0.56 | dt: 3507.00ms | tok/sec: 149,497 | bf16_mfu: 36.64 | epoch: 1 pq: 19 rg: 21 | total time: 95.61m | eta: 51.6m
step 01641/02520 (65.12%) | loss: 2.922816 | lrm: 0.56 | dt: 3506.21ms | tok/sec: 149,531 | bf16_mfu: 36.64 | epoch: 1 pq: 19 rg: 22 | total time: 95.67m | eta: 51.6m
step 01642/02520 (65.16%) | loss: 2.924388 | lrm: 0.56 | dt: 3508.68ms | tok/sec: 149,426 | bf16_mfu: 36.62 | epoch: 1 pq: 19 rg: 23 | total time: 95.73m | eta: 51.5m
step 01643/02520 (65.20%) | loss: 2.929256 | lrm: 0.56 | dt: 3511.70ms | tok/sec: 149,297 | bf16_mfu: 36.59 | epoch: 1 pq: 19 rg: 24 | total time: 95.79m | eta: 51.4m
step 01644/02520 (65.24%) | loss: 2.928042 | lrm: 0.56 | dt: 3509.10ms | tok/sec: 149,408 | bf16_mfu: 36.61 | epoch: 1 pq: 19 rg: 25 | total time: 95.85m | eta: 51.4m
step 01645/02520 (65.28%) | loss: 2.930877 | lrm: 0.56 | dt: 3511.54ms | tok/sec: 149,304 | bf16_mfu: 36.59 | epoch: 1 pq: 19 rg: 26 | total time: 95.91m | eta: 51.3m
step 01646/02520 (65.32%) | loss: 2.923562 | lrm: 0.56 | dt: 3507.62ms | tok/sec: 149,471 | bf16_mfu: 36.63 | epoch: 1 pq: 19 rg: 27 | total time: 95.97m | eta: 51.3m
step 01647/02520 (65.36%) | loss: 2.938442 | lrm: 0.56 | dt: 3511.00ms | tok/sec: 149,327 | bf16_mfu: 36.59 | epoch: 1 pq: 19 rg: 28 | total time: 96.02m | eta: 51.2m
step 01648/02520 (65.40%) | loss: 2.940329 | lrm: 0.56 | dt: 3513.28ms | tok/sec: 149,230 | bf16_mfu: 36.57 | epoch: 1 pq: 19 rg: 29 | total time: 96.08m | eta: 51.2m
step 01649/02520 (65.44%) | loss: 2.926207 | lrm: 0.56 | dt: 3510.39ms | tok/sec: 149,353 | bf16_mfu: 36.60 | epoch: 1 pq: 19 rg: 30 | total time: 96.14m | eta: 51.1m
Step 01650 | Validation bpb: 0.914246
<|bos|>The capital of France is the capital of the French Republic. The capital of France is the capital of the
<|bos|>The chemical symbol of gold is Au. It is a soft, silvery-white metal with a silvery appearance. It
<|bos|>If yesterday was Friday, then tomorrow will be Friday. If today was Friday, then tomorrow will be Friday. If today was
<|bos|>The opposite of hot is cold. The opposite of hot is cold. The opposite of cold is cold.
<|bos|>The planets of the solar system are: 1. The Earth, 2. The Sun, 3. The
<|bos|>My favorite color is a deep red. I love the red color because it's so warm and inviting
<|bos|>If 5*x + 3 = 13, then x is 13. If 5*x + 3 = 13, then
2026-09-25 19:37:28,556 - nanochat.checkpoint_manager - [32m[1mINFO[0m - Saved model parameters to: /local/s3774740/d12/cache/base_checkpoints/d12v32768/model_001650.pt
2026-09-25 19:37:28,557 - nanochat.checkpoint_manager - [32m[1mINFO[0m - Saved metadata to: /local/s3774740/d12/cache/base_checkpoints/d12v32768/meta_001650.json
2026-09-25 19:37:29,349 - nanochat.checkpoint_manager - [32m[1mINFO[0m - Saved optimizer state to: /local/s3774740/d12/cache/base_checkpoints/d12v32768/optim_001650_rank0.pt
step 01650/02520 (65.48%) | loss: 2.916006 | lrm: 0.55 | dt: 3510.56ms | tok/sec: 149,346 | bf16_mfu: 36.60 | epoch: 1 pq: 19 rg: 31 | total time: 96.20m | eta: 51.0m
step 01651/02520 (65.52%) | loss: 2.912242 | lrm: 0.55 | dt: 3494.69ms | tok/sec: 150,024 | bf16_mfu: 36.76 | epoch: 1 pq: 19 rg: 32 | total time: 96.26m | eta: 51.0m
step 01652/02520 (65.56%) | loss: 2.905075 | lrm: 0.55 | dt: 3496.72ms | tok/sec: 149,937 | bf16_mfu: 36.74 | epoch: 1 pq: 19 rg: 32 | total time: 96.32m | eta: 50.9m
step 01653/02520 (65.60%) | loss: 2.911165 | lrm: 0.55 | dt: 3497.04ms | tok/sec: 149,923 | bf16_mfu: 36.74 | epoch: 1 pq: 19 rg: 33 | total time: 96.37m | eta: 50.9m
step 01654/02520 (65.63%) | loss: 2.902809 | lrm: 0.55 | dt: 3494.34ms | tok/sec: 150,039 | bf16_mfu: 36.77 | epoch: 1 pq: 19 rg: 34 | total time: 96.43m | eta: 50.8m
step 01655/02520 (65.67%) | loss: 2.898926 | lrm: 0.55 | dt: 3496.83ms | tok/sec: 149,932 | bf16_mfu: 36.74 | epoch: 1 pq: 19 rg: 35 | total time: 96.49m | eta: 50.7m
step 01656/02520 (65.71%) | loss: 2.892914 | lrm: 0.55 | dt: 3507.20ms | tok/sec: 149,489 | bf16_mfu: 36.63 | epoch: 1 pq: 19 rg: 36 | total time: 96.55m | eta: 50.7m
step 01657/02520 (65.75%) | loss: 2.885831 | lrm: 0.55 | dt: 3504.26ms | tok/sec: 149,614 | bf16_mfu: 36.66 | epoch: 1 pq: 19 rg: 37 | total time: 96.61m | eta: 50.6m
step 01658/02520 (65.79%) | loss: 2.899573 | lrm: 0.55 | dt: 3507.69ms | tok/sec: 149,468 | bf16_mfu: 36.63 | epoch: 1 pq: 19 rg: 38 | total time: 96.67m | eta: 50.6m
step 01659/02520 (65.83%) | loss: 2.892936 | lrm: 0.55 | dt: 3500.82ms | tok/sec: 149,761 | bf16_mfu: 36.70 | epoch: 1 pq: 19 rg: 39 | total time: 96.72m | eta: 50.5m
step 01660/02520 (65.87%) | loss: 2.892967 | lrm: 0.55 | dt: 3502.57ms | tok/sec: 149,686 | bf16_mfu: 36.68 | epoch: 1 pq: 19 rg: 40 | total time: 96.78m | eta: 50.4m
step 01661/02520 (65.91%) | loss: 2.899451 | lrm: 0.55 | dt: 3501.25ms | tok/sec: 149,742 | bf16_mfu: 36.70 | epoch: 1 pq: 19 rg: 41 | total time: 96.84m | eta: 50.4m
step 01662/02520 (65.95%) | loss: 2.914855 | lrm: 0.55 | dt: 3502.69ms | tok/sec: 149,681 | bf16_mfu: 36.68 | epoch: 1 pq: 19 rg: 42 | total time: 96.90m | eta: 50.3m
step 01663/02520 (65.99%) | loss: 2.929749 | lrm: 0.55 | dt: 3503.12ms | tok/sec: 149,663 | bf16_mfu: 36.68 | epoch: 1 pq: 19 rg: 43 | total time: 96.96m | eta: 50.3m
step 01664/02520 (66.03%) | loss: 2.906262 | lrm: 0.55 | dt: 3506.17ms | tok/sec: 149,533 | bf16_mfu: 36.64 | epoch: 1 pq: 19 rg: 44 | total time: 97.02m | eta: 50.2m
step 01665/02520 (66.07%) | loss: 2.924269 | lrm: 0.55 | dt: 3507.78ms | tok/sec: 149,464 | bf16_mfu: 36.63 | epoch: 1 pq: 19 rg: 45 | total time: 97.08m | eta: 50.2m
step 01666/02520 (66.11%) | loss: 2.919832 | lrm: 0.55 | dt: 3502.23ms | tok/sec: 149,701 | bf16_mfu: 36.68 | epoch: 1 pq: 19 rg: 46 | total time: 97.13m | eta: 50.1m
step 01667/02520 (66.15%) | loss: 2.929768 | lrm: 0.54 | dt: 3505.55ms | tok/sec: 149,559 | bf16_mfu: 36.65 | epoch: 1 pq: 19 rg: 47 | total time: 97.19m | eta: 50.0m
step 01668/02520 (66.19%) | loss: 2.939020 | lrm: 0.54 | dt: 3508.35ms | tok/sec: 149,440 | bf16_mfu: 36.62 | epoch: 1 pq: 19 rg: 48 | total time: 97.25m | eta: 50.0m
step 01669/02520 (66.23%) | loss: 2.912712 | lrm: 0.54 | dt: 3506.85ms | tok/sec: 149,504 | bf16_mfu: 36.64 | epoch: 1 pq: 19 rg: 49 | total time: 97.31m | eta: 49.9m
step 01670/02520 (66.27%) | loss: 2.940867 | lrm: 0.54 | dt: 3506.05ms | tok/sec: 149,538 | bf16_mfu: 36.65 | epoch: 1 pq: 19 rg: 50 | total time: 97.37m | eta: 49.9m
step 01671/02520 (66.31%) | loss: 2.924810 | lrm: 0.54 | dt: 3503.54ms | tok/sec: 149,645 | bf16_mfu: 36.67 | epoch: 1 pq: 19 rg: 51 | total time: 97.43m | eta: 49.8m
step 01672/02520 (66.35%) | loss: 2.928518 | lrm: 0.54 | dt: 3499.69ms | tok/sec: 149,809 | bf16_mfu: 36.71 | epoch: 1 pq: 19 rg: 52 | total time: 97.48m | eta: 49.7m
step 01673/02520 (66.39%) | loss: 2.935121 | lrm: 0.54 | dt: 3506.96ms | tok/sec: 149,499 | bf16_mfu: 36.64 | epoch: 1 pq: 19 rg: 53 | total time: 97.54m | eta: 49.7m
step 01674/02520 (66.43%) | loss: 2.925023 | lrm: 0.54 | dt: 3504.13ms | tok/sec: 149,619 | bf16_mfu: 36.67 | epoch: 1 pq: 19 rg: 54 | total time: 97.60m | eta: 49.6m
step 01675/02520 (66.47%) | loss: 2.906729 | lrm: 0.54 | dt: 3504.17ms | tok/sec: 149,618 | bf16_mfu: 36.66 | epoch: 1 pq: 19 rg: 55 | total time: 97.66m | eta: 49.6m
step 01676/02520 (66.51%) | loss: 2.894162 | lrm: 0.54 | dt: 3509.22ms | tok/sec: 149,403 | bf16_mfu: 36.61 | epoch: 1 pq: 19 rg: 56 | total time: 97.72m | eta: 49.5m
step 01677/02520 (66.55%) | loss: 2.900287 | lrm: 0.54 | dt: 3508.62ms | tok/sec: 149,428 | bf16_mfu: 36.62 | epoch: 1 pq: 19 rg: 56 | total time: 97.78m | eta: 49.4m
step 01678/02520 (66.59%) | loss: 2.919743 | lrm: 0.54 | dt: 3502.10ms | tok/sec: 149,706 | bf16_mfu: 36.69 | epoch: 1 pq: 19 rg: 57 | total time: 97.83m | eta: 49.4m
step 01679/02520 (66.63%) | loss: 2.910606 | lrm: 0.54 | dt: 3506.20ms | tok/sec: 149,531 | bf16_mfu: 36.64 | epoch: 1 pq: 19 rg: 58 | total time: 97.89m | eta: 49.3m
step 01680/02520 (66.67%) | loss: 2.923379 | lrm: 0.54 | dt: 3505.93ms | tok/sec: 149,543 | bf16_mfu: 36.65 | epoch: 1 pq: 19 rg: 59 | total time: 97.95m | eta: 49.3m
step 01681/02520 (66.71%) | loss: 2.904023 | lrm: 0.54 | dt: 3510.29ms | tok/sec: 149,357 | bf16_mfu: 36.60 | epoch: 1 pq: 19 rg: 60 | total time: 98.01m | eta: 49.2m
step 01682/02520 (66.75%) | loss: 2.901931 | lrm: 0.54 | dt: 3505.62ms | tok/sec: 149,556 | bf16_mfu: 36.65 | epoch: 1 pq: 19 rg: 61 | total time: 98.07m | eta: 49.2m
step 01683/02520 (66.79%) | loss: 2.895583 | lrm: 0.54 | dt: 3503.59ms | tok/sec: 149,643 | bf16_mfu: 36.67 | epoch: 1 pq: 19 rg: 62 | total time: 98.13m | eta: 49.1m
step 01684/02520 (66.83%) | loss: 2.882893 | lrm: 0.53 | dt: 3504.77ms | tok/sec: 149,592 | bf16_mfu: 36.66 | epoch: 1 pq: 19 rg: 63 | total time: 98.19m | eta: 49.0m
step 01685/02520 (66.87%) | loss: 2.878135 | lrm: 0.53 | dt: 3505.29ms | tok/sec: 149,570 | bf16_mfu: 36.65 | epoch: 1 pq: 19 rg: 64 | total time: 98.24m | eta: 49.0m
step 01686/02520 (66.90%) | loss: 2.890560 | lrm: 0.53 | dt: 3506.30ms | tok/sec: 149,527 | bf16_mfu: 36.64 | epoch: 1 pq: 19 rg: 65 | total time: 98.30m | eta: 48.9m
step 01687/02520 (66.94%) | loss: 2.892188 | lrm: 0.53 | dt: 3507.20ms | tok/sec: 149,489 | bf16_mfu: 36.63 | epoch: 1 pq: 19 rg: 66 | total time: 98.36m | eta: 48.9m
step 01688/02520 (66.98%) | loss: 2.902765 | lrm: 0.53 | dt: 3505.51ms | tok/sec: 149,561 | bf16_mfu: 36.65 | epoch: 1 pq: 19 rg: 67 | total time: 98.42m | eta: 48.8m
step 01689/02520 (67.02%) | loss: 2.912222 | lrm: 0.53 | dt: 3503.96ms | tok/sec: 149,627 | bf16_mfu: 36.67 | epoch: 1 pq: 19 rg: 68 | total time: 98.48m | eta: 48.7m
step 01690/02520 (67.06%) | loss: 2.910744 | lrm: 0.53 | dt: 3505.52ms | tok/sec: 149,560 | bf16_mfu: 36.65 | epoch: 1 pq: 19 rg: 69 | total time: 98.54m | eta: 48.7m
step 01691/02520 (67.10%) | loss: 2.905363 | lrm: 0.53 | dt: 3507.01ms | tok/sec: 149,497 | bf16_mfu: 36.63 | epoch: 1 pq: 19 rg: 70 | total time: 98.59m | eta: 48.6m
step 01692/02520 (67.14%) | loss: 2.897024 | lrm: 0.53 | dt: 3504.04ms | tok/sec: 149,623 | bf16_mfu: 36.67 | epoch: 1 pq: 19 rg: 71 | total time: 98.65m | eta: 48.6m
step 01693/02520 (67.18%) | loss: 2.904377 | lrm: 0.53 | dt: 3509.88ms | tok/sec: 149,374 | bf16_mfu: 36.61 | epoch: 1 pq: 19 rg: 72 | total time: 98.71m | eta: 48.5m
step 01694/02520 (67.22%) | loss: 2.934013 | lrm: 0.53 | dt: 3506.10ms | tok/sec: 149,535 | bf16_mfu: 36.64 | epoch: 1 pq: 19 rg: 73 | total time: 98.77m | eta: 48.4m
step 01695/02520 (67.26%) | loss: 2.927500 | lrm: 0.53 | dt: 3506.56ms | tok/sec: 149,516 | bf16_mfu: 36.64 | epoch: 1 pq: 19 rg: 74 | total time: 98.83m | eta: 48.4m
step 01696/02520 (67.30%) | loss: 2.927253 | lrm: 0.53 | dt: 3504.85ms | tok/sec: 149,589 | bf16_mfu: 36.66 | epoch: 1 pq: 19 rg: 75 | total time: 98.89m | eta: 48.3m
step 01697/02520 (67.34%) | loss: 2.948500 | lrm: 0.53 | dt: 3505.01ms | tok/sec: 149,582 | bf16_mfu: 36.66 | epoch: 1 pq: 19 rg: 76 | total time: 98.94m | eta: 48.3m
step 01698/02520 (67.38%) | loss: 2.936293 | lrm: 0.53 | dt: 3507.11ms | tok/sec: 149,492 | bf16_mfu: 36.63 | epoch: 1 pq: 19 rg: 77 | total time: 99.00m | eta: 48.2m
step 01699/02520 (67.42%) | loss: 2.931500 | lrm: 0.53 | dt: 3505.03ms | tok/sec: 149,581 | bf16_mfu: 36.66 | epoch: 1 pq: 19 rg: 78 | total time: 99.06m | eta: 48.2m
<|bos|>The capital of France is the capital of the French Revolution. The capital of France is the capital of the
<|bos|>The chemical symbol of gold is Au. It is a soft, silvery-white metal with a melting point of 
<|bos|>If yesterday was Friday, then tomorrow will be Friday. The reason for this is that the sun is going to be shining for
<|bos|>The opposite of hot is cold. The temperature of the air is cold. The temperature of the air is
<|bos|>The planets of the solar system are: Jupiter, Saturn, Uranus, Neptune, Neptune, and
<|bos|>My favorite color is red. I love it. I love it. I love it. I love
<|bos|>If 5*x + 3 = 13, then x is 13. If 5*x + 3 = 13, then
step 01700/02520 (67.46%) | loss: 2.919219 | lrm: 0.53 | dt: 3504.32ms | tok/sec: 149,611 | bf16_mfu: 36.66 | epoch: 1 pq: 19 rg: 79 | total time: 99.12m | eta: 48.1m
step 01701/02520 (67.50%) | loss: 2.910661 | lrm: 0.53 | dt: 3503.36ms | tok/sec: 149,653 | bf16_mfu: 36.67 | epoch: 1 pq: 19 rg: 80 | total time: 99.18m | eta: 48.0m
step 01702/02520 (67.54%) | loss: 2.897369 | lrm: 0.52 | dt: 3506.42ms | tok/sec: 149,522 | bf16_mfu: 36.64 | epoch: 1 pq: 19 rg: 81 | total time: 99.24m | eta: 48.0m
step 01703/02520 (67.58%) | loss: 2.899486 | lrm: 0.52 | dt: 3507.29ms | tok/sec: 149,485 | bf16_mfu: 36.63 | epoch: 1 pq: 20 rg: 0 | total time: 99.30m | eta: 47.9m
step 01704/02520 (67.62%) | loss: 2.899093 | lrm: 0.52 | dt: 3505.76ms | tok/sec: 149,550 | bf16_mfu: 36.65 | epoch: 1 pq: 20 rg: 1 | total time: 99.35m | eta: 47.9m
step 01705/02520 (67.66%) | loss: 2.903572 | lrm: 0.52 | dt: 3508.78ms | tok/sec: 149,421 | bf16_mfu: 36.62 | epoch: 1 pq: 20 rg: 2 | total time: 99.41m | eta: 47.8m
step 01706/02520 (67.70%) | loss: 2.892226 | lrm: 0.52 | dt: 3509.22ms | tok/sec: 149,402 | bf16_mfu: 36.61 | epoch: 1 pq: 20 rg: 3 | total time: 99.47m | eta: 47.7m
step 01707/02520 (67.74%) | loss: 2.906277 | lrm: 0.52 | dt: 3508.13ms | tok/sec: 149,449 | bf16_mfu: 36.62 | epoch: 1 pq: 20 rg: 3 | total time: 99.53m | eta: 47.7m
step 01708/02520 (67.78%) | loss: 2.916937 | lrm: 0.52 | dt: 3505.55ms | tok/sec: 149,559 | bf16_mfu: 36.65 | epoch: 1 pq: 20 rg: 5 | total time: 99.59m | eta: 47.6m
step 01709/02520 (67.82%) | loss: 2.923683 | lrm: 0.52 | dt: 3509.73ms | tok/sec: 149,381 | bf16_mfu: 36.61 | epoch: 1 pq: 20 rg: 5 | total time: 99.65m | eta: 47.6m
step 01710/02520 (67.86%) | loss: 2.926595 | lrm: 0.52 | dt: 3506.21ms | tok/sec: 149,531 | bf16_mfu: 36.64 | epoch: 1 pq: 20 rg: 6 | total time: 99.70m | eta: 47.5m
step 01711/02520 (67.90%) | loss: 2.919841 | lrm: 0.52 | dt: 3504.78ms | tok/sec: 149,592 | bf16_mfu: 36.66 | epoch: 1 pq: 20 rg: 7 | total time: 99.76m | eta: 47.4m
step 01712/02520 (67.94%) | loss: 2.929316 | lrm: 0.52 | dt: 3507.80ms | tok/sec: 149,463 | bf16_mfu: 36.63 | epoch: 1 pq: 20 rg: 8 | total time: 99.82m | eta: 47.4m
step 01713/02520 (67.98%) | loss: 2.933025 | lrm: 0.52 | dt: 3513.22ms | tok/sec: 149,232 | bf16_mfu: 36.57 | epoch: 1 pq: 20 rg: 9 | total time: 99.88m | eta: 47.3m
step 01714/02520 (68.02%) | loss: 2.929925 | lrm: 0.52 | dt: 3508.95ms | tok/sec: 149,414 | bf16_mfu: 36.61 | epoch: 1 pq: 20 rg: 10 | total time: 99.94m | eta: 47.3m
step 01715/02520 (68.06%) | loss: 2.930693 | lrm: 0.52 | dt: 3504.50ms | tok/sec: 149,604 | bf16_mfu: 36.66 | epoch: 1 pq: 20 rg: 11 | total time: 100.00m | eta: 47.2m
step 01716/02520 (68.10%) | loss: 2.935812 | lrm: 0.52 | dt: 3508.03ms | tok/sec: 149,453 | bf16_mfu: 36.62 | epoch: 1 pq: 20 rg: 12 | total time: 100.06m | eta: 47.2m
step 01717/02520 (68.13%) | loss: 2.935236 | lrm: 0.52 | dt: 3504.53ms | tok/sec: 149,603 | bf16_mfu: 36.66 | epoch: 1 pq: 20 rg: 13 | total time: 100.11m | eta: 47.1m
step 01718/02520 (68.17%) | loss: 2.930559 | lrm: 0.52 | dt: 3507.25ms | tok/sec: 149,487 | bf16_mfu: 36.63 | epoch: 1 pq: 20 rg: 14 | total time: 100.17m | eta: 47.0m
step 01719/02520 (68.21%) | loss: 2.917940 | lrm: 0.51 | dt: 3506.69ms | tok/sec: 149,510 | bf16_mfu: 36.64 | epoch: 1 pq: 20 rg: 15 | total time: 100.23m | eta: 47.0m
step 01720/02520 (68.25%) | loss: 2.919772 | lrm: 0.51 | dt: 3510.55ms | tok/sec: 149,346 | bf16_mfu: 36.60 | epoch: 1 pq: 20 rg: 16 | total time: 100.29m | eta: 46.9m
step 01721/02520 (68.29%) | loss: 2.919193 | lrm: 0.51 | dt: 3508.82ms | tok/sec: 149,419 | bf16_mfu: 36.62 | epoch: 1 pq: 20 rg: 17 | total time: 100.35m | eta: 46.9m
step 01722/02520 (68.33%) | loss: 2.911467 | lrm: 0.51 | dt: 3512.31ms | tok/sec: 149,271 | bf16_mfu: 36.58 | epoch: 1 pq: 20 rg: 18 | total time: 100.41m | eta: 46.8m
step 01723/02520 (68.37%) | loss: 2.912776 | lrm: 0.51 | dt: 3507.47ms | tok/sec: 149,477 | bf16_mfu: 36.63 | epoch: 1 pq: 20 rg: 19 | total time: 100.46m | eta: 46.7m
step 01724/02520 (68.41%) | loss: 2.912226 | lrm: 0.51 | dt: 3512.95ms | tok/sec: 149,244 | bf16_mfu: 36.57 | epoch: 1 pq: 20 rg: 20 | total time: 100.52m | eta: 46.7m
step 01725/02520 (68.45%) | loss: 2.913982 | lrm: 0.51 | dt: 3509.25ms | tok/sec: 149,401 | bf16_mfu: 36.61 | epoch: 1 pq: 20 rg: 21 | total time: 100.58m | eta: 46.6m
step 01726/02520 (68.49%) | loss: 2.937571 | lrm: 0.51 | dt: 3508.94ms | tok/sec: 149,414 | bf16_mfu: 36.61 | epoch: 1 pq: 20 rg: 22 | total time: 100.64m | eta: 46.6m
step 01727/02520 (68.53%) | loss: 2.917018 | lrm: 0.51 | dt: 3505.72ms | tok/sec: 149,552 | bf16_mfu: 36.65 | epoch: 1 pq: 20 rg: 23 | total time: 100.70m | eta: 46.5m
step 01728/02520 (68.57%) | loss: 2.910105 | lrm: 0.51 | dt: 3508.57ms | tok/sec: 149,430 | bf16_mfu: 36.62 | epoch: 1 pq: 20 rg: 24 | total time: 100.76m | eta: 46.4m
step 01729/02520 (68.61%) | loss: 2.900235 | lrm: 0.51 | dt: 3507.48ms | tok/sec: 149,477 | bf16_mfu: 36.63 | epoch: 1 pq: 20 rg: 25 | total time: 100.82m | eta: 46.4m
step 01730/02520 (68.65%) | loss: 2.893021 | lrm: 0.51 | dt: 3508.75ms | tok/sec: 149,422 | bf16_mfu: 36.62 | epoch: 1 pq: 20 rg: 26 | total time: 100.87m | eta: 46.3m
step 01731/02520 (68.69%) | loss: 2.887869 | lrm: 0.51 | dt: 3510.01ms | tok/sec: 149,369 | bf16_mfu: 36.60 | epoch: 1 pq: 20 rg: 27 | total time: 100.93m | eta: 46.3m
step 01732/02520 (68.73%) | loss: 2.899391 | lrm: 0.51 | dt: 3506.64ms | tok/sec: 149,512 | bf16_mfu: 36.64 | epoch: 1 pq: 20 rg: 28 | total time: 100.99m | eta: 46.2m
step 01733/02520 (68.77%) | loss: 2.899584 | lrm: 0.51 | dt: 3507.64ms | tok/sec: 149,470 | bf16_mfu: 36.63 | epoch: 1 pq: 20 rg: 29 | total time: 101.05m | eta: 46.2m
step 01734/02520 (68.81%) | loss: 2.896073 | lrm: 0.51 | dt: 3509.64ms | tok/sec: 149,384 | bf16_mfu: 36.61 | epoch: 1 pq: 20 rg: 30 | total time: 101.11m | eta: 46.1m
step 01735/02520 (68.85%) | loss: 2.895279 | lrm: 0.51 | dt: 3509.83ms | tok/sec: 149,377 | bf16_mfu: 36.61 | epoch: 1 pq: 20 rg: 31 | total time: 101.17m | eta: 46.0m
step 01736/02520 (68.89%) | loss: 2.909266 | lrm: 0.50 | dt: 3515.62ms | tok/sec: 149,131 | bf16_mfu: 36.55 | epoch: 1 pq: 20 rg: 32 | total time: 101.23m | eta: 46.0m
step 01737/02520 (68.93%) | loss: 2.901186 | lrm: 0.50 | dt: 3513.39ms | tok/sec: 149,225 | bf16_mfu: 36.57 | epoch: 1 pq: 20 rg: 33 | total time: 101.28m | eta: 45.9m
step 01738/02520 (68.97%) | loss: 2.900584 | lrm: 0.50 | dt: 3515.04ms | tok/sec: 149,155 | bf16_mfu: 36.55 | epoch: 1 pq: 20 rg: 34 | total time: 101.34m | eta: 45.9m
step 01739/02520 (69.01%) | loss: 2.896842 | lrm: 0.50 | dt: 3511.11ms | tok/sec: 149,322 | bf16_mfu: 36.59 | epoch: 1 pq: 20 rg: 35 | total time: 101.40m | eta: 45.8m
step 01740/02520 (69.05%) | loss: 2.891960 | lrm: 0.50 | dt: 3509.79ms | tok/sec: 149,378 | bf16_mfu: 36.61 | epoch: 1 pq: 20 rg: 36 | total time: 101.46m | eta: 45.7m
step 01741/02520 (69.09%) | loss: 2.897833 | lrm: 0.50 | dt: 3506.54ms | tok/sec: 149,517 | bf16_mfu: 36.64 | epoch: 1 pq: 20 rg: 37 | total time: 101.52m | eta: 45.7m
step 01742/02520 (69.13%) | loss: 2.899708 | lrm: 0.50 | dt: 3510.07ms | tok/sec: 149,366 | bf16_mfu: 36.60 | epoch: 1 pq: 20 rg: 38 | total time: 101.58m | eta: 45.6m
step 01743/02520 (69.17%) | loss: 2.883191 | lrm: 0.50 | dt: 3507.40ms | tok/sec: 149,480 | bf16_mfu: 36.63 | epoch: 1 pq: 20 rg: 39 | total time: 101.63m | eta: 45.6m
step 01744/02520 (69.21%) | loss: 2.876065 | lrm: 0.50 | dt: 3510.36ms | tok/sec: 149,354 | bf16_mfu: 36.60 | epoch: 1 pq: 20 rg: 40 | total time: 101.69m | eta: 45.5m
step 01745/02520 (69.25%) | loss: 2.860218 | lrm: 0.50 | dt: 3513.30ms | tok/sec: 149,229 | bf16_mfu: 36.57 | epoch: 1 pq: 20 rg: 41 | total time: 101.75m | eta: 45.5m
step 01746/02520 (69.29%) | loss: 2.872785 | lrm: 0.50 | dt: 3513.88ms | tok/sec: 149,204 | bf16_mfu: 36.56 | epoch: 1 pq: 20 rg: 42 | total time: 101.81m | eta: 45.4m
step 01747/02520 (69.33%) | loss: 2.881688 | lrm: 0.50 | dt: 3515.65ms | tok/sec: 149,129 | bf16_mfu: 36.54 | epoch: 1 pq: 20 rg: 43 | total time: 101.87m | eta: 45.3m
step 01748/02520 (69.37%) | loss: 2.888982 | lrm: 0.50 | dt: 3509.10ms | tok/sec: 149,408 | bf16_mfu: 36.61 | epoch: 1 pq: 20 rg: 44 | total time: 101.93m | eta: 45.3m
step 01749/02520 (69.40%) | loss: 2.889028 | lrm: 0.50 | dt: 3508.38ms | tok/sec: 149,438 | bf16_mfu: 36.62 | epoch: 1 pq: 20 rg: 45 | total time: 101.99m | eta: 45.2m
<|bos|>The capital of France is the capital of the French Guinean province, which is the capital of the
<|bos|>The chemical symbol of gold is Au. It is a chemical element with symbol Au and atomic number 18.
<|bos|>If yesterday was Friday, then tomorrow will be Saturday. If yesterday was Sunday, then tomorrow will be Sunday. If yesterday was
<|bos|>The opposite of hot is cold. The opposite of cold is hot. The opposite of hot is cold.
<|bos|>The planets of the solar system are: Jupiter, Saturn, Uranus, Neptune, Neptune, Ne
<|bos|>My favorite color is red. I have a red and white color in my room. I have a
<|bos|>If 5*x + 3 = 13, then x is 13. If 5*x + 3 = 13, then
step 01750/02520 (69.44%) | loss: 2.887118 | lrm: 0.50 | dt: 3504.43ms | tok/sec: 149,607 | bf16_mfu: 36.66 | epoch: 1 pq: 20 rg: 45 | total time: 102.04m | eta: 45.2m
step 01751/02520 (69.48%) | loss: 2.877842 | lrm: 0.50 | dt: 3503.66ms | tok/sec: 149,639 | bf16_mfu: 36.67 | epoch: 1 pq: 20 rg: 47 | total time: 102.10m | eta: 45.1m
step 01752/02520 (69.52%) | loss: 2.894941 | lrm: 0.50 | dt: 3503.95ms | tok/sec: 149,627 | bf16_mfu: 36.67 | epoch: 1 pq: 20 rg: 47 | total time: 102.16m | eta: 45.0m
step 01753/02520 (69.56%) | loss: 2.893079 | lrm: 0.49 | dt: 3509.18ms | tok/sec: 149,404 | bf16_mfu: 36.61 | epoch: 1 pq: 20 rg: 48 | total time: 102.22m | eta: 45.0m
step 01754/02520 (69.60%) | loss: 2.904757 | lrm: 0.49 | dt: 3505.43ms | tok/sec: 149,564 | bf16_mfu: 36.65 | epoch: 1 pq: 20 rg: 49 | total time: 102.28m | eta: 44.9m
step 01755/02520 (69.64%) | loss: 2.903443 | lrm: 0.49 | dt: 3506.86ms | tok/sec: 149,503 | bf16_mfu: 36.64 | epoch: 1 pq: 20 rg: 50 | total time: 102.34m | eta: 44.9m
step 01756/02520 (69.68%) | loss: 2.909896 | lrm: 0.49 | dt: 3504.75ms | tok/sec: 149,593 | bf16_mfu: 36.66 | epoch: 1 pq: 20 rg: 51 | total time: 102.39m | eta: 44.8m
step 01757/02520 (69.72%) | loss: 2.936387 | lrm: 0.49 | dt: 3509.86ms | tok/sec: 149,375 | bf16_mfu: 36.61 | epoch: 1 pq: 20 rg: 52 | total time: 102.45m | eta: 44.7m
step 01758/02520 (69.76%) | loss: 2.922240 | lrm: 0.49 | dt: 3507.13ms | tok/sec: 149,491 | bf16_mfu: 36.63 | epoch: 1 pq: 20 rg: 53 | total time: 102.51m | eta: 44.7m
step 01759/02520 (69.80%) | loss: 2.914011 | lrm: 0.49 | dt: 3506.04ms | tok/sec: 149,538 | bf16_mfu: 36.65 | epoch: 1 pq: 20 rg: 54 | total time: 102.57m | eta: 44.6m
step 01760/02520 (69.84%) | loss: 2.916472 | lrm: 0.49 | dt: 3507.29ms | tok/sec: 149,485 | bf16_mfu: 36.63 | epoch: 1 pq: 20 rg: 55 | total time: 102.63m | eta: 44.6m
step 01761/02520 (69.88%) | loss: 2.908206 | lrm: 0.49 | dt: 3508.51ms | tok/sec: 149,433 | bf16_mfu: 36.62 | epoch: 1 pq: 20 rg: 56 | total time: 102.69m | eta: 44.5m
step 01762/02520 (69.92%) | loss: 2.911118 | lrm: 0.49 | dt: 3508.64ms | tok/sec: 149,427 | bf16_mfu: 36.62 | epoch: 1 pq: 20 rg: 57 | total time: 102.75m | eta: 44.5m
step 01763/02520 (69.96%) | loss: 2.913825 | lrm: 0.49 | dt: 3511.49ms | tok/sec: 149,306 | bf16_mfu: 36.59 | epoch: 1 pq: 20 rg: 58 | total time: 102.80m | eta: 44.4m
step 01764/02520 (70.00%) | loss: 2.917752 | lrm: 0.49 | dt: 3508.43ms | tok/sec: 149,436 | bf16_mfu: 36.62 | epoch: 1 pq: 20 rg: 59 | total time: 102.86m | eta: 44.3m
step 01765/02520 (70.04%) | loss: 2.922534 | lrm: 0.49 | dt: 3506.38ms | tok/sec: 149,524 | bf16_mfu: 36.64 | epoch: 1 pq: 20 rg: 60 | total time: 102.92m | eta: 44.3m
step 01766/02520 (70.08%) | loss: 2.918191 | lrm: 0.49 | dt: 3507.63ms | tok/sec: 149,470 | bf16_mfu: 36.63 | epoch: 1 pq: 20 rg: 61 | total time: 102.98m | eta: 44.2m
step 01767/02520 (70.12%) | loss: 2.897969 | lrm: 0.49 | dt: 3505.77ms | tok/sec: 149,550 | bf16_mfu: 36.65 | epoch: 1 pq: 20 rg: 62 | total time: 103.04m | eta: 44.2m
step 01768/02520 (70.16%) | loss: 2.887211 | lrm: 0.49 | dt: 3513.27ms | tok/sec: 149,230 | bf16_mfu: 36.57 | epoch: 1 pq: 20 rg: 63 | total time: 103.10m | eta: 44.1m
step 01769/02520 (70.20%) | loss: 2.894150 | lrm: 0.49 | dt: 3510.81ms | tok/sec: 149,335 | bf16_mfu: 36.60 | epoch: 1 pq: 20 rg: 64 | total time: 103.15m | eta: 44.0m
step 01770/02520 (70.24%) | loss: 2.895564 | lrm: 0.48 | dt: 3510.96ms | tok/sec: 149,328 | bf16_mfu: 36.59 | epoch: 1 pq: 20 rg: 65 | total time: 103.21m | eta: 44.0m
step 01771/02520 (70.28%) | loss: 2.914439 | lrm: 0.48 | dt: 3506.19ms | tok/sec: 149,532 | bf16_mfu: 36.64 | epoch: 1 pq: 20 rg: 66 | total time: 103.27m | eta: 43.9m
step 01772/02520 (70.32%) | loss: 2.907724 | lrm: 0.48 | dt: 3503.69ms | tok/sec: 149,638 | bf16_mfu: 36.67 | epoch: 1 pq: 20 rg: 67 | total time: 103.33m | eta: 43.9m
step 01773/02520 (70.36%) | loss: 2.896616 | lrm: 0.48 | dt: 3507.82ms | tok/sec: 149,462 | bf16_mfu: 36.63 | epoch: 1 pq: 20 rg: 68 | total time: 103.39m | eta: 43.8m
step 01774/02520 (70.40%) | loss: 2.913741 | lrm: 0.48 | dt: 3505.38ms | tok/sec: 149,566 | bf16_mfu: 36.65 | epoch: 1 pq: 20 rg: 69 | total time: 103.45m | eta: 43.7m
step 01775/02520 (70.44%) | loss: 2.912837 | lrm: 0.48 | dt: 3506.36ms | tok/sec: 149,524 | bf16_mfu: 36.64 | epoch: 1 pq: 20 rg: 70 | total time: 103.51m | eta: 43.7m
step 01776/02520 (70.48%) | loss: 2.924161 | lrm: 0.48 | dt: 3505.15ms | tok/sec: 149,576 | bf16_mfu: 36.65 | epoch: 1 pq: 20 rg: 71 | total time: 103.56m | eta: 43.6m
step 01777/02520 (70.52%) | loss: 2.909389 | lrm: 0.48 | dt: 3509.60ms | tok/sec: 149,386 | bf16_mfu: 36.61 | epoch: 1 pq: 20 rg: 72 | total time: 103.62m | eta: 43.6m
step 01778/02520 (70.56%) | loss: 2.913735 | lrm: 0.48 | dt: 3507.84ms | tok/sec: 149,461 | bf16_mfu: 36.63 | epoch: 1 pq: 20 rg: 73 | total time: 103.68m | eta: 43.5m
step 01779/02520 (70.60%) | loss: 2.896559 | lrm: 0.48 | dt: 3507.96ms | tok/sec: 149,456 | bf16_mfu: 36.63 | epoch: 1 pq: 20 rg: 74 | total time: 103.74m | eta: 43.5m
step 01780/02520 (70.63%) | loss: 2.902272 | lrm: 0.48 | dt: 3506.08ms | tok/sec: 149,536 | bf16_mfu: 36.64 | epoch: 1 pq: 20 rg: 75 | total time: 103.80m | eta: 43.4m
step 01781/02520 (70.67%) | loss: 2.897638 | lrm: 0.48 | dt: 3508.63ms | tok/sec: 149,428 | bf16_mfu: 36.62 | epoch: 1 pq: 20 rg: 76 | total time: 103.86m | eta: 43.3m
step 01782/02520 (70.71%) | loss: 2.905503 | lrm: 0.48 | dt: 3508.46ms | tok/sec: 149,435 | bf16_mfu: 36.62 | epoch: 1 pq: 20 rg: 77 | total time: 103.91m | eta: 43.3m
step 01783/02520 (70.75%) | loss: 2.910752 | lrm: 0.48 | dt: 3504.42ms | tok/sec: 149,607 | bf16_mfu: 36.66 | epoch: 1 pq: 20 rg: 78 | total time: 103.97m | eta: 43.2m
step 01784/02520 (70.79%) | loss: 2.899817 | lrm: 0.48 | dt: 3510.02ms | tok/sec: 149,369 | bf16_mfu: 36.60 | epoch: 1 pq: 20 rg: 79 | total time: 104.03m | eta: 43.2m
step 01785/02520 (70.83%) | loss: 2.899210 | lrm: 0.48 | dt: 3505.52ms | tok/sec: 149,560 | bf16_mfu: 36.65 | epoch: 1 pq: 20 rg: 79 | total time: 104.09m | eta: 43.1m
step 01786/02520 (70.87%) | loss: 2.910664 | lrm: 0.48 | dt: 3509.24ms | tok/sec: 149,402 | bf16_mfu: 36.61 | epoch: 1 pq: 20 rg: 80 | total time: 104.15m | eta: 43.0m
step 01787/02520 (70.91%) | loss: 2.903419 | lrm: 0.48 | dt: 3507.02ms | tok/sec: 149,496 | bf16_mfu: 36.63 | epoch: 1 pq: 20 rg: 81 | total time: 104.21m | eta: 43.0m
step 01788/02520 (70.95%) | loss: 2.895768 | lrm: 0.47 | dt: 3505.23ms | tok/sec: 149,573 | bf16_mfu: 36.65 | epoch: 1 pq: 20 rg: 82 | total time: 104.27m | eta: 42.9m
step 01789/02520 (70.99%) | loss: 2.902060 | lrm: 0.47 | dt: 3511.50ms | tok/sec: 149,306 | bf16_mfu: 36.59 | epoch: 1 pq: 20 rg: 83 | total time: 104.32m | eta: 42.9m
step 01790/02520 (71.03%) | loss: 2.895927 | lrm: 0.47 | dt: 3506.01ms | tok/sec: 149,539 | bf16_mfu: 36.65 | epoch: 1 pq: 21 rg: 0 | total time: 104.38m | eta: 42.8m
step 01791/02520 (71.07%) | loss: 2.905123 | lrm: 0.47 | dt: 3511.65ms | tok/sec: 149,299 | bf16_mfu: 36.59 | epoch: 1 pq: 21 rg: 1 | total time: 104.44m | eta: 42.7m
step 01792/02520 (71.11%) | loss: 2.896616 | lrm: 0.47 | dt: 3513.32ms | tok/sec: 149,228 | bf16_mfu: 36.57 | epoch: 1 pq: 21 rg: 2 | total time: 104.50m | eta: 42.7m
step 01793/02520 (71.15%) | loss: 2.884673 | lrm: 0.47 | dt: 3511.03ms | tok/sec: 149,325 | bf16_mfu: 36.59 | epoch: 1 pq: 21 rg: 3 | total time: 104.56m | eta: 42.6m
step 01794/02520 (71.19%) | loss: 2.872995 | lrm: 0.47 | dt: 3509.91ms | tok/sec: 149,373 | bf16_mfu: 36.60 | epoch: 1 pq: 21 rg: 4 | total time: 104.62m | eta: 42.6m
step 01795/02520 (71.23%) | loss: 2.896440 | lrm: 0.47 | dt: 3506.30ms | tok/sec: 149,527 | bf16_mfu: 36.64 | epoch: 1 pq: 21 rg: 5 | total time: 104.68m | eta: 42.5m
step 01796/02520 (71.27%) | loss: 2.890361 | lrm: 0.47 | dt: 3511.27ms | tok/sec: 149,315 | bf16_mfu: 36.59 | epoch: 1 pq: 21 rg: 6 | total time: 104.73m | eta: 42.5m
step 01797/02520 (71.31%) | loss: 2.885931 | lrm: 0.47 | dt: 3508.00ms | tok/sec: 149,455 | bf16_mfu: 36.62 | epoch: 1 pq: 21 rg: 7 | total time: 104.79m | eta: 42.4m
step 01798/02520 (71.35%) | loss: 2.881742 | lrm: 0.47 | dt: 3508.67ms | tok/sec: 149,426 | bf16_mfu: 36.62 | epoch: 1 pq: 21 rg: 8 | total time: 104.85m | eta: 42.3m
step 01799/02520 (71.39%) | loss: 2.894940 | lrm: 0.47 | dt: 3507.25ms | tok/sec: 149,486 | bf16_mfu: 36.63 | epoch: 1 pq: 21 rg: 9 | total time: 104.91m | eta: 42.3m
Step 01800 | Validation bpb: 0.903678
<|bos|>The capital of France is the capital of the country of France. The capital of France is the capital of
<|bos|>The chemical symbol of gold is a symbol of the element gold. It is a soft, silvery-white metal that
<|bos|>If yesterday was Friday, then tomorrow will be Sunday. If yesterday was Friday, then tomorrow will be Sunday. If yesterday was
<|bos|>The opposite of hot is cold. The opposite of cold is hot. The opposite of cold is hot.
<|bos|>The planets of the solar system are: Mercury, Venus, Mars, Jupiter, Saturn, Uranus, and Nept
<|bos|>My favorite color is red. I like it because it's so easy to see. I like it
<|bos|>If 5*x + 3 = 13, then x is 13. If 5*x + 3 = 14, then
2026-09-25 19:46:18,064 - nanochat.checkpoint_manager - [32m[1mINFO[0m - Saved model parameters to: /local/s3774740/d12/cache/base_checkpoints/d12v32768/model_001800.pt
2026-09-25 19:46:18,065 - nanochat.checkpoint_manager - [32m[1mINFO[0m - Saved metadata to: /local/s3774740/d12/cache/base_checkpoints/d12v32768/meta_001800.json
2026-09-25 19:46:18,839 - nanochat.checkpoint_manager - [32m[1mINFO[0m - Saved optimizer state to: /local/s3774740/d12/cache/base_checkpoints/d12v32768/optim_001800_rank0.pt
step 01800/02520 (71.43%) | loss: 2.883666 | lrm: 0.47 | dt: 3519.50ms | tok/sec: 148,966 | bf16_mfu: 36.50 | epoch: 1 pq: 21 rg: 10 | total time: 104.97m | eta: 42.2m
step 01801/02520 (71.47%) | loss: 2.859567 | lrm: 0.47 | dt: 3495.74ms | tok/sec: 149,978 | bf16_mfu: 36.75 | epoch: 1 pq: 21 rg: 11 | total time: 105.03m | eta: 42.2m
step 01802/02520 (71.51%) | loss: 2.881137 | lrm: 0.47 | dt: 3500.40ms | tok/sec: 149,779 | bf16_mfu: 36.70 | epoch: 1 pq: 21 rg: 12 | total time: 105.08m | eta: 42.1m
step 01803/02520 (71.55%) | loss: 2.889631 | lrm: 0.47 | dt: 3504.47ms | tok/sec: 149,605 | bf16_mfu: 36.66 | epoch: 1 pq: 21 rg: 13 | total time: 105.14m | eta: 42.0m
step 01804/02520 (71.59%) | loss: 2.901509 | lrm: 0.47 | dt: 3505.58ms | tok/sec: 149,558 | bf16_mfu: 36.65 | epoch: 1 pq: 21 rg: 14 | total time: 105.20m | eta: 42.0m
step 01805/02520 (71.63%) | loss: 2.892714 | lrm: 0.46 | dt: 3508.91ms | tok/sec: 149,416 | bf16_mfu: 36.62 | epoch: 1 pq: 21 rg: 15 | total time: 105.26m | eta: 41.9m
step 01806/02520 (71.67%) | loss: 2.900011 | lrm: 0.46 | dt: 3505.97ms | tok/sec: 149,541 | bf16_mfu: 36.65 | epoch: 1 pq: 21 rg: 16 | total time: 105.32m | eta: 41.9m
step 01807/02520 (71.71%) | loss: 2.899253 | lrm: 0.46 | dt: 3506.76ms | tok/sec: 149,507 | bf16_mfu: 36.64 | epoch: 1 pq: 21 rg: 17 | total time: 105.38m | eta: 41.8m
step 01808/02520 (71.75%) | loss: 2.906451 | lrm: 0.46 | dt: 3503.10ms | tok/sec: 149,664 | bf16_mfu: 36.68 | epoch: 1 pq: 21 rg: 18 | total time: 105.43m | eta: 41.8m
step 01809/02520 (71.79%) | loss: 2.911313 | lrm: 0.46 | dt: 3504.45ms | tok/sec: 149,606 | bf16_mfu: 36.66 | epoch: 1 pq: 21 rg: 19 | total time: 105.49m | eta: 41.7m
step 01810/02520 (71.83%) | loss: 2.912476 | lrm: 0.46 | dt: 3502.80ms | tok/sec: 149,676 | bf16_mfu: 36.68 | epoch: 1 pq: 21 rg: 20 | total time: 105.55m | eta: 41.6m
step 01811/02520 (71.87%) | loss: 2.919044 | lrm: 0.46 | dt: 3504.04ms | tok/sec: 149,623 | bf16_mfu: 36.67 | epoch: 1 pq: 21 rg: 21 | total time: 105.61m | eta: 41.6m
step 01812/02520 (71.90%) | loss: 2.923961 | lrm: 0.46 | dt: 3504.35ms | tok/sec: 149,610 | bf16_mfu: 36.66 | epoch: 1 pq: 21 rg: 22 | total time: 105.67m | eta: 41.5m
step 01813/02520 (71.94%) | loss: 2.918306 | lrm: 0.46 | dt: 3508.82ms | tok/sec: 149,420 | bf16_mfu: 36.62 | epoch: 1 pq: 21 rg: 23 | total time: 105.73m | eta: 41.5m
step 01814/02520 (71.98%) | loss: 2.919064 | lrm: 0.46 | dt: 3504.04ms | tok/sec: 149,623 | bf16_mfu: 36.67 | epoch: 1 pq: 21 rg: 24 | total time: 105.79m | eta: 41.4m
step 01815/02520 (72.02%) | loss: 2.922051 | lrm: 0.46 | dt: 3508.29ms | tok/sec: 149,442 | bf16_mfu: 36.62 | epoch: 1 pq: 21 rg: 25 | total time: 105.84m | eta: 41.3m
step 01816/02520 (72.06%) | loss: 2.924814 | lrm: 0.46 | dt: 3507.23ms | tok/sec: 149,487 | bf16_mfu: 36.63 | epoch: 1 pq: 21 rg: 26 | total time: 105.90m | eta: 41.3m
step 01817/02520 (72.10%) | loss: 2.944632 | lrm: 0.46 | dt: 3503.59ms | tok/sec: 149,643 | bf16_mfu: 36.67 | epoch: 1 pq: 21 rg: 27 | total time: 105.96m | eta: 41.2m
step 01818/02520 (72.14%) | loss: 2.957052 | lrm: 0.46 | dt: 3506.96ms | tok/sec: 149,499 | bf16_mfu: 36.64 | epoch: 1 pq: 21 rg: 28 | total time: 106.02m | eta: 41.2m
step 01819/02520 (72.18%) | loss: 2.962359 | lrm: 0.46 | dt: 3505.51ms | tok/sec: 149,561 | bf16_mfu: 36.65 | epoch: 1 pq: 21 rg: 29 | total time: 106.08m | eta: 41.1m
step 01820/02520 (72.22%) | loss: 2.951805 | lrm: 0.46 | dt: 3509.19ms | tok/sec: 149,404 | bf16_mfu: 36.61 | epoch: 1 pq: 21 rg: 30 | total time: 106.14m | eta: 41.0m
step 01821/02520 (72.26%) | loss: 2.937790 | lrm: 0.46 | dt: 3508.07ms | tok/sec: 149,451 | bf16_mfu: 36.62 | epoch: 1 pq: 21 rg: 31 | total time: 106.19m | eta: 41.0m
step 01822/02520 (72.30%) | loss: 2.920589 | lrm: 0.45 | dt: 3506.24ms | tok/sec: 149,530 | bf16_mfu: 36.64 | epoch: 1 pq: 21 rg: 31 | total time: 106.25m | eta: 40.9m
step 01823/02520 (72.34%) | loss: 2.914664 | lrm: 0.45 | dt: 3508.54ms | tok/sec: 149,432 | bf16_mfu: 36.62 | epoch: 1 pq: 21 rg: 32 | total time: 106.31m | eta: 40.9m
step 01824/02520 (72.38%) | loss: 2.896089 | lrm: 0.45 | dt: 3504.55ms | tok/sec: 149,602 | bf16_mfu: 36.66 | epoch: 1 pq: 21 rg: 33 | total time: 106.37m | eta: 40.8m
step 01825/02520 (72.42%) | loss: 2.922443 | lrm: 0.45 | dt: 3504.29ms | tok/sec: 149,613 | bf16_mfu: 36.66 | epoch: 1 pq: 21 rg: 34 | total time: 106.43m | eta: 40.8m
step 01826/02520 (72.46%) | loss: 2.946322 | lrm: 0.45 | dt: 3505.52ms | tok/sec: 149,560 | bf16_mfu: 36.65 | epoch: 1 pq: 21 rg: 35 | total time: 106.49m | eta: 40.7m
step 01827/02520 (72.50%) | loss: 2.934931 | lrm: 0.45 | dt: 3506.81ms | tok/sec: 149,505 | bf16_mfu: 36.64 | epoch: 1 pq: 21 rg: 36 | total time: 106.55m | eta: 40.6m
step 01828/02520 (72.54%) | loss: 2.934541 | lrm: 0.45 | dt: 3508.88ms | tok/sec: 149,417 | bf16_mfu: 36.62 | epoch: 1 pq: 21 rg: 37 | total time: 106.60m | eta: 40.6m
step 01829/02520 (72.58%) | loss: 2.933776 | lrm: 0.45 | dt: 3507.32ms | tok/sec: 149,484 | bf16_mfu: 36.63 | epoch: 1 pq: 21 rg: 38 | total time: 106.66m | eta: 40.5m
step 01830/02520 (72.62%) | loss: 2.952868 | lrm: 0.45 | dt: 3508.01ms | tok/sec: 149,454 | bf16_mfu: 36.62 | epoch: 1 pq: 21 rg: 39 | total time: 106.72m | eta: 40.5m
step 01831/02520 (72.66%) | loss: 2.934410 | lrm: 0.45 | dt: 3508.93ms | tok/sec: 149,415 | bf16_mfu: 36.61 | epoch: 1 pq: 21 rg: 40 | total time: 106.78m | eta: 40.4m
step 01832/02520 (72.70%) | loss: 2.928100 | lrm: 0.45 | dt: 3505.20ms | tok/sec: 149,574 | bf16_mfu: 36.65 | epoch: 1 pq: 21 rg: 41 | total time: 106.84m | eta: 40.3m
step 01833/02520 (72.74%) | loss: 2.923812 | lrm: 0.45 | dt: 3510.54ms | tok/sec: 149,346 | bf16_mfu: 36.60 | epoch: 1 pq: 21 rg: 42 | total time: 106.90m | eta: 40.3m
step 01834/02520 (72.78%) | loss: 2.924311 | lrm: 0.45 | dt: 3505.38ms | tok/sec: 149,566 | bf16_mfu: 36.65 | epoch: 1 pq: 21 rg: 43 | total time: 106.95m | eta: 40.2m
step 01835/02520 (72.82%) | loss: 2.897558 | lrm: 0.45 | dt: 3508.14ms | tok/sec: 149,448 | bf16_mfu: 36.62 | epoch: 1 pq: 21 rg: 44 | total time: 107.01m | eta: 40.2m
step 01836/02520 (72.86%) | loss: 2.897139 | lrm: 0.45 | dt: 3507.96ms | tok/sec: 149,456 | bf16_mfu: 36.63 | epoch: 1 pq: 21 rg: 45 | total time: 107.07m | eta: 40.1m
step 01837/02520 (72.90%) | loss: 2.898284 | lrm: 0.45 | dt: 3506.37ms | tok/sec: 149,524 | bf16_mfu: 36.64 | epoch: 1 pq: 21 rg: 46 | total time: 107.13m | eta: 40.0m
step 01838/02520 (72.94%) | loss: 2.890622 | lrm: 0.45 | dt: 3509.02ms | tok/sec: 149,411 | bf16_mfu: 36.61 | epoch: 1 pq: 21 rg: 47 | total time: 107.19m | eta: 40.0m
step 01839/02520 (72.98%) | loss: 2.878481 | lrm: 0.44 | dt: 3508.71ms | tok/sec: 149,424 | bf16_mfu: 36.62 | epoch: 1 pq: 21 rg: 48 | total time: 107.25m | eta: 39.9m
step 01840/02520 (73.02%) | loss: 2.883865 | lrm: 0.44 | dt: 3507.90ms | tok/sec: 149,459 | bf16_mfu: 36.63 | epoch: 1 pq: 21 rg: 49 | total time: 107.31m | eta: 39.9m
step 01841/02520 (73.06%) | loss: 2.898987 | lrm: 0.44 | dt: 3509.80ms | tok/sec: 149,378 | bf16_mfu: 36.61 | epoch: 1 pq: 21 rg: 50 | total time: 107.36m | eta: 39.8m
step 01842/02520 (73.10%) | loss: 2.884857 | lrm: 0.44 | dt: 3508.70ms | tok/sec: 149,425 | bf16_mfu: 36.62 | epoch: 1 pq: 21 rg: 51 | total time: 107.42m | eta: 39.8m
step 01843/02520 (73.13%) | loss: 2.900308 | lrm: 0.44 | dt: 3505.49ms | tok/sec: 149,561 | bf16_mfu: 36.65 | epoch: 1 pq: 21 rg: 52 | total time: 107.48m | eta: 39.7m
step 01844/02520 (73.17%) | loss: 2.876057 | lrm: 0.44 | dt: 3510.22ms | tok/sec: 149,360 | bf16_mfu: 36.60 | epoch: 1 pq: 21 rg: 53 | total time: 107.54m | eta: 39.6m
step 01845/02520 (73.21%) | loss: 2.872954 | lrm: 0.44 | dt: 3506.75ms | tok/sec: 149,508 | bf16_mfu: 36.64 | epoch: 1 pq: 21 rg: 54 | total time: 107.60m | eta: 39.6m
step 01846/02520 (73.25%) | loss: 2.869599 | lrm: 0.44 | dt: 3510.99ms | tok/sec: 149,327 | bf16_mfu: 36.59 | epoch: 1 pq: 21 rg: 55 | total time: 107.66m | eta: 39.5m
step 01847/02520 (73.29%) | loss: 2.866813 | lrm: 0.44 | dt: 3509.36ms | tok/sec: 149,396 | bf16_mfu: 36.61 | epoch: 1 pq: 21 rg: 56 | total time: 107.71m | eta: 39.5m
step 01848/02520 (73.33%) | loss: 2.865776 | lrm: 0.44 | dt: 3509.41ms | tok/sec: 149,395 | bf16_mfu: 36.61 | epoch: 1 pq: 21 rg: 57 | total time: 107.77m | eta: 39.4m
step 01849/02520 (73.37%) | loss: 2.861803 | lrm: 0.44 | dt: 3508.70ms | tok/sec: 149,424 | bf16_mfu: 36.62 | epoch: 1 pq: 21 rg: 58 | total time: 107.83m | eta: 39.3m
<|bos|>The capital of France is the capital of the country of France. The capital of France is the capital of
<|bos|>The chemical symbol of gold is Au. It is a chemical element with symbol Au and atomic number 10.
<|bos|>If yesterday was Friday, then tomorrow will be Friday. If yesterday was Friday, then tomorrow will be Friday. If yesterday was
<|bos|>The opposite of hot is cold. The temperature of the air is the same as the temperature of the water
<|bos|>The planets of the solar system are: Mercury, Venus, Mars, Jupiter, Saturn, Uranus, Neptune
<|bos|>My favorite color is the red. I like the red because it's the color of the sun.
<|bos|>If 5*x + 3 = 13, then x is the number of digits in the decimal. If 5*x + 3
step 01850/02520 (73.41%) | loss: 2.875067 | lrm: 0.44 | dt: 3508.18ms | tok/sec: 149,447 | bf16_mfu: 36.62 | epoch: 1 pq: 21 rg: 58 | total time: 107.89m | eta: 39.3m
step 01851/02520 (73.45%) | loss: 2.863438 | lrm: 0.44 | dt: 3503.67ms | tok/sec: 149,639 | bf16_mfu: 36.67 | epoch: 1 pq: 21 rg: 59 | total time: 107.95m | eta: 39.2m
step 01852/02520 (73.49%) | loss: 2.870195 | lrm: 0.44 | dt: 3509.49ms | tok/sec: 149,391 | bf16_mfu: 36.61 | epoch: 1 pq: 21 rg: 60 | total time: 108.01m | eta: 39.2m
step 01853/02520 (73.53%) | loss: 2.873563 | lrm: 0.44 | dt: 3507.53ms | tok/sec: 149,475 | bf16_mfu: 36.63 | epoch: 1 pq: 21 rg: 61 | total time: 108.07m | eta: 39.1m
step 01854/02520 (73.57%) | loss: 2.895434 | lrm: 0.44 | dt: 3509.62ms | tok/sec: 149,386 | bf16_mfu: 36.61 | epoch: 1 pq: 21 rg: 62 | total time: 108.12m | eta: 39.1m
step 01855/02520 (73.61%) | loss: 2.906271 | lrm: 0.44 | dt: 3506.88ms | tok/sec: 149,502 | bf16_mfu: 36.64 | epoch: 1 pq: 21 rg: 63 | total time: 108.18m | eta: 39.0m
step 01856/02520 (73.65%) | loss: 2.918624 | lrm: 0.44 | dt: 3506.73ms | tok/sec: 149,509 | bf16_mfu: 36.64 | epoch: 1 pq: 21 rg: 64 | total time: 108.24m | eta: 38.9m
step 01857/02520 (73.69%) | loss: 2.891586 | lrm: 0.43 | dt: 3506.66ms | tok/sec: 149,511 | bf16_mfu: 36.64 | epoch: 1 pq: 21 rg: 65 | total time: 108.30m | eta: 38.9m
step 01858/02520 (73.73%) | loss: 2.888593 | lrm: 0.43 | dt: 3505.85ms | tok/sec: 149,546 | bf16_mfu: 36.65 | epoch: 1 pq: 21 rg: 66 | total time: 108.36m | eta: 38.8m
step 01859/02520 (73.77%) | loss: 2.892466 | lrm: 0.43 | dt: 3509.58ms | tok/sec: 149,387 | bf16_mfu: 36.61 | epoch: 1 pq: 21 rg: 67 | total time: 108.42m | eta: 38.8m
step 01860/02520 (73.81%) | loss: 2.903270 | lrm: 0.43 | dt: 3506.67ms | tok/sec: 149,511 | bf16_mfu: 36.64 | epoch: 1 pq: 21 rg: 68 | total time: 108.47m | eta: 38.7m
step 01861/02520 (73.85%) | loss: 2.914032 | lrm: 0.43 | dt: 3509.16ms | tok/sec: 149,405 | bf16_mfu: 36.61 | epoch: 1 pq: 21 rg: 69 | total time: 108.53m | eta: 38.6m
step 01862/02520 (73.89%) | loss: 2.917593 | lrm: 0.43 | dt: 3507.61ms | tok/sec: 149,471 | bf16_mfu: 36.63 | epoch: 1 pq: 21 rg: 70 | total time: 108.59m | eta: 38.6m
step 01863/02520 (73.93%) | loss: 2.914937 | lrm: 0.43 | dt: 3512.46ms | tok/sec: 149,265 | bf16_mfu: 36.58 | epoch: 1 pq: 21 rg: 71 | total time: 108.65m | eta: 38.5m
step 01864/02520 (73.97%) | loss: 2.913975 | lrm: 0.43 | dt: 3506.42ms | tok/sec: 149,522 | bf16_mfu: 36.64 | epoch: 1 pq: 21 rg: 72 | total time: 108.71m | eta: 38.5m
step 01865/02520 (74.01%) | loss: 2.906867 | lrm: 0.43 | dt: 3507.46ms | tok/sec: 149,478 | bf16_mfu: 36.63 | epoch: 1 pq: 21 rg: 73 | total time: 108.77m | eta: 38.4m
step 01866/02520 (74.05%) | loss: 2.908792 | lrm: 0.43 | dt: 3507.14ms | tok/sec: 149,491 | bf16_mfu: 36.63 | epoch: 1 pq: 21 rg: 74 | total time: 108.83m | eta: 38.3m
step 01867/02520 (74.09%) | loss: 2.910126 | lrm: 0.43 | dt: 3505.36ms | tok/sec: 149,567 | bf16_mfu: 36.65 | epoch: 1 pq: 21 rg: 75 | total time: 108.88m | eta: 38.3m
step 01868/02520 (74.13%) | loss: 2.909086 | lrm: 0.43 | dt: 3510.67ms | tok/sec: 149,341 | bf16_mfu: 36.60 | epoch: 1 pq: 21 rg: 76 | total time: 108.94m | eta: 38.2m
step 01869/02520 (74.17%) | loss: 2.903151 | lrm: 0.43 | dt: 3505.94ms | tok/sec: 149,542 | bf16_mfu: 36.65 | epoch: 1 pq: 21 rg: 77 | total time: 109.00m | eta: 38.2m
step 01870/02520 (74.21%) | loss: 2.916890 | lrm: 0.43 | dt: 3509.93ms | tok/sec: 149,372 | bf16_mfu: 36.60 | epoch: 1 pq: 21 rg: 78 | total time: 109.06m | eta: 38.1m
step 01871/02520 (74.25%) | loss: 2.916551 | lrm: 0.43 | dt: 3511.94ms | tok/sec: 149,287 | bf16_mfu: 36.58 | epoch: 1 pq: 21 rg: 79 | total time: 109.12m | eta: 38.1m
step 01872/02520 (74.29%) | loss: 2.909931 | lrm: 0.43 | dt: 3511.00ms | tok/sec: 149,327 | bf16_mfu: 36.59 | epoch: 1 pq: 21 rg: 80 | total time: 109.18m | eta: 38.0m
step 01873/02520 (74.33%) | loss: 2.909094 | lrm: 0.43 | dt: 3508.64ms | tok/sec: 149,427 | bf16_mfu: 36.62 | epoch: 1 pq: 21 rg: 81 | total time: 109.23m | eta: 37.9m
step 01874/02520 (74.37%) | loss: 2.908245 | lrm: 0.42 | dt: 3507.56ms | tok/sec: 149,473 | bf16_mfu: 36.63 | epoch: 1 pq: 21 rg: 82 | total time: 109.29m | eta: 37.9m
step 01875/02520 (74.40%) | loss: 2.911290 | lrm: 0.42 | dt: 3508.10ms | tok/sec: 149,450 | bf16_mfu: 36.62 | epoch: 1 pq: 22 rg: 0 | total time: 109.35m | eta: 37.8m
step 01876/02520 (74.44%) | loss: 2.901432 | lrm: 0.42 | dt: 3509.07ms | tok/sec: 149,409 | bf16_mfu: 36.61 | epoch: 1 pq: 22 rg: 1 | total time: 109.41m | eta: 37.8m
step 01877/02520 (74.48%) | loss: 2.896817 | lrm: 0.42 | dt: 3534.68ms | tok/sec: 148,326 | bf16_mfu: 36.35 | epoch: 1 pq: 22 rg: 2 | total time: 109.47m | eta: 37.7m
step 01878/02520 (74.52%) | loss: 2.898309 | lrm: 0.42 | dt: 3506.73ms | tok/sec: 149,509 | bf16_mfu: 36.64 | epoch: 1 pq: 22 rg: 3 | total time: 109.53m | eta: 37.6m
step 01879/02520 (74.56%) | loss: 2.900662 | lrm: 0.42 | dt: 3511.18ms | tok/sec: 149,319 | bf16_mfu: 36.59 | epoch: 1 pq: 22 rg: 4 | total time: 109.59m | eta: 37.6m
step 01880/02520 (74.60%) | loss: 2.891674 | lrm: 0.42 | dt: 3513.30ms | tok/sec: 149,229 | bf16_mfu: 36.57 | epoch: 1 pq: 22 rg: 5 | total time: 109.64m | eta: 37.5m
step 01881/02520 (74.64%) | loss: 2.890234 | lrm: 0.42 | dt: 3511.69ms | tok/sec: 149,297 | bf16_mfu: 36.59 | epoch: 1 pq: 22 rg: 6 | total time: 109.70m | eta: 37.5m
step 01882/02520 (74.68%) | loss: 2.884941 | lrm: 0.42 | dt: 3514.76ms | tok/sec: 149,167 | bf16_mfu: 36.55 | epoch: 1 pq: 22 rg: 7 | total time: 109.76m | eta: 37.4m
step 01883/02520 (74.72%) | loss: 2.863194 | lrm: 0.42 | dt: 3514.48ms | tok/sec: 149,179 | bf16_mfu: 36.56 | epoch: 1 pq: 22 rg: 7 | total time: 109.82m | eta: 37.3m
step 01884/02520 (74.76%) | loss: 2.861819 | lrm: 0.42 | dt: 3515.71ms | tok/sec: 149,127 | bf16_mfu: 36.54 | epoch: 1 pq: 22 rg: 8 | total time: 109.88m | eta: 37.3m
step 01885/02520 (74.80%) | loss: 2.867289 | lrm: 0.42 | dt: 3510.60ms | tok/sec: 149,344 | bf16_mfu: 36.60 | epoch: 1 pq: 22 rg: 9 | total time: 109.94m | eta: 37.2m
step 01886/02520 (74.84%) | loss: 2.874442 | lrm: 0.42 | dt: 3510.06ms | tok/sec: 149,367 | bf16_mfu: 36.60 | epoch: 1 pq: 22 rg: 10 | total time: 110.00m | eta: 37.2m
step 01887/02520 (74.88%) | loss: 2.879880 | lrm: 0.42 | dt: 3508.10ms | tok/sec: 149,450 | bf16_mfu: 36.62 | epoch: 1 pq: 22 rg: 11 | total time: 110.05m | eta: 37.1m
step 01888/02520 (74.92%) | loss: 2.888185 | lrm: 0.42 | dt: 3508.28ms | tok/sec: 149,442 | bf16_mfu: 36.62 | epoch: 1 pq: 22 rg: 12 | total time: 110.11m | eta: 37.1m
step 01889/02520 (74.96%) | loss: 2.884589 | lrm: 0.42 | dt: 3507.91ms | tok/sec: 149,458 | bf16_mfu: 36.63 | epoch: 1 pq: 22 rg: 13 | total time: 110.17m | eta: 37.0m
step 01890/02520 (75.00%) | loss: 2.879395 | lrm: 0.42 | dt: 3509.61ms | tok/sec: 149,386 | bf16_mfu: 36.61 | epoch: 1 pq: 22 rg: 14 | total time: 110.23m | eta: 36.9m
step 01891/02520 (75.04%) | loss: 2.887858 | lrm: 0.41 | dt: 3507.89ms | tok/sec: 149,459 | bf16_mfu: 36.63 | epoch: 1 pq: 22 rg: 15 | total time: 110.29m | eta: 36.9m
step 01892/02520 (75.08%) | loss: 2.885699 | lrm: 0.41 | dt: 3512.04ms | tok/sec: 149,283 | bf16_mfu: 36.58 | epoch: 1 pq: 22 rg: 16 | total time: 110.35m | eta: 36.8m
step 01893/02520 (75.12%) | loss: 2.877283 | lrm: 0.41 | dt: 3511.54ms | tok/sec: 149,304 | bf16_mfu: 36.59 | epoch: 1 pq: 22 rg: 17 | total time: 110.41m | eta: 36.8m
step 01894/02520 (75.16%) | loss: 2.870152 | lrm: 0.41 | dt: 3510.46ms | tok/sec: 149,350 | bf16_mfu: 36.60 | epoch: 1 pq: 22 rg: 18 | total time: 110.46m | eta: 36.7m
step 01895/02520 (75.20%) | loss: 2.857992 | lrm: 0.41 | dt: 3510.25ms | tok/sec: 149,359 | bf16_mfu: 36.60 | epoch: 1 pq: 22 rg: 19 | total time: 110.52m | eta: 36.6m
step 01896/02520 (75.24%) | loss: 2.850008 | lrm: 0.41 | dt: 3507.65ms | tok/sec: 149,469 | bf16_mfu: 36.63 | epoch: 1 pq: 22 rg: 20 | total time: 110.58m | eta: 36.6m
step 01897/02520 (75.28%) | loss: 2.854233 | lrm: 0.41 | dt: 3506.93ms | tok/sec: 149,500 | bf16_mfu: 36.64 | epoch: 1 pq: 22 rg: 21 | total time: 110.64m | eta: 36.5m
step 01898/02520 (75.32%) | loss: 2.857028 | lrm: 0.41 | dt: 3508.73ms | tok/sec: 149,423 | bf16_mfu: 36.62 | epoch: 1 pq: 22 rg: 22 | total time: 110.70m | eta: 36.5m
step 01899/02520 (75.36%) | loss: 2.847182 | lrm: 0.41 | dt: 3510.44ms | tok/sec: 149,350 | bf16_mfu: 36.60 | epoch: 1 pq: 22 rg: 23 | total time: 110.76m | eta: 36.4m
<|bos|>The capital of France is the capital of the French Revolution. The capital of the French Revolution is the capital
<|bos|>The chemical symbol of gold is Au. It is a soft, lustrous metal with a lustrous sheen
<|bos|>If yesterday was Friday, then tomorrow will be Friday. If yesterday was Saturday, then tomorrow will be Sunday. If yesterday was
<|bos|>The opposite of hot is cold. The temperature of the air is the same as the temperature of the water
<|bos|>The planets of the solar system are: Mercury, Venus, Mars, Jupiter, Saturn, Uranus, Neptune
<|bos|>My favorite color is the one that I like the most. I like the bright, bold, and
<|bos|>If 5*x + 3 = 13, then x is the number of 5*x + 3 = 13. If 
step 01900/02520 (75.40%) | loss: 2.854879 | lrm: 0.41 | dt: 3509.58ms | tok/sec: 149,387 | bf16_mfu: 36.61 | epoch: 1 pq: 22 rg: 24 | total time: 110.81m | eta: 36.4m
step 01901/02520 (75.44%) | loss: 2.859394 | lrm: 0.41 | dt: 3504.75ms | tok/sec: 149,593 | bf16_mfu: 36.66 | epoch: 1 pq: 22 rg: 25 | total time: 110.87m | eta: 36.3m
step 01902/02520 (75.48%) | loss: 2.845114 | lrm: 0.41 | dt: 3508.72ms | tok/sec: 149,424 | bf16_mfu: 36.62 | epoch: 1 pq: 22 rg: 26 | total time: 110.93m | eta: 36.2m
step 01903/02520 (75.52%) | loss: 2.860208 | lrm: 0.41 | dt: 3507.16ms | tok/sec: 149,490 | bf16_mfu: 36.63 | epoch: 1 pq: 22 rg: 27 | total time: 110.99m | eta: 36.2m
step 01904/02520 (75.56%) | loss: 2.852823 | lrm: 0.41 | dt: 3508.32ms | tok/sec: 149,441 | bf16_mfu: 36.62 | epoch: 1 pq: 22 rg: 28 | total time: 111.05m | eta: 36.1m
step 01905/02520 (75.60%) | loss: 2.856516 | lrm: 0.41 | dt: 3508.14ms | tok/sec: 149,449 | bf16_mfu: 36.62 | epoch: 1 pq: 22 rg: 29 | total time: 111.11m | eta: 36.1m
step 01906/02520 (75.63%) | loss: 2.848951 | lrm: 0.41 | dt: 3509.63ms | tok/sec: 149,385 | bf16_mfu: 36.61 | epoch: 1 pq: 22 rg: 30 | total time: 111.17m | eta: 36.0m
step 01907/02520 (75.67%) | loss: 2.852313 | lrm: 0.41 | dt: 3508.21ms | tok/sec: 149,446 | bf16_mfu: 36.62 | epoch: 1 pq: 22 rg: 31 | total time: 111.22m | eta: 35.9m
step 01908/02520 (75.71%) | loss: 2.849580 | lrm: 0.40 | dt: 3504.57ms | tok/sec: 149,601 | bf16_mfu: 36.66 | epoch: 1 pq: 22 rg: 32 | total time: 111.28m | eta: 35.9m
step 01909/02520 (75.75%) | loss: 2.855421 | lrm: 0.40 | dt: 3508.82ms | tok/sec: 149,419 | bf16_mfu: 36.62 | epoch: 1 pq: 22 rg: 33 | total time: 111.34m | eta: 35.8m
step 01910/02520 (75.79%) | loss: 2.863505 | lrm: 0.40 | dt: 3504.87ms | tok/sec: 149,588 | bf16_mfu: 36.66 | epoch: 1 pq: 22 rg: 34 | total time: 111.40m | eta: 35.8m
step 01911/02520 (75.83%) | loss: 2.879535 | lrm: 0.40 | dt: 3510.77ms | tok/sec: 149,337 | bf16_mfu: 36.60 | epoch: 1 pq: 22 rg: 35 | total time: 111.46m | eta: 35.7m
step 01912/02520 (75.87%) | loss: 2.885805 | lrm: 0.40 | dt: 3506.41ms | tok/sec: 149,522 | bf16_mfu: 36.64 | epoch: 1 pq: 22 rg: 36 | total time: 111.52m | eta: 35.6m
step 01913/02520 (75.91%) | loss: 2.874540 | lrm: 0.40 | dt: 3506.00ms | tok/sec: 149,540 | bf16_mfu: 36.65 | epoch: 1 pq: 22 rg: 37 | total time: 111.57m | eta: 35.6m
step 01914/02520 (75.95%) | loss: 2.867642 | lrm: 0.40 | dt: 3509.45ms | tok/sec: 149,393 | bf16_mfu: 36.61 | epoch: 1 pq: 22 rg: 38 | total time: 111.63m | eta: 35.5m
step 01915/02520 (75.99%) | loss: 2.857069 | lrm: 0.40 | dt: 3508.99ms | tok/sec: 149,412 | bf16_mfu: 36.61 | epoch: 1 pq: 22 rg: 39 | total time: 111.69m | eta: 35.5m
step 01916/02520 (76.03%) | loss: 2.855477 | lrm: 0.40 | dt: 3507.19ms | tok/sec: 149,489 | bf16_mfu: 36.63 | epoch: 1 pq: 22 rg: 40 | total time: 111.75m | eta: 35.4m
step 01917/02520 (76.07%) | loss: 2.841233 | lrm: 0.40 | dt: 3503.90ms | tok/sec: 149,629 | bf16_mfu: 36.67 | epoch: 1 pq: 22 rg: 41 | total time: 111.81m | eta: 35.4m
step 01918/02520 (76.11%) | loss: 2.832950 | lrm: 0.40 | dt: 3507.87ms | tok/sec: 149,460 | bf16_mfu: 36.63 | epoch: 1 pq: 22 rg: 42 | total time: 111.87m | eta: 35.3m
step 01919/02520 (76.15%) | loss: 2.850575 | lrm: 0.40 | dt: 3506.28ms | tok/sec: 149,528 | bf16_mfu: 36.64 | epoch: 1 pq: 22 rg: 43 | total time: 111.93m | eta: 35.2m
step 01920/02520 (76.19%) | loss: 2.833384 | lrm: 0.40 | dt: 3505.22ms | tok/sec: 149,573 | bf16_mfu: 36.65 | epoch: 1 pq: 22 rg: 44 | total time: 111.98m | eta: 35.2m
step 01921/02520 (76.23%) | loss: 2.836150 | lrm: 0.40 | dt: 3510.18ms | tok/sec: 149,362 | bf16_mfu: 36.60 | epoch: 1 pq: 22 rg: 45 | total time: 112.04m | eta: 35.1m
step 01922/02520 (76.27%) | loss: 2.844676 | lrm: 0.40 | dt: 3507.18ms | tok/sec: 149,489 | bf16_mfu: 36.63 | epoch: 1 pq: 22 rg: 46 | total time: 112.10m | eta: 35.1m
step 01923/02520 (76.31%) | loss: 2.863520 | lrm: 0.40 | dt: 3509.07ms | tok/sec: 149,409 | bf16_mfu: 36.61 | epoch: 1 pq: 22 rg: 47 | total time: 112.16m | eta: 35.0m
step 01924/02520 (76.35%) | loss: 2.869789 | lrm: 0.40 | dt: 3506.76ms | tok/sec: 149,507 | bf16_mfu: 36.64 | epoch: 1 pq: 22 rg: 48 | total time: 112.22m | eta: 34.9m
step 01925/02520 (76.39%) | loss: 2.860286 | lrm: 0.40 | dt: 3509.51ms | tok/sec: 149,390 | bf16_mfu: 36.61 | epoch: 1 pq: 22 rg: 49 | total time: 112.28m | eta: 34.9m
step 01926/02520 (76.43%) | loss: 2.859130 | lrm: 0.39 | dt: 3503.95ms | tok/sec: 149,627 | bf16_mfu: 36.67 | epoch: 1 pq: 22 rg: 50 | total time: 112.33m | eta: 34.8m
step 01927/02520 (76.47%) | loss: 2.859538 | lrm: 0.39 | dt: 3504.35ms | tok/sec: 149,610 | bf16_mfu: 36.66 | epoch: 1 pq: 22 rg: 50 | total time: 112.39m | eta: 34.8m
step 01928/02520 (76.51%) | loss: 2.856506 | lrm: 0.39 | dt: 3505.64ms | tok/sec: 149,555 | bf16_mfu: 36.65 | epoch: 1 pq: 22 rg: 51 | total time: 112.45m | eta: 34.7m
step 01929/02520 (76.55%) | loss: 2.869976 | lrm: 0.39 | dt: 3505.99ms | tok/sec: 149,540 | bf16_mfu: 36.65 | epoch: 1 pq: 22 rg: 52 | total time: 112.51m | eta: 34.6m
step 01930/02520 (76.59%) | loss: 2.878863 | lrm: 0.39 | dt: 3505.30ms | tok/sec: 149,570 | bf16_mfu: 36.65 | epoch: 1 pq: 22 rg: 53 | total time: 112.57m | eta: 34.6m
step 01931/02520 (76.63%) | loss: 2.885055 | lrm: 0.39 | dt: 3508.51ms | tok/sec: 149,433 | bf16_mfu: 36.62 | epoch: 1 pq: 22 rg: 54 | total time: 112.63m | eta: 34.5m
step 01932/02520 (76.67%) | loss: 2.867378 | lrm: 0.39 | dt: 3508.26ms | tok/sec: 149,443 | bf16_mfu: 36.62 | epoch: 1 pq: 22 rg: 55 | total time: 112.69m | eta: 34.5m
step 01933/02520 (76.71%) | loss: 2.886015 | lrm: 0.39 | dt: 3508.80ms | tok/sec: 149,420 | bf16_mfu: 36.62 | epoch: 1 pq: 22 rg: 56 | total time: 112.74m | eta: 34.4m
step 01934/02520 (76.75%) | loss: 2.884382 | lrm: 0.39 | dt: 3507.26ms | tok/sec: 149,486 | bf16_mfu: 36.63 | epoch: 1 pq: 22 rg: 57 | total time: 112.80m | eta: 34.4m
step 01935/02520 (76.79%) | loss: 2.865714 | lrm: 0.39 | dt: 3506.97ms | tok/sec: 149,498 | bf16_mfu: 36.64 | epoch: 1 pq: 22 rg: 58 | total time: 112.86m | eta: 34.3m
step 01936/02520 (76.83%) | loss: 2.871377 | lrm: 0.39 | dt: 3508.43ms | tok/sec: 149,436 | bf16_mfu: 36.62 | epoch: 1 pq: 22 rg: 59 | total time: 112.92m | eta: 34.2m
step 01937/02520 (76.87%) | loss: 2.864541 | lrm: 0.39 | dt: 3509.50ms | tok/sec: 149,390 | bf16_mfu: 36.61 | epoch: 1 pq: 22 rg: 60 | total time: 112.98m | eta: 34.2m
step 01938/02520 (76.90%) | loss: 2.885533 | lrm: 0.39 | dt: 3508.79ms | tok/sec: 149,421 | bf16_mfu: 36.62 | epoch: 1 pq: 22 rg: 61 | total time: 113.04m | eta: 34.1m
step 01939/02520 (76.94%) | loss: 2.895841 | lrm: 0.39 | dt: 3508.89ms | tok/sec: 149,417 | bf16_mfu: 36.62 | epoch: 1 pq: 22 rg: 62 | total time: 113.09m | eta: 34.1m
step 01940/02520 (76.98%) | loss: 2.895755 | lrm: 0.39 | dt: 3508.75ms | tok/sec: 149,423 | bf16_mfu: 36.62 | epoch: 1 pq: 22 rg: 63 | total time: 113.15m | eta: 34.0m
step 01941/02520 (77.02%) | loss: 2.893686 | lrm: 0.39 | dt: 3507.83ms | tok/sec: 149,462 | bf16_mfu: 36.63 | epoch: 1 pq: 22 rg: 64 | total time: 113.21m | eta: 33.9m
step 01942/02520 (77.06%) | loss: 2.906033 | lrm: 0.39 | dt: 3507.80ms | tok/sec: 149,463 | bf16_mfu: 36.63 | epoch: 1 pq: 22 rg: 65 | total time: 113.27m | eta: 33.9m
step 01943/02520 (77.10%) | loss: 2.899878 | lrm: 0.38 | dt: 3508.74ms | tok/sec: 149,423 | bf16_mfu: 36.62 | epoch: 1 pq: 22 rg: 66 | total time: 113.33m | eta: 33.8m
step 01944/02520 (77.14%) | loss: 2.902329 | lrm: 0.38 | dt: 3507.68ms | tok/sec: 149,468 | bf16_mfu: 36.63 | epoch: 1 pq: 22 rg: 67 | total time: 113.39m | eta: 33.8m
step 01945/02520 (77.18%) | loss: 2.905019 | lrm: 0.38 | dt: 3509.91ms | tok/sec: 149,373 | bf16_mfu: 36.60 | epoch: 1 pq: 22 rg: 68 | total time: 113.45m | eta: 33.7m
step 01946/02520 (77.22%) | loss: 2.896957 | lrm: 0.38 | dt: 3509.55ms | tok/sec: 149,388 | bf16_mfu: 36.61 | epoch: 1 pq: 22 rg: 69 | total time: 113.50m | eta: 33.7m
step 01947/02520 (77.26%) | loss: 2.888373 | lrm: 0.38 | dt: 3511.09ms | tok/sec: 149,323 | bf16_mfu: 36.59 | epoch: 1 pq: 22 rg: 70 | total time: 113.56m | eta: 33.6m
step 01948/02520 (77.30%) | loss: 2.875693 | lrm: 0.38 | dt: 3510.97ms | tok/sec: 149,328 | bf16_mfu: 36.59 | epoch: 1 pq: 22 rg: 71 | total time: 113.62m | eta: 33.5m
step 01949/02520 (77.34%) | loss: 2.854164 | lrm: 0.38 | dt: 3512.45ms | tok/sec: 149,265 | bf16_mfu: 36.58 | epoch: 1 pq: 22 rg: 72 | total time: 113.68m | eta: 33.5m
Step 01950 | Validation bpb: 0.893970
<|bos|>The capital of France is the capital of the French Republic, which is the capital of the country of France
<|bos|>The chemical symbol of gold is Au. It is a soft, malleable, and ductile metal. It
<|bos|>If yesterday was Friday, then tomorrow will be Friday. I'm not sure if it's a good idea to have a Friday
<|bos|>The opposite of hot is cold. The opposite of cold is hot. The opposite of cold is hot.
<|bos|>The planets of the solar system are: Mercury, Venus, Mars, Jupiter, Saturn, Uranus, Neptune
<|bos|>My favorite color is a deep, rich, dark brown. I like to use a light, medium
<|bos|>If 5*x + 3 = 13, then x is 13. If 5*x + 3 = 13, then
2026-09-25 19:55:08,246 - nanochat.checkpoint_manager - [32m[1mINFO[0m - Saved model parameters to: /local/s3774740/d12/cache/base_checkpoints/d12v32768/model_001950.pt
2026-09-25 19:55:08,246 - nanochat.checkpoint_manager - [32m[1mINFO[0m - Saved metadata to: /local/s3774740/d12/cache/base_checkpoints/d12v32768/meta_001950.json
2026-09-25 19:55:09,023 - nanochat.checkpoint_manager - [32m[1mINFO[0m - Saved optimizer state to: /local/s3774740/d12/cache/base_checkpoints/d12v32768/optim_001950_rank0.pt
step 01950/02520 (77.38%) | loss: 2.855186 | lrm: 0.38 | dt: 3502.05ms | tok/sec: 149,708 | bf16_mfu: 36.69 | epoch: 1 pq: 22 rg: 73 | total time: 113.74m | eta: 33.4m
step 01951/02520 (77.42%) | loss: 2.854144 | lrm: 0.38 | dt: 3497.82ms | tok/sec: 149,890 | bf16_mfu: 36.73 | epoch: 1 pq: 22 rg: 74 | total time: 113.80m | eta: 33.4m
step 01952/02520 (77.46%) | loss: 2.853720 | lrm: 0.38 | dt: 3493.96ms | tok/sec: 150,055 | bf16_mfu: 36.77 | epoch: 1 pq: 22 rg: 75 | total time: 113.85m | eta: 33.3m
step 01953/02520 (77.50%) | loss: 2.829202 | lrm: 0.38 | dt: 3499.57ms | tok/sec: 149,814 | bf16_mfu: 36.71 | epoch: 1 pq: 22 rg: 76 | total time: 113.91m | eta: 33.2m
step 01954/02520 (77.54%) | loss: 2.819947 | lrm: 0.38 | dt: 3494.70ms | tok/sec: 150,023 | bf16_mfu: 36.76 | epoch: 1 pq: 22 rg: 77 | total time: 113.97m | eta: 33.2m
step 01955/02520 (77.58%) | loss: 2.813000 | lrm: 0.38 | dt: 3496.68ms | tok/sec: 149,938 | bf16_mfu: 36.74 | epoch: 1 pq: 22 rg: 78 | total time: 114.03m | eta: 33.1m
step 01956/02520 (77.62%) | loss: 2.824262 | lrm: 0.38 | dt: 3501.40ms | tok/sec: 149,736 | bf16_mfu: 36.69 | epoch: 1 pq: 22 rg: 79 | total time: 114.09m | eta: 33.1m
step 01957/02520 (77.66%) | loss: 2.816286 | lrm: 0.38 | dt: 3498.89ms | tok/sec: 149,843 | bf16_mfu: 36.72 | epoch: 1 pq: 22 rg: 80 | total time: 114.15m | eta: 33.0m
step 01958/02520 (77.70%) | loss: 2.797084 | lrm: 0.38 | dt: 3497.15ms | tok/sec: 149,918 | bf16_mfu: 36.74 | epoch: 1 pq: 22 rg: 81 | total time: 114.20m | eta: 32.9m
step 01959/02520 (77.74%) | loss: 2.803329 | lrm: 0.38 | dt: 3500.08ms | tok/sec: 149,793 | bf16_mfu: 36.71 | epoch: 1 pq: 22 rg: 82 | total time: 114.26m | eta: 32.9m
step 01960/02520 (77.78%) | loss: 2.812935 | lrm: 0.37 | dt: 3501.56ms | tok/sec: 149,729 | bf16_mfu: 36.69 | epoch: 1 pq: 22 rg: 83 | total time: 114.32m | eta: 32.8m
step 01961/02520 (77.82%) | loss: 2.820860 | lrm: 0.37 | dt: 3506.44ms | tok/sec: 149,521 | bf16_mfu: 36.64 | epoch: 1 pq: 23 rg: 0 | total time: 114.38m | eta: 32.8m
step 01962/02520 (77.86%) | loss: 2.823636 | lrm: 0.37 | dt: 3504.28ms | tok/sec: 149,613 | bf16_mfu: 36.66 | epoch: 1 pq: 23 rg: 1 | total time: 114.44m | eta: 32.7m
step 01963/02520 (77.90%) | loss: 2.825953 | lrm: 0.37 | dt: 3506.78ms | tok/sec: 149,507 | bf16_mfu: 36.64 | epoch: 1 pq: 23 rg: 1 | total time: 114.50m | eta: 32.7m
step 01964/02520 (77.94%) | loss: 2.831957 | lrm: 0.37 | dt: 3507.97ms | tok/sec: 149,456 | bf16_mfu: 36.62 | epoch: 1 pq: 23 rg: 2 | total time: 114.55m | eta: 32.6m
step 01965/02520 (77.98%) | loss: 2.830444 | lrm: 0.37 | dt: 3508.56ms | tok/sec: 149,431 | bf16_mfu: 36.62 | epoch: 1 pq: 23 rg: 3 | total time: 114.61m | eta: 32.5m
step 01966/02520 (78.02%) | loss: 2.828032 | lrm: 0.37 | dt: 3508.36ms | tok/sec: 149,439 | bf16_mfu: 36.62 | epoch: 1 pq: 23 rg: 4 | total time: 114.67m | eta: 32.5m
step 01967/02520 (78.06%) | loss: 2.804970 | lrm: 0.37 | dt: 3507.32ms | tok/sec: 149,484 | bf16_mfu: 36.63 | epoch: 1 pq: 23 rg: 5 | total time: 114.73m | eta: 32.4m
step 01968/02520 (78.10%) | loss: 2.812054 | lrm: 0.37 | dt: 3510.06ms | tok/sec: 149,367 | bf16_mfu: 36.60 | epoch: 1 pq: 23 rg: 6 | total time: 114.79m | eta: 32.4m
step 01969/02520 (78.13%) | loss: 2.806883 | lrm: 0.37 | dt: 3507.54ms | tok/sec: 149,474 | bf16_mfu: 36.63 | epoch: 1 pq: 23 rg: 7 | total time: 114.85m | eta: 32.3m
step 01970/02520 (78.17%) | loss: 2.807117 | lrm: 0.37 | dt: 3508.14ms | tok/sec: 149,448 | bf16_mfu: 36.62 | epoch: 1 pq: 23 rg: 8 | total time: 114.91m | eta: 32.2m
step 01971/02520 (78.21%) | loss: 2.824857 | lrm: 0.37 | dt: 3505.50ms | tok/sec: 149,561 | bf16_mfu: 36.65 | epoch: 1 pq: 23 rg: 9 | total time: 114.96m | eta: 32.2m
step 01972/02520 (78.25%) | loss: 2.822757 | lrm: 0.37 | dt: 3505.71ms | tok/sec: 149,552 | bf16_mfu: 36.65 | epoch: 1 pq: 23 rg: 10 | total time: 115.02m | eta: 32.1m
step 01973/02520 (78.29%) | loss: 2.805179 | lrm: 0.37 | dt: 3505.53ms | tok/sec: 149,560 | bf16_mfu: 36.65 | epoch: 1 pq: 23 rg: 11 | total time: 115.08m | eta: 32.1m
step 01974/02520 (78.33%) | loss: 2.805037 | lrm: 0.37 | dt: 3504.12ms | tok/sec: 149,620 | bf16_mfu: 36.67 | epoch: 1 pq: 23 rg: 12 | total time: 115.14m | eta: 32.0m
step 01975/02520 (78.37%) | loss: 2.816178 | lrm: 0.37 | dt: 3506.98ms | tok/sec: 149,498 | bf16_mfu: 36.64 | epoch: 1 pq: 23 rg: 13 | total time: 115.20m | eta: 32.0m
step 01976/02520 (78.41%) | loss: 2.824891 | lrm: 0.37 | dt: 3505.07ms | tok/sec: 149,580 | bf16_mfu: 36.66 | epoch: 1 pq: 23 rg: 14 | total time: 115.26m | eta: 31.9m
step 01977/02520 (78.45%) | loss: 2.851221 | lrm: 0.36 | dt: 3504.94ms | tok/sec: 149,585 | bf16_mfu: 36.66 | epoch: 1 pq: 23 rg: 15 | total time: 115.31m | eta: 31.8m
step 01978/02520 (78.49%) | loss: 2.841215 | lrm: 0.36 | dt: 3504.56ms | tok/sec: 149,601 | bf16_mfu: 36.66 | epoch: 1 pq: 23 rg: 16 | total time: 115.37m | eta: 31.8m
step 01979/02520 (78.53%) | loss: 2.847420 | lrm: 0.36 | dt: 3508.86ms | tok/sec: 149,418 | bf16_mfu: 36.62 | epoch: 1 pq: 23 rg: 17 | total time: 115.43m | eta: 31.7m
step 01980/02520 (78.57%) | loss: 2.851144 | lrm: 0.36 | dt: 3508.47ms | tok/sec: 149,434 | bf16_mfu: 36.62 | epoch: 1 pq: 23 rg: 18 | total time: 115.49m | eta: 31.7m
step 01981/02520 (78.61%) | loss: 2.866004 | lrm: 0.36 | dt: 3510.21ms | tok/sec: 149,360 | bf16_mfu: 36.60 | epoch: 1 pq: 23 rg: 19 | total time: 115.55m | eta: 31.6m
step 01982/02520 (78.65%) | loss: 2.871356 | lrm: 0.36 | dt: 3508.82ms | tok/sec: 149,420 | bf16_mfu: 36.62 | epoch: 1 pq: 23 rg: 20 | total time: 115.61m | eta: 31.5m
step 01983/02520 (78.69%) | loss: 2.866266 | lrm: 0.36 | dt: 3510.11ms | tok/sec: 149,365 | bf16_mfu: 36.60 | epoch: 1 pq: 23 rg: 21 | total time: 115.67m | eta: 31.5m
step 01984/02520 (78.73%) | loss: 2.860404 | lrm: 0.36 | dt: 3504.90ms | tok/sec: 149,586 | bf16_mfu: 36.66 | epoch: 1 pq: 23 rg: 22 | total time: 115.72m | eta: 31.4m
step 01985/02520 (78.77%) | loss: 2.840718 | lrm: 0.36 | dt: 3508.14ms | tok/sec: 149,448 | bf16_mfu: 36.62 | epoch: 1 pq: 23 rg: 23 | total time: 115.78m | eta: 31.4m
step 01986/02520 (78.81%) | loss: 2.856031 | lrm: 0.36 | dt: 3506.62ms | tok/sec: 149,513 | bf16_mfu: 36.64 | epoch: 1 pq: 23 rg: 24 | total time: 115.84m | eta: 31.3m
step 01987/02520 (78.85%) | loss: 2.864405 | lrm: 0.36 | dt: 3507.28ms | tok/sec: 149,485 | bf16_mfu: 36.63 | epoch: 1 pq: 23 rg: 25 | total time: 115.90m | eta: 31.2m
step 01988/02520 (78.89%) | loss: 2.849763 | lrm: 0.36 | dt: 3505.77ms | tok/sec: 149,550 | bf16_mfu: 36.65 | epoch: 1 pq: 23 rg: 26 | total time: 115.96m | eta: 31.2m
step 01989/02520 (78.93%) | loss: 2.866600 | lrm: 0.36 | dt: 3510.49ms | tok/sec: 149,348 | bf16_mfu: 36.60 | epoch: 1 pq: 23 rg: 27 | total time: 116.02m | eta: 31.1m
step 01990/02520 (78.97%) | loss: 2.864883 | lrm: 0.36 | dt: 3509.57ms | tok/sec: 149,388 | bf16_mfu: 36.61 | epoch: 1 pq: 23 rg: 28 | total time: 116.07m | eta: 31.1m
step 01991/02520 (79.01%) | loss: 2.852633 | lrm: 0.36 | dt: 3505.98ms | tok/sec: 149,540 | bf16_mfu: 36.65 | epoch: 1 pq: 23 rg: 29 | total time: 116.13m | eta: 31.0m
step 01992/02520 (79.05%) | loss: 2.846520 | lrm: 0.36 | dt: 3506.93ms | tok/sec: 149,500 | bf16_mfu: 36.64 | epoch: 1 pq: 23 rg: 30 | total time: 116.19m | eta: 31.0m
step 01993/02520 (79.09%) | loss: 2.863656 | lrm: 0.36 | dt: 3507.29ms | tok/sec: 149,485 | bf16_mfu: 36.63 | epoch: 1 pq: 23 rg: 30 | total time: 116.25m | eta: 30.9m
step 01994/02520 (79.13%) | loss: 2.867216 | lrm: 0.36 | dt: 3508.80ms | tok/sec: 149,420 | bf16_mfu: 36.62 | epoch: 1 pq: 23 rg: 31 | total time: 116.31m | eta: 30.8m
step 01995/02520 (79.17%) | loss: 2.853300 | lrm: 0.35 | dt: 3503.21ms | tok/sec: 149,659 | bf16_mfu: 36.67 | epoch: 1 pq: 23 rg: 32 | total time: 116.37m | eta: 30.8m
step 01996/02520 (79.21%) | loss: 2.833041 | lrm: 0.35 | dt: 3504.39ms | tok/sec: 149,608 | bf16_mfu: 36.66 | epoch: 1 pq: 23 rg: 33 | total time: 116.42m | eta: 30.7m
step 01997/02520 (79.25%) | loss: 2.853658 | lrm: 0.35 | dt: 3506.50ms | tok/sec: 149,518 | bf16_mfu: 36.64 | epoch: 1 pq: 23 rg: 34 | total time: 116.48m | eta: 30.7m
step 01998/02520 (79.29%) | loss: 2.856065 | lrm: 0.35 | dt: 3505.12ms | tok/sec: 149,577 | bf16_mfu: 36.65 | epoch: 1 pq: 23 rg: 35 | total time: 116.54m | eta: 30.6m
step 01999/02520 (79.33%) | loss: 2.846913 | lrm: 0.35 | dt: 3501.52ms | tok/sec: 149,731 | bf16_mfu: 36.69 | epoch: 1 pq: 23 rg: 36 | total time: 116.60m | eta: 30.5m
<|bos|>The capital of France is the capital of the country of France. The capital of France is the capital of
<|bos|>The chemical symbol of gold is a chemical element with the symbol Au. It is a lustrous, golden-white
<|bos|>If yesterday was Friday, then tomorrow will be Saturday. If yesterday was Sunday, then Sunday will be Sunday. If yesterday was
<|bos|>The opposite of hot is cold. The opposite of cold is hot. The opposite of hot is cold.
<|bos|>The planets of the solar system are: Mercury, Venus, Earth, Mars, Jupiter, Saturn, Uranus, Ne
<|bos|>My favorite color is a deep blue. I love the color of the sky, the sky is blue
<|bos|>If 5*x + 3 = 13, then x is the number of 13's. If 5*x + 3 =
step 02000/02520 (79.37%) | loss: 2.850948 | lrm: 0.35 | dt: 3509.35ms | tok/sec: 149,397 | bf16_mfu: 36.61 | epoch: 1 pq: 23 rg: 37 | total time: 116.66m | eta: 30.5m
step 02001/02520 (79.40%) | loss: 2.867753 | lrm: 0.35 | dt: 3507.90ms | tok/sec: 149,459 | bf16_mfu: 36.63 | epoch: 1 pq: 23 rg: 38 | total time: 116.72m | eta: 30.4m
step 02002/02520 (79.44%) | loss: 2.868801 | lrm: 0.35 | dt: 3504.51ms | tok/sec: 149,603 | bf16_mfu: 36.66 | epoch: 1 pq: 23 rg: 39 | total time: 116.78m | eta: 30.4m
step 02003/02520 (79.48%) | loss: 2.845650 | lrm: 0.35 | dt: 3506.45ms | tok/sec: 149,521 | bf16_mfu: 36.64 | epoch: 1 pq: 23 rg: 40 | total time: 116.83m | eta: 30.3m
step 02004/02520 (79.52%) | loss: 2.841245 | lrm: 0.35 | dt: 3507.58ms | tok/sec: 149,472 | bf16_mfu: 36.63 | epoch: 1 pq: 23 rg: 41 | total time: 116.89m | eta: 30.2m
step 02005/02520 (79.56%) | loss: 2.860197 | lrm: 0.35 | dt: 3505.36ms | tok/sec: 149,567 | bf16_mfu: 36.65 | epoch: 1 pq: 23 rg: 42 | total time: 116.95m | eta: 30.2m
step 02006/02520 (79.60%) | loss: 2.866542 | lrm: 0.35 | dt: 3506.58ms | tok/sec: 149,515 | bf16_mfu: 36.64 | epoch: 1 pq: 23 rg: 43 | total time: 117.01m | eta: 30.1m
step 02007/02520 (79.64%) | loss: 2.873999 | lrm: 0.35 | dt: 3506.05ms | tok/sec: 149,538 | bf16_mfu: 36.65 | epoch: 1 pq: 23 rg: 44 | total time: 117.07m | eta: 30.1m
step 02008/02520 (79.68%) | loss: 2.855878 | lrm: 0.35 | dt: 3503.46ms | tok/sec: 149,648 | bf16_mfu: 36.67 | epoch: 1 pq: 23 rg: 45 | total time: 117.13m | eta: 30.0m
step 02009/02520 (79.72%) | loss: 2.855552 | lrm: 0.35 | dt: 3505.02ms | tok/sec: 149,582 | bf16_mfu: 36.66 | epoch: 1 pq: 23 rg: 46 | total time: 117.18m | eta: 30.0m
step 02010/02520 (79.76%) | loss: 2.861767 | lrm: 0.35 | dt: 3506.96ms | tok/sec: 149,499 | bf16_mfu: 36.64 | epoch: 1 pq: 23 rg: 47 | total time: 117.24m | eta: 29.9m
step 02011/02520 (79.80%) | loss: 2.873062 | lrm: 0.35 | dt: 3508.13ms | tok/sec: 149,449 | bf16_mfu: 36.62 | epoch: 1 pq: 23 rg: 48 | total time: 117.30m | eta: 29.8m
step 02012/02520 (79.84%) | loss: 2.889639 | lrm: 0.34 | dt: 3505.60ms | tok/sec: 149,557 | bf16_mfu: 36.65 | epoch: 1 pq: 23 rg: 49 | total time: 117.36m | eta: 29.8m
step 02013/02520 (79.88%) | loss: 2.888109 | lrm: 0.34 | dt: 3504.71ms | tok/sec: 149,595 | bf16_mfu: 36.66 | epoch: 1 pq: 23 rg: 50 | total time: 117.42m | eta: 29.7m
step 02014/02520 (79.92%) | loss: 2.884050 | lrm: 0.34 | dt: 3505.72ms | tok/sec: 149,552 | bf16_mfu: 36.65 | epoch: 1 pq: 23 rg: 51 | total time: 117.48m | eta: 29.7m
step 02015/02520 (79.96%) | loss: 2.874104 | lrm: 0.34 | dt: 3507.84ms | tok/sec: 149,461 | bf16_mfu: 36.63 | epoch: 1 pq: 23 rg: 52 | total time: 117.54m | eta: 29.6m
step 02016/02520 (80.00%) | loss: 2.862662 | lrm: 0.34 | dt: 3506.23ms | tok/sec: 149,530 | bf16_mfu: 36.64 | epoch: 1 pq: 23 rg: 53 | total time: 117.59m | eta: 29.5m
step 02017/02520 (80.04%) | loss: 2.870279 | lrm: 0.34 | dt: 3509.44ms | tok/sec: 149,393 | bf16_mfu: 36.61 | epoch: 1 pq: 23 rg: 54 | total time: 117.65m | eta: 29.5m
step 02018/02520 (80.08%) | loss: 2.874020 | lrm: 0.34 | dt: 3504.78ms | tok/sec: 149,592 | bf16_mfu: 36.66 | epoch: 1 pq: 23 rg: 55 | total time: 117.71m | eta: 29.4m
step 02019/02520 (80.12%) | loss: 2.858623 | lrm: 0.34 | dt: 3506.68ms | tok/sec: 149,511 | bf16_mfu: 36.64 | epoch: 1 pq: 23 rg: 56 | total time: 117.77m | eta: 29.4m
step 02020/02520 (80.16%) | loss: 2.864581 | lrm: 0.34 | dt: 3507.63ms | tok/sec: 149,470 | bf16_mfu: 36.63 | epoch: 1 pq: 23 rg: 57 | total time: 117.83m | eta: 29.3m
step 02021/02520 (80.20%) | loss: 2.858921 | lrm: 0.34 | dt: 3507.72ms | tok/sec: 149,466 | bf16_mfu: 36.63 | epoch: 1 pq: 23 rg: 58 | total time: 117.89m | eta: 29.3m
step 02022/02520 (80.24%) | loss: 2.856130 | lrm: 0.34 | dt: 3507.26ms | tok/sec: 149,486 | bf16_mfu: 36.63 | epoch: 1 pq: 23 rg: 59 | total time: 117.94m | eta: 29.2m
step 02023/02520 (80.28%) | loss: 2.854716 | lrm: 0.34 | dt: 3505.96ms | tok/sec: 149,541 | bf16_mfu: 36.65 | epoch: 1 pq: 23 rg: 60 | total time: 118.00m | eta: 29.1m
step 02024/02520 (80.32%) | loss: 2.863081 | lrm: 0.34 | dt: 3508.76ms | tok/sec: 149,422 | bf16_mfu: 36.62 | epoch: 1 pq: 23 rg: 60 | total time: 118.06m | eta: 29.1m
step 02025/02520 (80.36%) | loss: 2.858891 | lrm: 0.34 | dt: 3505.07ms | tok/sec: 149,579 | bf16_mfu: 36.66 | epoch: 1 pq: 23 rg: 61 | total time: 118.12m | eta: 29.0m
step 02026/02520 (80.40%) | loss: 2.864484 | lrm: 0.34 | dt: 3505.02ms | tok/sec: 149,582 | bf16_mfu: 36.66 | epoch: 1 pq: 23 rg: 62 | total time: 118.18m | eta: 29.0m
step 02027/02520 (80.44%) | loss: 2.863360 | lrm: 0.34 | dt: 3505.33ms | tok/sec: 149,568 | bf16_mfu: 36.65 | epoch: 1 pq: 23 rg: 63 | total time: 118.24m | eta: 28.9m
step 02028/02520 (80.48%) | loss: 2.866198 | lrm: 0.34 | dt: 3506.17ms | tok/sec: 149,532 | bf16_mfu: 36.64 | epoch: 1 pq: 23 rg: 64 | total time: 118.29m | eta: 28.8m
step 02029/02520 (80.52%) | loss: 2.855363 | lrm: 0.33 | dt: 3503.12ms | tok/sec: 149,663 | bf16_mfu: 36.68 | epoch: 1 pq: 23 rg: 65 | total time: 118.35m | eta: 28.8m
step 02030/02520 (80.56%) | loss: 2.855026 | lrm: 0.33 | dt: 3509.92ms | tok/sec: 149,373 | bf16_mfu: 36.60 | epoch: 1 pq: 23 rg: 66 | total time: 118.41m | eta: 28.7m
step 02031/02520 (80.60%) | loss: 2.859524 | lrm: 0.33 | dt: 3506.48ms | tok/sec: 149,519 | bf16_mfu: 36.64 | epoch: 1 pq: 23 rg: 67 | total time: 118.47m | eta: 28.7m
step 02032/02520 (80.63%) | loss: 2.843095 | lrm: 0.33 | dt: 3505.24ms | tok/sec: 149,572 | bf16_mfu: 36.65 | epoch: 1 pq: 23 rg: 68 | total time: 118.53m | eta: 28.6m
step 02033/02520 (80.67%) | loss: 2.845004 | lrm: 0.33 | dt: 3506.83ms | tok/sec: 149,504 | bf16_mfu: 36.64 | epoch: 1 pq: 23 rg: 69 | total time: 118.59m | eta: 28.5m
step 02034/02520 (80.71%) | loss: 2.821848 | lrm: 0.33 | dt: 3504.39ms | tok/sec: 149,609 | bf16_mfu: 36.66 | epoch: 1 pq: 23 rg: 70 | total time: 118.65m | eta: 28.5m
step 02035/02520 (80.75%) | loss: 2.838782 | lrm: 0.33 | dt: 3504.60ms | tok/sec: 149,600 | bf16_mfu: 36.66 | epoch: 1 pq: 23 rg: 71 | total time: 118.70m | eta: 28.4m
step 02036/02520 (80.79%) | loss: 2.823305 | lrm: 0.33 | dt: 3505.94ms | tok/sec: 149,542 | bf16_mfu: 36.65 | epoch: 1 pq: 23 rg: 72 | total time: 118.76m | eta: 28.4m
step 02037/02520 (80.83%) | loss: 2.817461 | lrm: 0.33 | dt: 3504.02ms | tok/sec: 149,624 | bf16_mfu: 36.67 | epoch: 1 pq: 23 rg: 73 | total time: 118.82m | eta: 28.3m
step 02038/02520 (80.87%) | loss: 2.821291 | lrm: 0.33 | dt: 3506.43ms | tok/sec: 149,521 | bf16_mfu: 36.64 | epoch: 1 pq: 23 rg: 74 | total time: 118.88m | eta: 28.3m
step 02039/02520 (80.91%) | loss: 2.820818 | lrm: 0.33 | dt: 3507.44ms | tok/sec: 149,478 | bf16_mfu: 36.63 | epoch: 1 pq: 23 rg: 75 | total time: 118.94m | eta: 28.2m
step 02040/02520 (80.95%) | loss: 2.828368 | lrm: 0.33 | dt: 3506.01ms | tok/sec: 149,539 | bf16_mfu: 36.65 | epoch: 1 pq: 23 rg: 76 | total time: 119.00m | eta: 28.1m
step 02041/02520 (80.99%) | loss: 2.821358 | lrm: 0.33 | dt: 3507.97ms | tok/sec: 149,456 | bf16_mfu: 36.62 | epoch: 1 pq: 23 rg: 77 | total time: 119.05m | eta: 28.1m
step 02042/02520 (81.03%) | loss: 2.827966 | lrm: 0.33 | dt: 3504.97ms | tok/sec: 149,584 | bf16_mfu: 36.66 | epoch: 1 pq: 23 rg: 78 | total time: 119.11m | eta: 28.0m
step 02043/02520 (81.07%) | loss: 2.840674 | lrm: 0.33 | dt: 3504.14ms | tok/sec: 149,619 | bf16_mfu: 36.66 | epoch: 1 pq: 23 rg: 79 | total time: 119.17m | eta: 28.0m
step 02044/02520 (81.11%) | loss: 2.840546 | lrm: 0.33 | dt: 3508.14ms | tok/sec: 149,448 | bf16_mfu: 36.62 | epoch: 1 pq: 23 rg: 80 | total time: 119.23m | eta: 27.9m
step 02045/02520 (81.15%) | loss: 2.835689 | lrm: 0.33 | dt: 3505.87ms | tok/sec: 149,545 | bf16_mfu: 36.65 | epoch: 1 pq: 23 rg: 81 | total time: 119.29m | eta: 27.8m
step 02046/02520 (81.19%) | loss: 2.841864 | lrm: 0.32 | dt: 3506.83ms | tok/sec: 149,504 | bf16_mfu: 36.64 | epoch: 1 pq: 23 rg: 82 | total time: 119.35m | eta: 27.8m
step 02047/02520 (81.23%) | loss: 2.845583 | lrm: 0.32 | dt: 3508.25ms | tok/sec: 149,444 | bf16_mfu: 36.62 | epoch: 1 pq: 24 rg: 0 | total time: 119.41m | eta: 27.7m
step 02048/02520 (81.27%) | loss: 2.850794 | lrm: 0.32 | dt: 3502.12ms | tok/sec: 149,705 | bf16_mfu: 36.69 | epoch: 1 pq: 24 rg: 1 | total time: 119.46m | eta: 27.7m
step 02049/02520 (81.31%) | loss: 2.849699 | lrm: 0.32 | dt: 3506.28ms | tok/sec: 149,528 | bf16_mfu: 36.64 | epoch: 1 pq: 24 rg: 2 | total time: 119.52m | eta: 27.6m
<|bos|>The capital of France is the capital of France. It is the capital of France. The capital of France
<|bos|>The chemical symbol of gold is Au. It is a chemical element with the symbol Au. It is a soft
<|bos|>If yesterday was Friday, then tomorrow will be Friday. The day before the day of the week, the day of the week
<|bos|>The opposite of hot is cold. The opposite of cold is hot. The opposite of cold is cold.
<|bos|>The planets of the solar system are: Mercury, Venus, Earth, Mars, Jupiter, Saturn, Uranus, Ne
<|bos|>My favorite color is a deep blue. I like to use it in my paintings because it is a
<|bos|>If 5*x + 3 = 13, then x is the number of times 5*x + 3 = 13. If
step 02050/02520 (81.35%) | loss: 2.845713 | lrm: 0.32 | dt: 3504.21ms | tok/sec: 149,616 | bf16_mfu: 36.66 | epoch: 1 pq: 24 rg: 3 | total time: 119.58m | eta: 27.6m
step 02051/02520 (81.39%) | loss: 2.843149 | lrm: 0.32 | dt: 3502.18ms | tok/sec: 149,703 | bf16_mfu: 36.69 | epoch: 1 pq: 24 rg: 4 | total time: 119.64m | eta: 27.5m
step 02052/02520 (81.43%) | loss: 2.856054 | lrm: 0.32 | dt: 3505.21ms | tok/sec: 149,574 | bf16_mfu: 36.65 | epoch: 1 pq: 24 rg: 5 | total time: 119.70m | eta: 27.4m
step 02053/02520 (81.47%) | loss: 2.854359 | lrm: 0.32 | dt: 3505.15ms | tok/sec: 149,576 | bf16_mfu: 36.65 | epoch: 1 pq: 24 rg: 6 | total time: 119.76m | eta: 27.4m
step 02054/02520 (81.51%) | loss: 2.853247 | lrm: 0.32 | dt: 3505.08ms | tok/sec: 149,579 | bf16_mfu: 36.66 | epoch: 1 pq: 24 rg: 7 | total time: 119.81m | eta: 27.3m
step 02055/02520 (81.55%) | loss: 2.837646 | lrm: 0.32 | dt: 3506.16ms | tok/sec: 149,533 | bf16_mfu: 36.64 | epoch: 1 pq: 24 rg: 8 | total time: 119.87m | eta: 27.3m
step 02056/02520 (81.59%) | loss: 2.836097 | lrm: 0.32 | dt: 3505.22ms | tok/sec: 149,573 | bf16_mfu: 36.65 | epoch: 1 pq: 24 rg: 8 | total time: 119.93m | eta: 27.2m
step 02057/02520 (81.63%) | loss: 2.844135 | lrm: 0.32 | dt: 3505.47ms | tok/sec: 149,562 | bf16_mfu: 36.65 | epoch: 1 pq: 24 rg: 9 | total time: 119.99m | eta: 27.1m
step 02058/02520 (81.67%) | loss: 2.833052 | lrm: 0.32 | dt: 3504.96ms | tok/sec: 149,584 | bf16_mfu: 36.66 | epoch: 1 pq: 24 rg: 10 | total time: 120.05m | eta: 27.1m
step 02059/02520 (81.71%) | loss: 2.833052 | lrm: 0.32 | dt: 3506.16ms | tok/sec: 149,533 | bf16_mfu: 36.64 | epoch: 1 pq: 24 rg: 11 | total time: 120.11m | eta: 27.0m
step 02060/02520 (81.75%) | loss: 2.836373 | lrm: 0.32 | dt: 3506.84ms | tok/sec: 149,504 | bf16_mfu: 36.64 | epoch: 1 pq: 24 rg: 12 | total time: 120.16m | eta: 27.0m
step 02061/02520 (81.79%) | loss: 2.844359 | lrm: 0.32 | dt: 3505.83ms | tok/sec: 149,547 | bf16_mfu: 36.65 | epoch: 1 pq: 24 rg: 13 | total time: 120.22m | eta: 26.9m
step 02062/02520 (81.83%) | loss: 2.840044 | lrm: 0.32 | dt: 3508.89ms | tok/sec: 149,416 | bf16_mfu: 36.62 | epoch: 1 pq: 24 rg: 14 | total time: 120.28m | eta: 26.8m
step 02063/02520 (81.87%) | loss: 2.846588 | lrm: 0.32 | dt: 3506.15ms | tok/sec: 149,533 | bf16_mfu: 36.64 | epoch: 1 pq: 24 rg: 15 | total time: 120.34m | eta: 26.8m
step 02064/02520 (81.90%) | loss: 2.842985 | lrm: 0.31 | dt: 3506.12ms | tok/sec: 149,534 | bf16_mfu: 36.64 | epoch: 1 pq: 24 rg: 16 | total time: 120.40m | eta: 26.7m
step 02065/02520 (81.94%) | loss: 2.849091 | lrm: 0.31 | dt: 3509.01ms | tok/sec: 149,411 | bf16_mfu: 36.61 | epoch: 1 pq: 24 rg: 17 | total time: 120.46m | eta: 26.7m
step 02066/02520 (81.98%) | loss: 2.862833 | lrm: 0.31 | dt: 3506.28ms | tok/sec: 149,528 | bf16_mfu: 36.64 | epoch: 1 pq: 24 rg: 18 | total time: 120.52m | eta: 26.6m
step 02067/02520 (82.02%) | loss: 2.852681 | lrm: 0.31 | dt: 3506.24ms | tok/sec: 149,529 | bf16_mfu: 36.64 | epoch: 1 pq: 24 rg: 19 | total time: 120.57m | eta: 26.6m
step 02068/02520 (82.06%) | loss: 2.857699 | lrm: 0.31 | dt: 3507.25ms | tok/sec: 149,486 | bf16_mfu: 36.63 | epoch: 1 pq: 24 rg: 20 | total time: 120.63m | eta: 26.5m
step 02069/02520 (82.10%) | loss: 2.859602 | lrm: 0.31 | dt: 3506.22ms | tok/sec: 149,530 | bf16_mfu: 36.64 | epoch: 1 pq: 24 rg: 21 | total time: 120.69m | eta: 26.4m
step 02070/02520 (82.14%) | loss: 2.851679 | lrm: 0.31 | dt: 3507.90ms | tok/sec: 149,459 | bf16_mfu: 36.63 | epoch: 1 pq: 24 rg: 22 | total time: 120.75m | eta: 26.4m
step 02071/02520 (82.18%) | loss: 2.859302 | lrm: 0.31 | dt: 3507.40ms | tok/sec: 149,480 | bf16_mfu: 36.63 | epoch: 1 pq: 24 rg: 23 | total time: 120.81m | eta: 26.3m
step 02072/02520 (82.22%) | loss: 2.856903 | lrm: 0.31 | dt: 3510.35ms | tok/sec: 149,354 | bf16_mfu: 36.60 | epoch: 1 pq: 24 rg: 24 | total time: 120.87m | eta: 26.3m
step 02073/02520 (82.26%) | loss: 2.862956 | lrm: 0.31 | dt: 3508.79ms | tok/sec: 149,421 | bf16_mfu: 36.62 | epoch: 1 pq: 24 rg: 25 | total time: 120.92m | eta: 26.2m
step 02074/02520 (82.30%) | loss: 2.866009 | lrm: 0.31 | dt: 3508.62ms | tok/sec: 149,428 | bf16_mfu: 36.62 | epoch: 1 pq: 24 rg: 26 | total time: 120.98m | eta: 26.1m
step 02075/02520 (82.34%) | loss: 2.861804 | lrm: 0.31 | dt: 3513.01ms | tok/sec: 149,241 | bf16_mfu: 36.57 | epoch: 1 pq: 24 rg: 27 | total time: 121.04m | eta: 26.1m
step 02076/02520 (82.38%) | loss: 2.851523 | lrm: 0.31 | dt: 3509.75ms | tok/sec: 149,380 | bf16_mfu: 36.61 | epoch: 1 pq: 24 rg: 28 | total time: 121.10m | eta: 26.0m
step 02077/02520 (82.42%) | loss: 2.862697 | lrm: 0.31 | dt: 3508.52ms | tok/sec: 149,432 | bf16_mfu: 36.62 | epoch: 1 pq: 24 rg: 29 | total time: 121.16m | eta: 26.0m
step 02078/02520 (82.46%) | loss: 2.865650 | lrm: 0.31 | dt: 3506.16ms | tok/sec: 149,533 | bf16_mfu: 36.64 | epoch: 1 pq: 24 rg: 30 | total time: 121.22m | eta: 25.9m
step 02079/02520 (82.50%) | loss: 2.871994 | lrm: 0.31 | dt: 3509.82ms | tok/sec: 149,377 | bf16_mfu: 36.61 | epoch: 1 pq: 24 rg: 31 | total time: 121.28m | eta: 25.8m
step 02080/02520 (82.54%) | loss: 2.863653 | lrm: 0.31 | dt: 3509.30ms | tok/sec: 149,399 | bf16_mfu: 36.61 | epoch: 1 pq: 24 rg: 32 | total time: 121.33m | eta: 25.8m
step 02081/02520 (82.58%) | loss: 2.858428 | lrm: 0.30 | dt: 3514.57ms | tok/sec: 149,175 | bf16_mfu: 36.56 | epoch: 1 pq: 24 rg: 33 | total time: 121.39m | eta: 25.7m
step 02082/02520 (82.62%) | loss: 2.843245 | lrm: 0.30 | dt: 3514.95ms | tok/sec: 149,159 | bf16_mfu: 36.55 | epoch: 1 pq: 24 rg: 34 | total time: 121.45m | eta: 25.7m
step 02083/02520 (82.66%) | loss: 2.838546 | lrm: 0.30 | dt: 3510.26ms | tok/sec: 149,358 | bf16_mfu: 36.60 | epoch: 1 pq: 24 rg: 35 | total time: 121.51m | eta: 25.6m
step 02084/02520 (82.70%) | loss: 2.829195 | lrm: 0.30 | dt: 3513.68ms | tok/sec: 149,213 | bf16_mfu: 36.57 | epoch: 1 pq: 24 rg: 36 | total time: 121.57m | eta: 25.6m
step 02085/02520 (82.74%) | loss: 2.826091 | lrm: 0.30 | dt: 3503.82ms | tok/sec: 149,633 | bf16_mfu: 36.67 | epoch: 1 pq: 24 rg: 37 | total time: 121.63m | eta: 25.5m
step 02086/02520 (82.78%) | loss: 2.809781 | lrm: 0.30 | dt: 3508.51ms | tok/sec: 149,433 | bf16_mfu: 36.62 | epoch: 1 pq: 24 rg: 37 | total time: 121.69m | eta: 25.4m
step 02087/02520 (82.82%) | loss: 2.812669 | lrm: 0.30 | dt: 3507.40ms | tok/sec: 149,480 | bf16_mfu: 36.63 | epoch: 1 pq: 24 rg: 38 | total time: 121.74m | eta: 25.4m
step 02088/02520 (82.86%) | loss: 2.831446 | lrm: 0.30 | dt: 3513.55ms | tok/sec: 149,218 | bf16_mfu: 36.57 | epoch: 1 pq: 24 rg: 39 | total time: 121.80m | eta: 25.3m
step 02089/02520 (82.90%) | loss: 2.828353 | lrm: 0.30 | dt: 3508.23ms | tok/sec: 149,445 | bf16_mfu: 36.62 | epoch: 1 pq: 24 rg: 40 | total time: 121.86m | eta: 25.3m
step 02090/02520 (82.94%) | loss: 2.833340 | lrm: 0.30 | dt: 3508.72ms | tok/sec: 149,424 | bf16_mfu: 36.62 | epoch: 1 pq: 24 rg: 41 | total time: 121.92m | eta: 25.2m
step 02091/02520 (82.98%) | loss: 2.830808 | lrm: 0.30 | dt: 3512.79ms | tok/sec: 149,251 | bf16_mfu: 36.57 | epoch: 1 pq: 24 rg: 42 | total time: 121.98m | eta: 25.1m
step 02092/02520 (83.02%) | loss: 2.834444 | lrm: 0.30 | dt: 3508.59ms | tok/sec: 149,429 | bf16_mfu: 36.62 | epoch: 1 pq: 24 rg: 43 | total time: 122.04m | eta: 25.1m
step 02093/02520 (83.06%) | loss: 2.841931 | lrm: 0.30 | dt: 3519.70ms | tok/sec: 148,957 | bf16_mfu: 36.50 | epoch: 1 pq: 24 rg: 44 | total time: 122.09m | eta: 25.0m
step 02094/02520 (83.10%) | loss: 2.841833 | lrm: 0.30 | dt: 3517.23ms | tok/sec: 149,062 | bf16_mfu: 36.53 | epoch: 1 pq: 24 rg: 45 | total time: 122.15m | eta: 25.0m
step 02095/02520 (83.13%) | loss: 2.849012 | lrm: 0.30 | dt: 3512.61ms | tok/sec: 149,258 | bf16_mfu: 36.58 | epoch: 1 pq: 24 rg: 46 | total time: 122.21m | eta: 24.9m
step 02096/02520 (83.17%) | loss: 2.850949 | lrm: 0.30 | dt: 3507.48ms | tok/sec: 149,477 | bf16_mfu: 36.63 | epoch: 1 pq: 24 rg: 47 | total time: 122.27m | eta: 24.9m
step 02097/02520 (83.21%) | loss: 2.849562 | lrm: 0.30 | dt: 3506.72ms | tok/sec: 149,509 | bf16_mfu: 36.64 | epoch: 1 pq: 24 rg: 48 | total time: 122.33m | eta: 24.8m
step 02098/02520 (83.25%) | loss: 2.841703 | lrm: 0.29 | dt: 3507.52ms | tok/sec: 149,475 | bf16_mfu: 36.63 | epoch: 1 pq: 24 rg: 49 | total time: 122.39m | eta: 24.7m
step 02099/02520 (83.29%) | loss: 2.852001 | lrm: 0.29 | dt: 3506.76ms | tok/sec: 149,507 | bf16_mfu: 36.64 | epoch: 1 pq: 24 rg: 50 | total time: 122.45m | eta: 24.7m
Step 02100 | Validation bpb: 0.884875
<|bos|>The capital of France is the capital of the world. It is the capital of the world. It is
<|bos|>The chemical symbol of gold is Au. It is a soft, silvery-white metal with a melting point of 
<|bos|>If yesterday was Friday, then tomorrow will be Saturday. If yesterday was Sunday, then tomorrow will be Sunday. If yesterday was
<|bos|>The opposite of hot is cold. The opposite of cold is hot. The opposite of cold is cold.
<|bos|>The planets of the solar system are: Earth, Mars, Jupiter, Saturn, Uranus, Neptune, Ne
<|bos|>My favorite color is a deep blue. I like to use it in my paintings because it is so
<|bos|>If 5*x + 3 = 13, then x is the number of times the number of times the number of times the number of times
2026-09-25 20:03:58,191 - nanochat.checkpoint_manager - [32m[1mINFO[0m - Saved model parameters to: /local/s3774740/d12/cache/base_checkpoints/d12v32768/model_002100.pt
2026-09-25 20:03:58,192 - nanochat.checkpoint_manager - [32m[1mINFO[0m - Saved metadata to: /local/s3774740/d12/cache/base_checkpoints/d12v32768/meta_002100.json
2026-09-25 20:03:58,965 - nanochat.checkpoint_manager - [32m[1mINFO[0m - Saved optimizer state to: /local/s3774740/d12/cache/base_checkpoints/d12v32768/optim_002100_rank0.pt
step 02100/02520 (83.33%) | loss: 2.841786 | lrm: 0.29 | dt: 3499.28ms | tok/sec: 149,827 | bf16_mfu: 36.72 | epoch: 1 pq: 24 rg: 51 | total time: 122.50m | eta: 24.6m
step 02101/02520 (83.37%) | loss: 2.851836 | lrm: 0.29 | dt: 3499.75ms | tok/sec: 149,807 | bf16_mfu: 36.71 | epoch: 1 pq: 24 rg: 52 | total time: 122.56m | eta: 24.6m
step 02102/02520 (83.41%) | loss: 2.847918 | lrm: 0.29 | dt: 3499.99ms | tok/sec: 149,796 | bf16_mfu: 36.71 | epoch: 1 pq: 24 rg: 53 | total time: 122.62m | eta: 24.5m
step 02103/02520 (83.45%) | loss: 2.848435 | lrm: 0.29 | dt: 3498.98ms | tok/sec: 149,840 | bf16_mfu: 36.72 | epoch: 1 pq: 24 rg: 54 | total time: 122.68m | eta: 24.4m
step 02104/02520 (83.49%) | loss: 2.836526 | lrm: 0.29 | dt: 3502.12ms | tok/sec: 149,705 | bf16_mfu: 36.69 | epoch: 1 pq: 24 rg: 55 | total time: 122.74m | eta: 24.4m
step 02105/02520 (83.53%) | loss: 2.849482 | lrm: 0.29 | dt: 3505.81ms | tok/sec: 149,548 | bf16_mfu: 36.65 | epoch: 1 pq: 24 rg: 56 | total time: 122.80m | eta: 24.3m
step 02106/02520 (83.57%) | loss: 2.858483 | lrm: 0.29 | dt: 3502.48ms | tok/sec: 149,690 | bf16_mfu: 36.68 | epoch: 1 pq: 24 rg: 57 | total time: 122.85m | eta: 24.3m
step 02107/02520 (83.61%) | loss: 2.855935 | lrm: 0.29 | dt: 3503.76ms | tok/sec: 149,635 | bf16_mfu: 36.67 | epoch: 1 pq: 24 rg: 58 | total time: 122.91m | eta: 24.2m
step 02108/02520 (83.65%) | loss: 2.848434 | lrm: 0.29 | dt: 3502.03ms | tok/sec: 149,709 | bf16_mfu: 36.69 | epoch: 1 pq: 24 rg: 59 | total time: 122.97m | eta: 24.1m
step 02109/02520 (83.69%) | loss: 2.845544 | lrm: 0.29 | dt: 3504.05ms | tok/sec: 149,623 | bf16_mfu: 36.67 | epoch: 1 pq: 24 rg: 60 | total time: 123.03m | eta: 24.1m
step 02110/02520 (83.73%) | loss: 2.842076 | lrm: 0.29 | dt: 3507.98ms | tok/sec: 149,455 | bf16_mfu: 36.62 | epoch: 1 pq: 24 rg: 61 | total time: 123.09m | eta: 24.0m
step 02111/02520 (83.77%) | loss: 2.865425 | lrm: 0.29 | dt: 3503.85ms | tok/sec: 149,631 | bf16_mfu: 36.67 | epoch: 1 pq: 24 rg: 62 | total time: 123.15m | eta: 24.0m
step 02112/02520 (83.81%) | loss: 2.878546 | lrm: 0.29 | dt: 3508.98ms | tok/sec: 149,413 | bf16_mfu: 36.61 | epoch: 1 pq: 24 rg: 63 | total time: 123.20m | eta: 23.9m
step 02113/02520 (83.85%) | loss: 2.873026 | lrm: 0.29 | dt: 3508.28ms | tok/sec: 149,443 | bf16_mfu: 36.62 | epoch: 1 pq: 24 rg: 64 | total time: 123.26m | eta: 23.9m
step 02114/02520 (83.89%) | loss: 2.881329 | lrm: 0.29 | dt: 3510.71ms | tok/sec: 149,339 | bf16_mfu: 36.60 | epoch: 1 pq: 24 rg: 65 | total time: 123.32m | eta: 23.8m
step 02115/02520 (83.93%) | loss: 2.871627 | lrm: 0.28 | dt: 3511.07ms | tok/sec: 149,324 | bf16_mfu: 36.59 | epoch: 1 pq: 24 rg: 66 | total time: 123.38m | eta: 23.7m
step 02116/02520 (83.97%) | loss: 2.873552 | lrm: 0.28 | dt: 3506.63ms | tok/sec: 149,513 | bf16_mfu: 36.64 | epoch: 1 pq: 24 rg: 67 | total time: 123.44m | eta: 23.7m
step 02117/02520 (84.01%) | loss: 2.876825 | lrm: 0.28 | dt: 3507.97ms | tok/sec: 149,456 | bf16_mfu: 36.62 | epoch: 1 pq: 24 rg: 68 | total time: 123.50m | eta: 23.6m
step 02118/02520 (84.05%) | loss: 2.864428 | lrm: 0.28 | dt: 3507.35ms | tok/sec: 149,482 | bf16_mfu: 36.63 | epoch: 1 pq: 24 rg: 68 | total time: 123.56m | eta: 23.6m
step 02119/02520 (84.09%) | loss: 2.860771 | lrm: 0.28 | dt: 3508.32ms | tok/sec: 149,441 | bf16_mfu: 36.62 | epoch: 1 pq: 24 rg: 69 | total time: 123.61m | eta: 23.5m
step 02120/02520 (84.13%) | loss: 2.851577 | lrm: 0.28 | dt: 3511.75ms | tok/sec: 149,295 | bf16_mfu: 36.59 | epoch: 1 pq: 24 rg: 70 | total time: 123.67m | eta: 23.4m
step 02121/02520 (84.17%) | loss: 2.832857 | lrm: 0.28 | dt: 3506.34ms | tok/sec: 149,525 | bf16_mfu: 36.64 | epoch: 1 pq: 24 rg: 71 | total time: 123.73m | eta: 23.4m
step 02122/02520 (84.21%) | loss: 2.829588 | lrm: 0.28 | dt: 3510.40ms | tok/sec: 149,352 | bf16_mfu: 36.60 | epoch: 1 pq: 24 rg: 72 | total time: 123.79m | eta: 23.3m
step 02123/02520 (84.25%) | loss: 2.821407 | lrm: 0.28 | dt: 3507.22ms | tok/sec: 149,488 | bf16_mfu: 36.63 | epoch: 1 pq: 24 rg: 73 | total time: 123.85m | eta: 23.3m
step 02124/02520 (84.29%) | loss: 2.826583 | lrm: 0.28 | dt: 3505.47ms | tok/sec: 149,562 | bf16_mfu: 36.65 | epoch: 1 pq: 24 rg: 74 | total time: 123.91m | eta: 23.2m
step 02125/02520 (84.33%) | loss: 2.833649 | lrm: 0.28 | dt: 3509.08ms | tok/sec: 149,408 | bf16_mfu: 36.61 | epoch: 1 pq: 24 rg: 75 | total time: 123.96m | eta: 23.2m
step 02126/02520 (84.37%) | loss: 2.829510 | lrm: 0.28 | dt: 3509.72ms | tok/sec: 149,381 | bf16_mfu: 36.61 | epoch: 1 pq: 24 rg: 76 | total time: 124.02m | eta: 23.1m
step 02127/02520 (84.40%) | loss: 2.850974 | lrm: 0.28 | dt: 3508.84ms | tok/sec: 149,419 | bf16_mfu: 36.62 | epoch: 1 pq: 24 rg: 77 | total time: 124.08m | eta: 23.0m
step 02128/02520 (84.44%) | loss: 2.850896 | lrm: 0.28 | dt: 3511.31ms | tok/sec: 149,314 | bf16_mfu: 36.59 | epoch: 1 pq: 24 rg: 78 | total time: 124.14m | eta: 23.0m
step 02129/02520 (84.48%) | loss: 2.846046 | lrm: 0.28 | dt: 3507.86ms | tok/sec: 149,460 | bf16_mfu: 36.63 | epoch: 1 pq: 24 rg: 79 | total time: 124.20m | eta: 22.9m
step 02130/02520 (84.52%) | loss: 2.841574 | lrm: 0.28 | dt: 3509.52ms | tok/sec: 149,390 | bf16_mfu: 36.61 | epoch: 1 pq: 24 rg: 80 | total time: 124.26m | eta: 22.9m
step 02131/02520 (84.56%) | loss: 2.844578 | lrm: 0.28 | dt: 3507.87ms | tok/sec: 149,460 | bf16_mfu: 36.63 | epoch: 1 pq: 24 rg: 81 | total time: 124.32m | eta: 22.8m
step 02132/02520 (84.60%) | loss: 2.852346 | lrm: 0.28 | dt: 3507.69ms | tok/sec: 149,468 | bf16_mfu: 36.63 | epoch: 1 pq: 24 rg: 82 | total time: 124.37m | eta: 22.7m
step 02133/02520 (84.64%) | loss: 2.843352 | lrm: 0.27 | dt: 3508.91ms | tok/sec: 149,416 | bf16_mfu: 36.62 | epoch: 1 pq: 25 rg: 0 | total time: 124.43m | eta: 22.7m
step 02134/02520 (84.68%) | loss: 2.829685 | lrm: 0.27 | dt: 3513.22ms | tok/sec: 149,232 | bf16_mfu: 36.57 | epoch: 1 pq: 25 rg: 1 | total time: 124.49m | eta: 22.6m
step 02135/02520 (84.72%) | loss: 2.831800 | lrm: 0.27 | dt: 3507.83ms | tok/sec: 149,462 | bf16_mfu: 36.63 | epoch: 1 pq: 25 rg: 2 | total time: 124.55m | eta: 22.6m
step 02136/02520 (84.76%) | loss: 2.831249 | lrm: 0.27 | dt: 3514.42ms | tok/sec: 149,182 | bf16_mfu: 36.56 | epoch: 1 pq: 25 rg: 3 | total time: 124.61m | eta: 22.5m
step 02137/02520 (84.80%) | loss: 2.837419 | lrm: 0.27 | dt: 3512.15ms | tok/sec: 149,278 | bf16_mfu: 36.58 | epoch: 1 pq: 25 rg: 4 | total time: 124.67m | eta: 22.4m
step 02138/02520 (84.84%) | loss: 2.845453 | lrm: 0.27 | dt: 3509.83ms | tok/sec: 149,377 | bf16_mfu: 36.61 | epoch: 1 pq: 25 rg: 5 | total time: 124.73m | eta: 22.4m
step 02139/02520 (84.88%) | loss: 2.845973 | lrm: 0.27 | dt: 3510.88ms | tok/sec: 149,332 | bf16_mfu: 36.59 | epoch: 1 pq: 25 rg: 6 | total time: 124.78m | eta: 22.3m
step 02140/02520 (84.92%) | loss: 2.837730 | lrm: 0.27 | dt: 3509.58ms | tok/sec: 149,387 | bf16_mfu: 36.61 | epoch: 1 pq: 25 rg: 7 | total time: 124.84m | eta: 22.3m
step 02141/02520 (84.96%) | loss: 2.812664 | lrm: 0.27 | dt: 3511.91ms | tok/sec: 149,288 | bf16_mfu: 36.58 | epoch: 1 pq: 25 rg: 8 | total time: 124.90m | eta: 22.2m
step 02142/02520 (85.00%) | loss: 2.814017 | lrm: 0.27 | dt: 3509.21ms | tok/sec: 149,403 | bf16_mfu: 36.61 | epoch: 1 pq: 25 rg: 9 | total time: 124.96m | eta: 22.2m
step 02143/02520 (85.04%) | loss: 2.819966 | lrm: 0.27 | dt: 3509.64ms | tok/sec: 149,384 | bf16_mfu: 36.61 | epoch: 1 pq: 25 rg: 10 | total time: 125.02m | eta: 22.1m
step 02144/02520 (85.08%) | loss: 2.825051 | lrm: 0.27 | dt: 3512.22ms | tok/sec: 149,275 | bf16_mfu: 36.58 | epoch: 1 pq: 25 rg: 10 | total time: 125.08m | eta: 22.0m
step 02145/02520 (85.12%) | loss: 2.838847 | lrm: 0.27 | dt: 3508.49ms | tok/sec: 149,434 | bf16_mfu: 36.62 | epoch: 1 pq: 25 rg: 11 | total time: 125.13m | eta: 22.0m
step 02146/02520 (85.16%) | loss: 2.834124 | lrm: 0.27 | dt: 3512.77ms | tok/sec: 149,252 | bf16_mfu: 36.57 | epoch: 1 pq: 25 rg: 12 | total time: 125.19m | eta: 21.9m
step 02147/02520 (85.20%) | loss: 2.819792 | lrm: 0.27 | dt: 3511.12ms | tok/sec: 149,322 | bf16_mfu: 36.59 | epoch: 1 pq: 25 rg: 13 | total time: 125.25m | eta: 21.9m
step 02148/02520 (85.24%) | loss: 2.820909 | lrm: 0.27 | dt: 3512.76ms | tok/sec: 149,252 | bf16_mfu: 36.57 | epoch: 1 pq: 25 rg: 14 | total time: 125.31m | eta: 21.8m
step 02149/02520 (85.28%) | loss: 2.824682 | lrm: 0.27 | dt: 3512.38ms | tok/sec: 149,268 | bf16_mfu: 36.58 | epoch: 1 pq: 25 rg: 15 | total time: 125.37m | eta: 21.7m
<|bos|>The capital of France is the capital of the world. It is the capital of the world. It is
<|bos|>The chemical symbol of gold is Au. It is a metal with a melting point of 1,000
<|bos|>If yesterday was Friday, then tomorrow will be Saturday. If yesterday was Sunday, then tomorrow will be Sunday. If yesterday was
<|bos|>The opposite of hot is cold. The opposite of cold is hot. The opposite of cold is cold.
<|bos|>The planets of the solar system are: Jupiter, Saturn, Uranus, Neptune, Neptune, Ne
<|bos|>My favorite color is a deep blue. I like the color of the sky, the sky is blue
<|bos|>If 5*x + 3 = 13, then x is the number of times the number of times the number of times the number of times
step 02150/02520 (85.32%) | loss: 2.829742 | lrm: 0.26 | dt: 3503.48ms | tok/sec: 149,647 | bf16_mfu: 36.67 | epoch: 1 pq: 25 rg: 16 | total time: 125.43m | eta: 21.7m
step 02151/02520 (85.36%) | loss: 2.833618 | lrm: 0.26 | dt: 3504.44ms | tok/sec: 149,606 | bf16_mfu: 36.66 | epoch: 1 pq: 25 rg: 17 | total time: 125.49m | eta: 21.6m
step 02152/02520 (85.40%) | loss: 2.829333 | lrm: 0.26 | dt: 3510.05ms | tok/sec: 149,367 | bf16_mfu: 36.60 | epoch: 1 pq: 25 rg: 18 | total time: 125.54m | eta: 21.6m
step 02153/02520 (85.44%) | loss: 2.822695 | lrm: 0.26 | dt: 3511.63ms | tok/sec: 149,300 | bf16_mfu: 36.59 | epoch: 1 pq: 25 rg: 19 | total time: 125.60m | eta: 21.5m
step 02154/02520 (85.48%) | loss: 2.825806 | lrm: 0.26 | dt: 3511.41ms | tok/sec: 149,309 | bf16_mfu: 36.59 | epoch: 1 pq: 25 rg: 20 | total time: 125.66m | eta: 21.5m
step 02155/02520 (85.52%) | loss: 2.813338 | lrm: 0.26 | dt: 3513.73ms | tok/sec: 149,211 | bf16_mfu: 36.56 | epoch: 1 pq: 25 rg: 21 | total time: 125.72m | eta: 21.4m
step 02156/02520 (85.56%) | loss: 2.823012 | lrm: 0.26 | dt: 3508.05ms | tok/sec: 149,452 | bf16_mfu: 36.62 | epoch: 1 pq: 25 rg: 22 | total time: 125.78m | eta: 21.3m
step 02157/02520 (85.60%) | loss: 2.824240 | lrm: 0.26 | dt: 3510.61ms | tok/sec: 149,343 | bf16_mfu: 36.60 | epoch: 1 pq: 25 rg: 23 | total time: 125.84m | eta: 21.3m
step 02158/02520 (85.63%) | loss: 2.826899 | lrm: 0.26 | dt: 3509.82ms | tok/sec: 149,377 | bf16_mfu: 36.61 | epoch: 1 pq: 25 rg: 24 | total time: 125.90m | eta: 21.2m
step 02159/02520 (85.67%) | loss: 2.823735 | lrm: 0.26 | dt: 3514.63ms | tok/sec: 149,173 | bf16_mfu: 36.56 | epoch: 1 pq: 25 rg: 25 | total time: 125.95m | eta: 21.2m
step 02160/02520 (85.71%) | loss: 2.838455 | lrm: 0.26 | dt: 3514.12ms | tok/sec: 149,194 | bf16_mfu: 36.56 | epoch: 1 pq: 25 rg: 26 | total time: 126.01m | eta: 21.1m
step 02161/02520 (85.75%) | loss: 2.839740 | lrm: 0.26 | dt: 3518.14ms | tok/sec: 149,024 | bf16_mfu: 36.52 | epoch: 1 pq: 25 rg: 27 | total time: 126.07m | eta: 21.0m
step 02162/02520 (85.79%) | loss: 2.845996 | lrm: 0.26 | dt: 3517.94ms | tok/sec: 149,032 | bf16_mfu: 36.52 | epoch: 1 pq: 25 rg: 28 | total time: 126.13m | eta: 21.0m
step 02163/02520 (85.83%) | loss: 2.852623 | lrm: 0.26 | dt: 3517.19ms | tok/sec: 149,064 | bf16_mfu: 36.53 | epoch: 1 pq: 25 rg: 29 | total time: 126.19m | eta: 20.9m
step 02164/02520 (85.87%) | loss: 2.848746 | lrm: 0.26 | dt: 3517.12ms | tok/sec: 149,067 | bf16_mfu: 36.53 | epoch: 1 pq: 25 rg: 30 | total time: 126.25m | eta: 20.9m
step 02165/02520 (85.91%) | loss: 2.856928 | lrm: 0.26 | dt: 3518.92ms | tok/sec: 148,991 | bf16_mfu: 36.51 | epoch: 1 pq: 25 rg: 31 | total time: 126.31m | eta: 20.8m
step 02166/02520 (85.95%) | loss: 2.856054 | lrm: 0.26 | dt: 3520.04ms | tok/sec: 148,943 | bf16_mfu: 36.50 | epoch: 1 pq: 25 rg: 32 | total time: 126.36m | eta: 20.7m
step 02167/02520 (85.99%) | loss: 2.848316 | lrm: 0.25 | dt: 3512.89ms | tok/sec: 149,246 | bf16_mfu: 36.57 | epoch: 1 pq: 25 rg: 33 | total time: 126.42m | eta: 20.7m
step 02168/02520 (86.03%) | loss: 2.847824 | lrm: 0.25 | dt: 3510.04ms | tok/sec: 149,367 | bf16_mfu: 36.60 | epoch: 1 pq: 25 rg: 34 | total time: 126.48m | eta: 20.6m
step 02169/02520 (86.07%) | loss: 2.852608 | lrm: 0.25 | dt: 3513.92ms | tok/sec: 149,203 | bf16_mfu: 36.56 | epoch: 1 pq: 25 rg: 34 | total time: 126.54m | eta: 20.6m
step 02170/02520 (86.11%) | loss: 2.864985 | lrm: 0.25 | dt: 3510.51ms | tok/sec: 149,348 | bf16_mfu: 36.60 | epoch: 1 pq: 25 rg: 35 | total time: 126.60m | eta: 20.5m
step 02171/02520 (86.15%) | loss: 2.857437 | lrm: 0.25 | dt: 3512.09ms | tok/sec: 149,281 | bf16_mfu: 36.58 | epoch: 1 pq: 25 rg: 36 | total time: 126.66m | eta: 20.5m
step 02172/02520 (86.19%) | loss: 2.852906 | lrm: 0.25 | dt: 3514.69ms | tok/sec: 149,170 | bf16_mfu: 36.55 | epoch: 1 pq: 25 rg: 37 | total time: 126.72m | eta: 20.4m
step 02173/02520 (86.23%) | loss: 2.857365 | lrm: 0.25 | dt: 3511.32ms | tok/sec: 149,313 | bf16_mfu: 36.59 | epoch: 1 pq: 25 rg: 38 | total time: 126.77m | eta: 20.3m
step 02174/02520 (86.27%) | loss: 2.843259 | lrm: 0.25 | dt: 3509.02ms | tok/sec: 149,411 | bf16_mfu: 36.61 | epoch: 1 pq: 25 rg: 39 | total time: 126.83m | eta: 20.3m
step 02175/02520 (86.31%) | loss: 2.829731 | lrm: 0.25 | dt: 3514.57ms | tok/sec: 149,175 | bf16_mfu: 36.56 | epoch: 1 pq: 25 rg: 40 | total time: 126.89m | eta: 20.2m
step 02176/02520 (86.35%) | loss: 2.818855 | lrm: 0.25 | dt: 3515.98ms | tok/sec: 149,115 | bf16_mfu: 36.54 | epoch: 1 pq: 25 rg: 41 | total time: 126.95m | eta: 20.2m
step 02177/02520 (86.39%) | loss: 2.822590 | lrm: 0.25 | dt: 3518.47ms | tok/sec: 149,010 | bf16_mfu: 36.52 | epoch: 1 pq: 25 rg: 42 | total time: 127.01m | eta: 20.1m
step 02178/02520 (86.43%) | loss: 2.828634 | lrm: 0.25 | dt: 3520.04ms | tok/sec: 148,943 | bf16_mfu: 36.50 | epoch: 1 pq: 25 rg: 43 | total time: 127.07m | eta: 20.0m
step 02179/02520 (86.47%) | loss: 2.832118 | lrm: 0.25 | dt: 3519.01ms | tok/sec: 148,987 | bf16_mfu: 36.51 | epoch: 1 pq: 25 rg: 44 | total time: 127.13m | eta: 20.0m
step 02180/02520 (86.51%) | loss: 2.838125 | lrm: 0.25 | dt: 3520.75ms | tok/sec: 148,913 | bf16_mfu: 36.49 | epoch: 1 pq: 25 rg: 45 | total time: 127.18m | eta: 19.9m
step 02181/02520 (86.55%) | loss: 2.845915 | lrm: 0.25 | dt: 3518.75ms | tok/sec: 148,998 | bf16_mfu: 36.51 | epoch: 1 pq: 25 rg: 46 | total time: 127.24m | eta: 19.9m
step 02182/02520 (86.59%) | loss: 2.852501 | lrm: 0.25 | dt: 3518.75ms | tok/sec: 148,998 | bf16_mfu: 36.51 | epoch: 1 pq: 25 rg: 47 | total time: 127.30m | eta: 19.8m
step 02183/02520 (86.63%) | loss: 2.856006 | lrm: 0.25 | dt: 3516.51ms | tok/sec: 149,093 | bf16_mfu: 36.54 | epoch: 1 pq: 25 rg: 48 | total time: 127.36m | eta: 19.8m
step 02184/02520 (86.67%) | loss: 2.848521 | lrm: 0.24 | dt: 3515.66ms | tok/sec: 149,129 | bf16_mfu: 36.54 | epoch: 1 pq: 25 rg: 49 | total time: 127.42m | eta: 19.7m
step 02185/02520 (86.71%) | loss: 2.845370 | lrm: 0.24 | dt: 3509.51ms | tok/sec: 149,390 | bf16_mfu: 36.61 | epoch: 1 pq: 25 rg: 50 | total time: 127.48m | eta: 19.6m
step 02186/02520 (86.75%) | loss: 2.838149 | lrm: 0.24 | dt: 3510.30ms | tok/sec: 149,356 | bf16_mfu: 36.60 | epoch: 1 pq: 25 rg: 51 | total time: 127.54m | eta: 19.6m
step 02187/02520 (86.79%) | loss: 2.820209 | lrm: 0.24 | dt: 3512.25ms | tok/sec: 149,274 | bf16_mfu: 36.58 | epoch: 1 pq: 25 rg: 52 | total time: 127.59m | eta: 19.5m
step 02188/02520 (86.83%) | loss: 2.799813 | lrm: 0.24 | dt: 3509.83ms | tok/sec: 149,376 | bf16_mfu: 36.61 | epoch: 1 pq: 25 rg: 53 | total time: 127.65m | eta: 19.5m
step 02189/02520 (86.87%) | loss: 2.791646 | lrm: 0.24 | dt: 3512.87ms | tok/sec: 149,247 | bf16_mfu: 36.57 | epoch: 1 pq: 25 rg: 54 | total time: 127.71m | eta: 19.4m
step 02190/02520 (86.90%) | loss: 2.784526 | lrm: 0.24 | dt: 3510.29ms | tok/sec: 149,357 | bf16_mfu: 36.60 | epoch: 1 pq: 25 rg: 55 | total time: 127.77m | eta: 19.3m
step 02191/02520 (86.94%) | loss: 2.793420 | lrm: 0.24 | dt: 3510.23ms | tok/sec: 149,359 | bf16_mfu: 36.60 | epoch: 1 pq: 25 rg: 56 | total time: 127.83m | eta: 19.3m
step 02192/02520 (86.98%) | loss: 2.804198 | lrm: 0.24 | dt: 3508.80ms | tok/sec: 149,420 | bf16_mfu: 36.62 | epoch: 1 pq: 25 rg: 57 | total time: 127.89m | eta: 19.2m
step 02193/02520 (87.02%) | loss: 2.802036 | lrm: 0.24 | dt: 3510.13ms | tok/sec: 149,364 | bf16_mfu: 36.60 | epoch: 1 pq: 25 rg: 58 | total time: 127.95m | eta: 19.2m
step 02194/02520 (87.06%) | loss: 2.800999 | lrm: 0.24 | dt: 3516.63ms | tok/sec: 149,088 | bf16_mfu: 36.53 | epoch: 1 pq: 25 rg: 59 | total time: 128.00m | eta: 19.1m
step 02195/02520 (87.10%) | loss: 2.808705 | lrm: 0.24 | dt: 3512.52ms | tok/sec: 149,262 | bf16_mfu: 36.58 | epoch: 1 pq: 25 rg: 60 | total time: 128.06m | eta: 19.0m
step 02196/02520 (87.14%) | loss: 2.813752 | lrm: 0.24 | dt: 3512.63ms | tok/sec: 149,257 | bf16_mfu: 36.58 | epoch: 1 pq: 25 rg: 61 | total time: 128.12m | eta: 19.0m
step 02197/02520 (87.18%) | loss: 2.799763 | lrm: 0.24 | dt: 3515.70ms | tok/sec: 149,127 | bf16_mfu: 36.54 | epoch: 1 pq: 25 rg: 62 | total time: 128.18m | eta: 18.9m
step 02198/02520 (87.22%) | loss: 2.822488 | lrm: 0.24 | dt: 3516.28ms | tok/sec: 149,102 | bf16_mfu: 36.54 | epoch: 1 pq: 25 rg: 63 | total time: 128.24m | eta: 18.9m
step 02199/02520 (87.26%) | loss: 2.823664 | lrm: 0.24 | dt: 3510.85ms | tok/sec: 149,333 | bf16_mfu: 36.59 | epoch: 1 pq: 25 rg: 64 | total time: 128.30m | eta: 18.8m
<|bos|>The capital of France is Paris, and the city is the capital of the world. The city is the
<|bos|>The chemical symbol of gold is Au. It is a soft, malleable, and ductile metal. It
<|bos|>If yesterday was Friday, then tomorrow will be Friday. If yesterday was Saturday, then tomorrow will be Sunday. If yesterday was
<|bos|>The opposite of hot is cold. The opposite of cold is hot. The opposite of cold is hot.
<|bos|>The planets of the solar system are: Mercury, Venus, Mars, Jupiter, Saturn, Uranus, Neptune
<|bos|>My favorite color is the one that I like the most. I love the bright yellow and the bright
<|bos|>If 5*x + 3 = 13, then x is 13. If 5*x + 3 = 13, then
step 02200/02520 (87.30%) | loss: 2.816207 | lrm: 0.24 | dt: 3509.61ms | tok/sec: 149,386 | bf16_mfu: 36.61 | epoch: 1 pq: 25 rg: 65 | total time: 128.36m | eta: 18.8m
step 02201/02520 (87.34%) | loss: 2.808687 | lrm: 0.24 | dt: 3507.46ms | tok/sec: 149,477 | bf16_mfu: 36.63 | epoch: 1 pq: 25 rg: 66 | total time: 128.41m | eta: 18.7m
step 02202/02520 (87.38%) | loss: 2.813158 | lrm: 0.23 | dt: 3510.16ms | tok/sec: 149,363 | bf16_mfu: 36.60 | epoch: 1 pq: 25 rg: 66 | total time: 128.47m | eta: 18.6m
step 02203/02520 (87.42%) | loss: 2.819102 | lrm: 0.23 | dt: 3509.57ms | tok/sec: 149,388 | bf16_mfu: 36.61 | epoch: 1 pq: 25 rg: 67 | total time: 128.53m | eta: 18.6m
step 02204/02520 (87.46%) | loss: 2.817630 | lrm: 0.23 | dt: 3510.90ms | tok/sec: 149,331 | bf16_mfu: 36.59 | epoch: 1 pq: 25 rg: 68 | total time: 128.59m | eta: 18.5m
step 02205/02520 (87.50%) | loss: 2.818530 | lrm: 0.23 | dt: 3510.65ms | tok/sec: 149,342 | bf16_mfu: 36.60 | epoch: 1 pq: 25 rg: 69 | total time: 128.65m | eta: 18.5m
step 02206/02520 (87.54%) | loss: 2.847477 | lrm: 0.23 | dt: 3508.09ms | tok/sec: 149,451 | bf16_mfu: 36.62 | epoch: 1 pq: 25 rg: 70 | total time: 128.71m | eta: 18.4m
step 02207/02520 (87.58%) | loss: 2.849370 | lrm: 0.23 | dt: 3512.35ms | tok/sec: 149,270 | bf16_mfu: 36.58 | epoch: 1 pq: 25 rg: 71 | total time: 128.76m | eta: 18.3m
step 02208/02520 (87.62%) | loss: 2.862544 | lrm: 0.23 | dt: 3505.94ms | tok/sec: 149,542 | bf16_mfu: 36.65 | epoch: 1 pq: 25 rg: 72 | total time: 128.82m | eta: 18.3m
step 02209/02520 (87.66%) | loss: 2.859357 | lrm: 0.23 | dt: 3505.93ms | tok/sec: 149,543 | bf16_mfu: 36.65 | epoch: 1 pq: 25 rg: 73 | total time: 128.88m | eta: 18.2m
step 02210/02520 (87.70%) | loss: 2.862584 | lrm: 0.23 | dt: 3509.18ms | tok/sec: 149,404 | bf16_mfu: 36.61 | epoch: 1 pq: 25 rg: 74 | total time: 128.94m | eta: 18.2m
step 02211/02520 (87.74%) | loss: 2.871815 | lrm: 0.23 | dt: 3508.55ms | tok/sec: 149,431 | bf16_mfu: 36.62 | epoch: 1 pq: 25 rg: 75 | total time: 129.00m | eta: 18.1m
step 02212/02520 (87.78%) | loss: 2.876348 | lrm: 0.23 | dt: 3507.92ms | tok/sec: 149,458 | bf16_mfu: 36.63 | epoch: 1 pq: 25 rg: 76 | total time: 129.06m | eta: 18.1m
step 02213/02520 (87.82%) | loss: 2.877037 | lrm: 0.23 | dt: 3506.24ms | tok/sec: 149,530 | bf16_mfu: 36.64 | epoch: 1 pq: 25 rg: 77 | total time: 129.12m | eta: 18.0m
step 02214/02520 (87.86%) | loss: 2.875066 | lrm: 0.23 | dt: 3513.14ms | tok/sec: 149,236 | bf16_mfu: 36.57 | epoch: 1 pq: 25 rg: 78 | total time: 129.17m | eta: 17.9m
step 02215/02520 (87.90%) | loss: 2.860051 | lrm: 0.23 | dt: 3513.81ms | tok/sec: 149,207 | bf16_mfu: 36.56 | epoch: 1 pq: 25 rg: 79 | total time: 129.23m | eta: 17.9m
step 02216/02520 (87.94%) | loss: 2.848714 | lrm: 0.23 | dt: 3513.21ms | tok/sec: 149,233 | bf16_mfu: 36.57 | epoch: 1 pq: 25 rg: 80 | total time: 129.29m | eta: 17.8m
step 02217/02520 (87.98%) | loss: 2.841188 | lrm: 0.23 | dt: 3509.95ms | tok/sec: 149,372 | bf16_mfu: 36.60 | epoch: 1 pq: 25 rg: 81 | total time: 129.35m | eta: 17.8m
step 02218/02520 (88.02%) | loss: 2.842648 | lrm: 0.23 | dt: 3513.62ms | tok/sec: 149,216 | bf16_mfu: 36.57 | epoch: 1 pq: 25 rg: 82 | total time: 129.41m | eta: 17.7m
step 02219/02520 (88.06%) | loss: 2.819091 | lrm: 0.22 | dt: 3511.37ms | tok/sec: 149,311 | bf16_mfu: 36.59 | epoch: 1 pq: 26 rg: 0 | total time: 129.47m | eta: 17.6m
step 02220/02520 (88.10%) | loss: 2.817000 | lrm: 0.22 | dt: 3511.21ms | tok/sec: 149,318 | bf16_mfu: 36.59 | epoch: 1 pq: 26 rg: 1 | total time: 129.53m | eta: 17.6m
step 02221/02520 (88.13%) | loss: 2.822727 | lrm: 0.22 | dt: 3506.77ms | tok/sec: 149,507 | bf16_mfu: 36.64 | epoch: 1 pq: 26 rg: 2 | total time: 129.58m | eta: 17.5m
step 02222/02520 (88.17%) | loss: 2.830395 | lrm: 0.22 | dt: 3506.88ms | tok/sec: 149,502 | bf16_mfu: 36.64 | epoch: 1 pq: 26 rg: 3 | total time: 129.64m | eta: 17.5m
step 02223/02520 (88.21%) | loss: 2.816018 | lrm: 0.22 | dt: 3504.22ms | tok/sec: 149,616 | bf16_mfu: 36.66 | epoch: 1 pq: 26 rg: 4 | total time: 129.70m | eta: 17.4m
step 02224/02520 (88.25%) | loss: 2.798680 | lrm: 0.22 | dt: 3508.44ms | tok/sec: 149,436 | bf16_mfu: 36.62 | epoch: 1 pq: 26 rg: 5 | total time: 129.76m | eta: 17.3m
step 02225/02520 (88.29%) | loss: 2.785684 | lrm: 0.22 | dt: 3505.91ms | tok/sec: 149,543 | bf16_mfu: 36.65 | epoch: 1 pq: 26 rg: 6 | total time: 129.82m | eta: 17.3m
step 02226/02520 (88.33%) | loss: 2.789040 | lrm: 0.22 | dt: 3508.88ms | tok/sec: 149,417 | bf16_mfu: 36.62 | epoch: 1 pq: 26 rg: 7 | total time: 129.88m | eta: 17.2m
step 02227/02520 (88.37%) | loss: 2.789380 | lrm: 0.22 | dt: 3509.32ms | tok/sec: 149,398 | bf16_mfu: 36.61 | epoch: 1 pq: 26 rg: 8 | total time: 129.93m | eta: 17.2m
step 02228/02520 (88.41%) | loss: 2.777821 | lrm: 0.22 | dt: 3507.80ms | tok/sec: 149,463 | bf16_mfu: 36.63 | epoch: 1 pq: 26 rg: 9 | total time: 129.99m | eta: 17.1m
step 02229/02520 (88.45%) | loss: 2.780733 | lrm: 0.22 | dt: 3504.33ms | tok/sec: 149,611 | bf16_mfu: 36.66 | epoch: 1 pq: 26 rg: 10 | total time: 130.05m | eta: 17.1m
step 02230/02520 (88.49%) | loss: 2.807562 | lrm: 0.22 | dt: 3503.68ms | tok/sec: 149,639 | bf16_mfu: 36.67 | epoch: 1 pq: 26 rg: 11 | total time: 130.11m | eta: 17.0m
step 02231/02520 (88.53%) | loss: 2.802909 | lrm: 0.22 | dt: 3502.38ms | tok/sec: 149,694 | bf16_mfu: 36.68 | epoch: 1 pq: 26 rg: 12 | total time: 130.17m | eta: 16.9m
step 02232/02520 (88.57%) | loss: 2.795565 | lrm: 0.22 | dt: 3507.76ms | tok/sec: 149,465 | bf16_mfu: 36.63 | epoch: 1 pq: 26 rg: 12 | total time: 130.23m | eta: 16.9m
step 02233/02520 (88.61%) | loss: 2.787390 | lrm: 0.22 | dt: 3505.90ms | tok/sec: 149,544 | bf16_mfu: 36.65 | epoch: 1 pq: 26 rg: 13 | total time: 130.29m | eta: 16.8m
step 02234/02520 (88.65%) | loss: 2.771894 | lrm: 0.22 | dt: 3508.43ms | tok/sec: 149,436 | bf16_mfu: 36.62 | epoch: 1 pq: 26 rg: 14 | total time: 130.34m | eta: 16.8m
step 02235/02520 (88.69%) | loss: 2.795599 | lrm: 0.22 | dt: 3507.48ms | tok/sec: 149,477 | bf16_mfu: 36.63 | epoch: 1 pq: 26 rg: 15 | total time: 130.40m | eta: 16.7m
step 02236/02520 (88.73%) | loss: 2.780376 | lrm: 0.21 | dt: 3505.08ms | tok/sec: 149,579 | bf16_mfu: 36.66 | epoch: 1 pq: 26 rg: 16 | total time: 130.46m | eta: 16.6m
step 02237/02520 (88.77%) | loss: 2.779405 | lrm: 0.21 | dt: 3509.66ms | tok/sec: 149,384 | bf16_mfu: 36.61 | epoch: 1 pq: 26 rg: 17 | total time: 130.52m | eta: 16.6m
step 02238/02520 (88.81%) | loss: 2.779534 | lrm: 0.21 | dt: 3508.39ms | tok/sec: 149,438 | bf16_mfu: 36.62 | epoch: 1 pq: 26 rg: 18 | total time: 130.58m | eta: 16.5m
step 02239/02520 (88.85%) | loss: 2.782146 | lrm: 0.21 | dt: 3510.60ms | tok/sec: 149,344 | bf16_mfu: 36.60 | epoch: 1 pq: 26 rg: 19 | total time: 130.64m | eta: 16.5m
step 02240/02520 (88.89%) | loss: 2.790023 | lrm: 0.21 | dt: 3507.07ms | tok/sec: 149,494 | bf16_mfu: 36.63 | epoch: 1 pq: 26 rg: 20 | total time: 130.69m | eta: 16.4m
step 02241/02520 (88.93%) | loss: 2.804152 | lrm: 0.21 | dt: 3508.04ms | tok/sec: 149,453 | bf16_mfu: 36.62 | epoch: 1 pq: 26 rg: 21 | total time: 130.75m | eta: 16.4m
step 02242/02520 (88.97%) | loss: 2.808845 | lrm: 0.21 | dt: 3508.04ms | tok/sec: 149,453 | bf16_mfu: 36.62 | epoch: 1 pq: 26 rg: 22 | total time: 130.81m | eta: 16.3m
step 02243/02520 (89.01%) | loss: 2.800361 | lrm: 0.21 | dt: 3507.21ms | tok/sec: 149,488 | bf16_mfu: 36.63 | epoch: 1 pq: 26 rg: 23 | total time: 130.87m | eta: 16.2m
step 02244/02520 (89.05%) | loss: 2.795443 | lrm: 0.21 | dt: 3505.79ms | tok/sec: 149,549 | bf16_mfu: 36.65 | epoch: 1 pq: 26 rg: 24 | total time: 130.93m | eta: 16.2m
step 02245/02520 (89.09%) | loss: 2.788523 | lrm: 0.21 | dt: 3502.55ms | tok/sec: 149,687 | bf16_mfu: 36.68 | epoch: 1 pq: 26 rg: 25 | total time: 130.99m | eta: 16.1m
step 02246/02520 (89.13%) | loss: 2.785833 | lrm: 0.21 | dt: 3501.96ms | tok/sec: 149,712 | bf16_mfu: 36.69 | epoch: 1 pq: 26 rg: 26 | total time: 131.04m | eta: 16.1m
step 02247/02520 (89.17%) | loss: 2.786339 | lrm: 0.21 | dt: 3504.76ms | tok/sec: 149,593 | bf16_mfu: 36.66 | epoch: 1 pq: 26 rg: 27 | total time: 131.10m | eta: 16.0m
step 02248/02520 (89.21%) | loss: 2.795799 | lrm: 0.21 | dt: 3505.19ms | tok/sec: 149,574 | bf16_mfu: 36.65 | epoch: 1 pq: 26 rg: 28 | total time: 131.16m | eta: 15.9m
step 02249/02520 (89.25%) | loss: 2.807358 | lrm: 0.21 | dt: 3506.16ms | tok/sec: 149,533 | bf16_mfu: 36.64 | epoch: 1 pq: 26 rg: 29 | total time: 131.22m | eta: 15.9m
Step 02250 | Validation bpb: 0.876348
<|bos|>The capital of France is Paris. The capital of France is Paris. The capital of France is Paris.
<|bos|>The chemical symbol of gold is Au. It is a soft, malleable, and ductile metal. It
<|bos|>If yesterday was Friday, then tomorrow will be Saturday. If yesterday was Saturday, then tomorrow will be Sunday. If yesterday was
<|bos|>The opposite of hot is cold. The opposite of cold is hot. The opposite of hot is cold.
<|bos|>The planets of the solar system are: Mercury, Venus, Earth, Mars, Jupiter, Saturn, Uranus, Ne
<|bos|>My favorite color is the one that I like the most. I love the color of the blue.
<|bos|>If 5*x + 3 = 13, then x is the number of times the number of times the number of times the number of times
2026-09-25 20:12:48,027 - nanochat.checkpoint_manager - [32m[1mINFO[0m - Saved model parameters to: /local/s3774740/d12/cache/base_checkpoints/d12v32768/model_002250.pt
2026-09-25 20:12:48,028 - nanochat.checkpoint_manager - [32m[1mINFO[0m - Saved metadata to: /local/s3774740/d12/cache/base_checkpoints/d12v32768/meta_002250.json
2026-09-25 20:12:48,837 - nanochat.checkpoint_manager - [32m[1mINFO[0m - Saved optimizer state to: /local/s3774740/d12/cache/base_checkpoints/d12v32768/optim_002250_rank0.pt
step 02250/02520 (89.29%) | loss: 2.836532 | lrm: 0.21 | dt: 3504.75ms | tok/sec: 149,593 | bf16_mfu: 36.66 | epoch: 1 pq: 26 rg: 30 | total time: 131.28m | eta: 15.8m
step 02251/02520 (89.33%) | loss: 2.824468 | lrm: 0.21 | dt: 3499.61ms | tok/sec: 149,813 | bf16_mfu: 36.71 | epoch: 1 pq: 26 rg: 31 | total time: 131.34m | eta: 15.8m
step 02252/02520 (89.37%) | loss: 2.816157 | lrm: 0.21 | dt: 3497.92ms | tok/sec: 149,885 | bf16_mfu: 36.73 | epoch: 1 pq: 26 rg: 32 | total time: 131.40m | eta: 15.7m
step 02253/02520 (89.40%) | loss: 2.800651 | lrm: 0.20 | dt: 3497.68ms | tok/sec: 149,896 | bf16_mfu: 36.73 | epoch: 1 pq: 26 rg: 33 | total time: 131.45m | eta: 15.6m
step 02254/02520 (89.44%) | loss: 2.795383 | lrm: 0.20 | dt: 3498.02ms | tok/sec: 149,881 | bf16_mfu: 36.73 | epoch: 1 pq: 26 rg: 34 | total time: 131.51m | eta: 15.6m
step 02255/02520 (89.48%) | loss: 2.783939 | lrm: 0.20 | dt: 3501.46ms | tok/sec: 149,733 | bf16_mfu: 36.69 | epoch: 1 pq: 26 rg: 35 | total time: 131.57m | eta: 15.5m
step 02256/02520 (89.52%) | loss: 2.777557 | lrm: 0.20 | dt: 3500.40ms | tok/sec: 149,779 | bf16_mfu: 36.70 | epoch: 1 pq: 26 rg: 36 | total time: 131.63m | eta: 15.5m
step 02257/02520 (89.56%) | loss: 2.782336 | lrm: 0.20 | dt: 3500.14ms | tok/sec: 149,790 | bf16_mfu: 36.71 | epoch: 1 pq: 26 rg: 37 | total time: 131.69m | eta: 15.4m
step 02258/02520 (89.60%) | loss: 2.789205 | lrm: 0.20 | dt: 3498.85ms | tok/sec: 149,845 | bf16_mfu: 36.72 | epoch: 1 pq: 26 rg: 38 | total time: 131.75m | eta: 15.4m
step 02259/02520 (89.64%) | loss: 2.800715 | lrm: 0.20 | dt: 3499.63ms | tok/sec: 149,812 | bf16_mfu: 36.71 | epoch: 1 pq: 26 rg: 39 | total time: 131.80m | eta: 15.3m
step 02260/02520 (89.68%) | loss: 2.794034 | lrm: 0.20 | dt: 3501.40ms | tok/sec: 149,736 | bf16_mfu: 36.69 | epoch: 1 pq: 26 rg: 40 | total time: 131.86m | eta: 15.2m
step 02261/02520 (89.72%) | loss: 2.790512 | lrm: 0.20 | dt: 3507.63ms | tok/sec: 149,470 | bf16_mfu: 36.63 | epoch: 1 pq: 26 rg: 41 | total time: 131.92m | eta: 15.2m
step 02262/02520 (89.76%) | loss: 2.787827 | lrm: 0.20 | dt: 3504.97ms | tok/sec: 149,584 | bf16_mfu: 36.66 | epoch: 1 pq: 26 rg: 42 | total time: 131.98m | eta: 15.1m
step 02263/02520 (89.80%) | loss: 2.792182 | lrm: 0.20 | dt: 3509.80ms | tok/sec: 149,378 | bf16_mfu: 36.61 | epoch: 1 pq: 26 rg: 43 | total time: 132.04m | eta: 15.1m
step 02264/02520 (89.84%) | loss: 2.799232 | lrm: 0.20 | dt: 3506.17ms | tok/sec: 149,532 | bf16_mfu: 36.64 | epoch: 1 pq: 26 rg: 44 | total time: 132.10m | eta: 15.0m
step 02265/02520 (89.88%) | loss: 2.809468 | lrm: 0.20 | dt: 3508.01ms | tok/sec: 149,454 | bf16_mfu: 36.62 | epoch: 1 pq: 26 rg: 45 | total time: 132.15m | eta: 14.9m
step 02266/02520 (89.92%) | loss: 2.815823 | lrm: 0.20 | dt: 3504.83ms | tok/sec: 149,589 | bf16_mfu: 36.66 | epoch: 1 pq: 26 rg: 45 | total time: 132.21m | eta: 14.9m
step 02267/02520 (89.96%) | loss: 2.824989 | lrm: 0.20 | dt: 3503.31ms | tok/sec: 149,655 | bf16_mfu: 36.67 | epoch: 1 pq: 26 rg: 46 | total time: 132.27m | eta: 14.8m
step 02268/02520 (90.00%) | loss: 2.800061 | lrm: 0.20 | dt: 3502.95ms | tok/sec: 149,670 | bf16_mfu: 36.68 | epoch: 1 pq: 26 rg: 47 | total time: 132.33m | eta: 14.8m
step 02269/02520 (90.04%) | loss: 2.783992 | lrm: 0.20 | dt: 3501.60ms | tok/sec: 149,727 | bf16_mfu: 36.69 | epoch: 1 pq: 26 rg: 48 | total time: 132.39m | eta: 14.7m
step 02270/02520 (90.08%) | loss: 2.795204 | lrm: 0.19 | dt: 3508.23ms | tok/sec: 149,445 | bf16_mfu: 36.62 | epoch: 1 pq: 26 rg: 49 | total time: 132.45m | eta: 14.7m
step 02271/02520 (90.12%) | loss: 2.803524 | lrm: 0.19 | dt: 3507.77ms | tok/sec: 149,464 | bf16_mfu: 36.63 | epoch: 1 pq: 26 rg: 50 | total time: 132.50m | eta: 14.6m
step 02272/02520 (90.16%) | loss: 2.799819 | lrm: 0.19 | dt: 3510.31ms | tok/sec: 149,356 | bf16_mfu: 36.60 | epoch: 1 pq: 26 rg: 51 | total time: 132.56m | eta: 14.5m
step 02273/02520 (90.20%) | loss: 2.815728 | lrm: 0.19 | dt: 3508.64ms | tok/sec: 149,427 | bf16_mfu: 36.62 | epoch: 1 pq: 26 rg: 52 | total time: 132.62m | eta: 14.5m
step 02274/02520 (90.24%) | loss: 2.828251 | lrm: 0.19 | dt: 3506.19ms | tok/sec: 149,532 | bf16_mfu: 36.64 | epoch: 1 pq: 26 rg: 53 | total time: 132.68m | eta: 14.4m
step 02275/02520 (90.28%) | loss: 2.810708 | lrm: 0.19 | dt: 3503.16ms | tok/sec: 149,661 | bf16_mfu: 36.68 | epoch: 1 pq: 26 rg: 54 | total time: 132.74m | eta: 14.4m
step 02276/02520 (90.32%) | loss: 2.820722 | lrm: 0.19 | dt: 3502.91ms | tok/sec: 149,672 | bf16_mfu: 36.68 | epoch: 1 pq: 26 rg: 55 | total time: 132.80m | eta: 14.3m
step 02277/02520 (90.36%) | loss: 2.816051 | lrm: 0.19 | dt: 3501.14ms | tok/sec: 149,747 | bf16_mfu: 36.70 | epoch: 1 pq: 26 rg: 56 | total time: 132.86m | eta: 14.2m
step 02278/02520 (90.40%) | loss: 2.819645 | lrm: 0.19 | dt: 3502.66ms | tok/sec: 149,682 | bf16_mfu: 36.68 | epoch: 1 pq: 26 rg: 57 | total time: 132.91m | eta: 14.2m
step 02279/02520 (90.44%) | loss: 2.814783 | lrm: 0.19 | dt: 3504.51ms | tok/sec: 149,603 | bf16_mfu: 36.66 | epoch: 1 pq: 26 rg: 58 | total time: 132.97m | eta: 14.1m
step 02280/02520 (90.48%) | loss: 2.802421 | lrm: 0.19 | dt: 3504.18ms | tok/sec: 149,617 | bf16_mfu: 36.66 | epoch: 1 pq: 26 rg: 59 | total time: 133.03m | eta: 14.1m
step 02281/02520 (90.52%) | loss: 2.805913 | lrm: 0.19 | dt: 3507.57ms | tok/sec: 149,473 | bf16_mfu: 36.63 | epoch: 1 pq: 26 rg: 60 | total time: 133.09m | eta: 14.0m
step 02282/02520 (90.56%) | loss: 2.784973 | lrm: 0.19 | dt: 3505.10ms | tok/sec: 149,578 | bf16_mfu: 36.65 | epoch: 1 pq: 26 rg: 61 | total time: 133.15m | eta: 13.9m
step 02283/02520 (90.60%) | loss: 2.767797 | lrm: 0.19 | dt: 3505.32ms | tok/sec: 149,569 | bf16_mfu: 36.65 | epoch: 1 pq: 26 rg: 62 | total time: 133.21m | eta: 13.9m
step 02284/02520 (90.63%) | loss: 2.768414 | lrm: 0.19 | dt: 3509.42ms | tok/sec: 149,394 | bf16_mfu: 36.61 | epoch: 1 pq: 26 rg: 63 | total time: 133.26m | eta: 13.8m
step 02285/02520 (90.67%) | loss: 2.764009 | lrm: 0.19 | dt: 3506.73ms | tok/sec: 149,509 | bf16_mfu: 36.64 | epoch: 1 pq: 26 rg: 64 | total time: 133.32m | eta: 13.8m
step 02286/02520 (90.71%) | loss: 2.770577 | lrm: 0.19 | dt: 3511.87ms | tok/sec: 149,290 | bf16_mfu: 36.58 | epoch: 1 pq: 26 rg: 65 | total time: 133.38m | eta: 13.7m
step 02287/02520 (90.75%) | loss: 2.781473 | lrm: 0.19 | dt: 3507.51ms | tok/sec: 149,475 | bf16_mfu: 36.63 | epoch: 1 pq: 26 rg: 66 | total time: 133.44m | eta: 13.7m
step 02288/02520 (90.79%) | loss: 2.801716 | lrm: 0.18 | dt: 3510.03ms | tok/sec: 149,368 | bf16_mfu: 36.60 | epoch: 1 pq: 26 rg: 67 | total time: 133.50m | eta: 13.6m
step 02289/02520 (90.83%) | loss: 2.796819 | lrm: 0.18 | dt: 3507.09ms | tok/sec: 149,493 | bf16_mfu: 36.63 | epoch: 1 pq: 26 rg: 68 | total time: 133.56m | eta: 13.5m
step 02290/02520 (90.87%) | loss: 2.795573 | lrm: 0.18 | dt: 3513.50ms | tok/sec: 149,221 | bf16_mfu: 36.57 | epoch: 1 pq: 26 rg: 69 | total time: 133.62m | eta: 13.5m
step 02291/02520 (90.91%) | loss: 2.803567 | lrm: 0.18 | dt: 3512.79ms | tok/sec: 149,251 | bf16_mfu: 36.57 | epoch: 1 pq: 26 rg: 70 | total time: 133.67m | eta: 13.4m
step 02292/02520 (90.95%) | loss: 2.804827 | lrm: 0.18 | dt: 3505.04ms | tok/sec: 149,581 | bf16_mfu: 36.66 | epoch: 1 pq: 26 rg: 71 | total time: 133.73m | eta: 13.4m
step 02293/02520 (90.99%) | loss: 2.822828 | lrm: 0.18 | dt: 3503.81ms | tok/sec: 149,633 | bf16_mfu: 36.67 | epoch: 1 pq: 26 rg: 72 | total time: 133.79m | eta: 13.3m
step 02294/02520 (91.03%) | loss: 2.830534 | lrm: 0.18 | dt: 3505.07ms | tok/sec: 149,579 | bf16_mfu: 36.66 | epoch: 1 pq: 26 rg: 73 | total time: 133.85m | eta: 13.2m
step 02295/02520 (91.07%) | loss: 2.834265 | lrm: 0.18 | dt: 3505.09ms | tok/sec: 149,578 | bf16_mfu: 36.66 | epoch: 1 pq: 26 rg: 74 | total time: 133.91m | eta: 13.2m
step 02296/02520 (91.11%) | loss: 2.837054 | lrm: 0.18 | dt: 3503.15ms | tok/sec: 149,661 | bf16_mfu: 36.68 | epoch: 1 pq: 26 rg: 75 | total time: 133.97m | eta: 13.1m
step 02297/02520 (91.15%) | loss: 2.847629 | lrm: 0.18 | dt: 3500.01ms | tok/sec: 149,795 | bf16_mfu: 36.71 | epoch: 1 pq: 26 rg: 75 | total time: 134.02m | eta: 13.1m
step 02298/02520 (91.19%) | loss: 2.856678 | lrm: 0.18 | dt: 3501.27ms | tok/sec: 149,742 | bf16_mfu: 36.70 | epoch: 1 pq: 26 rg: 76 | total time: 134.08m | eta: 13.0m
step 02299/02520 (91.23%) | loss: 2.850563 | lrm: 0.18 | dt: 3501.63ms | tok/sec: 149,726 | bf16_mfu: 36.69 | epoch: 1 pq: 26 rg: 77 | total time: 134.14m | eta: 13.0m
<|bos|>The capital of France is the capital of the world. It is the capital of the world. The capital
<|bos|>The chemical symbol of gold is Au. It is a soft, silvery-white metal with a silvery sheen.
<|bos|>If yesterday was Friday, then tomorrow will be Friday. If yesterday was Saturday, then tomorrow will be Saturday. If yesterday was
<|bos|>The opposite of hot is cold. The opposite of cold is hot. The opposite of hot is cold.
<|bos|>The planets of the solar system are: Mercury, Venus, Earth, Mars, Jupiter, Saturn, Uranus, Ne
<|bos|>My favorite color is the red. I love the red because it is the color of the sun.
<|bos|>If 5*x + 3 = 13, then x is the number of times the number of times the number of times the number of times
step 02300/02520 (91.27%) | loss: 2.855413 | lrm: 0.18 | dt: 3498.28ms | tok/sec: 149,870 | bf16_mfu: 36.73 | epoch: 1 pq: 26 rg: 78 | total time: 134.20m | eta: 12.9m
step 02301/02520 (91.31%) | loss: 2.852510 | lrm: 0.18 | dt: 3504.72ms | tok/sec: 149,594 | bf16_mfu: 36.66 | epoch: 1 pq: 26 rg: 79 | total time: 134.26m | eta: 12.8m
step 02302/02520 (91.35%) | loss: 2.837697 | lrm: 0.18 | dt: 3504.45ms | tok/sec: 149,606 | bf16_mfu: 36.66 | epoch: 1 pq: 26 rg: 80 | total time: 134.32m | eta: 12.8m
step 02303/02520 (91.39%) | loss: 2.834201 | lrm: 0.18 | dt: 3500.72ms | tok/sec: 149,765 | bf16_mfu: 36.70 | epoch: 1 pq: 26 rg: 81 | total time: 134.37m | eta: 12.7m
step 02304/02520 (91.43%) | loss: 2.837412 | lrm: 0.18 | dt: 3505.18ms | tok/sec: 149,575 | bf16_mfu: 36.65 | epoch: 1 pq: 26 rg: 82 | total time: 134.43m | eta: 12.7m
step 02305/02520 (91.47%) | loss: 2.837306 | lrm: 0.17 | dt: 3507.38ms | tok/sec: 149,481 | bf16_mfu: 36.63 | epoch: 1 pq: 27 rg: 0 | total time: 134.49m | eta: 12.6m
step 02306/02520 (91.51%) | loss: 2.836550 | lrm: 0.17 | dt: 3507.75ms | tok/sec: 149,465 | bf16_mfu: 36.63 | epoch: 1 pq: 27 rg: 1 | total time: 134.55m | eta: 12.5m
step 02307/02520 (91.55%) | loss: 2.832668 | lrm: 0.17 | dt: 3508.39ms | tok/sec: 149,438 | bf16_mfu: 36.62 | epoch: 1 pq: 27 rg: 2 | total time: 134.61m | eta: 12.5m
step 02308/02520 (91.59%) | loss: 2.826484 | lrm: 0.17 | dt: 3508.03ms | tok/sec: 149,453 | bf16_mfu: 36.62 | epoch: 1 pq: 27 rg: 3 | total time: 134.67m | eta: 12.4m
step 02309/02520 (91.63%) | loss: 2.832472 | lrm: 0.17 | dt: 3509.52ms | tok/sec: 149,390 | bf16_mfu: 36.61 | epoch: 1 pq: 27 rg: 4 | total time: 134.72m | eta: 12.4m
step 02310/02520 (91.67%) | loss: 2.823101 | lrm: 0.17 | dt: 3507.73ms | tok/sec: 149,466 | bf16_mfu: 36.63 | epoch: 1 pq: 27 rg: 5 | total time: 134.78m | eta: 12.3m
step 02311/02520 (91.71%) | loss: 2.819321 | lrm: 0.17 | dt: 3502.95ms | tok/sec: 149,670 | bf16_mfu: 36.68 | epoch: 1 pq: 27 rg: 6 | total time: 134.84m | eta: 12.2m
step 02312/02520 (91.75%) | loss: 2.837372 | lrm: 0.17 | dt: 3503.27ms | tok/sec: 149,656 | bf16_mfu: 36.67 | epoch: 1 pq: 27 rg: 7 | total time: 134.90m | eta: 12.2m
step 02313/02520 (91.79%) | loss: 2.833020 | lrm: 0.17 | dt: 3500.64ms | tok/sec: 149,769 | bf16_mfu: 36.70 | epoch: 1 pq: 27 rg: 8 | total time: 134.96m | eta: 12.1m
step 02314/02520 (91.83%) | loss: 2.828731 | lrm: 0.17 | dt: 3503.11ms | tok/sec: 149,663 | bf16_mfu: 36.68 | epoch: 1 pq: 27 rg: 9 | total time: 135.02m | eta: 12.1m
step 02315/02520 (91.87%) | loss: 2.852149 | lrm: 0.17 | dt: 3503.50ms | tok/sec: 149,646 | bf16_mfu: 36.67 | epoch: 1 pq: 27 rg: 10 | total time: 135.08m | eta: 12.0m
step 02316/02520 (91.90%) | loss: 2.849452 | lrm: 0.17 | dt: 3503.33ms | tok/sec: 149,654 | bf16_mfu: 36.67 | epoch: 1 pq: 27 rg: 11 | total time: 135.13m | eta: 12.0m
step 02317/02520 (91.94%) | loss: 2.842222 | lrm: 0.17 | dt: 3502.20ms | tok/sec: 149,702 | bf16_mfu: 36.69 | epoch: 1 pq: 27 rg: 12 | total time: 135.19m | eta: 11.9m
step 02318/02520 (91.98%) | loss: 2.827851 | lrm: 0.17 | dt: 3503.25ms | tok/sec: 149,657 | bf16_mfu: 36.67 | epoch: 1 pq: 27 rg: 13 | total time: 135.25m | eta: 11.8m
step 02319/02520 (92.02%) | loss: 2.822278 | lrm: 0.17 | dt: 3504.20ms | tok/sec: 149,617 | bf16_mfu: 36.66 | epoch: 1 pq: 27 rg: 14 | total time: 135.31m | eta: 11.8m
step 02320/02520 (92.06%) | loss: 2.811293 | lrm: 0.17 | dt: 3506.98ms | tok/sec: 149,498 | bf16_mfu: 36.64 | epoch: 1 pq: 27 rg: 15 | total time: 135.37m | eta: 11.7m
step 02321/02520 (92.10%) | loss: 2.825116 | lrm: 0.17 | dt: 3504.49ms | tok/sec: 149,604 | bf16_mfu: 36.66 | epoch: 1 pq: 27 rg: 16 | total time: 135.43m | eta: 11.7m
step 02322/02520 (92.14%) | loss: 2.837727 | lrm: 0.16 | dt: 3503.21ms | tok/sec: 149,659 | bf16_mfu: 36.67 | epoch: 1 pq: 27 rg: 17 | total time: 135.48m | eta: 11.6m
step 02323/02520 (92.18%) | loss: 2.825458 | lrm: 0.16 | dt: 3503.53ms | tok/sec: 149,645 | bf16_mfu: 36.67 | epoch: 1 pq: 27 rg: 18 | total time: 135.54m | eta: 11.5m
step 02324/02520 (92.22%) | loss: 2.816618 | lrm: 0.16 | dt: 3502.59ms | tok/sec: 149,685 | bf16_mfu: 36.68 | epoch: 1 pq: 27 rg: 19 | total time: 135.60m | eta: 11.5m
step 02325/02520 (92.26%) | loss: 2.822309 | lrm: 0.16 | dt: 3502.93ms | tok/sec: 149,671 | bf16_mfu: 36.68 | epoch: 1 pq: 27 rg: 20 | total time: 135.66m | eta: 11.4m
step 02326/02520 (92.30%) | loss: 2.834922 | lrm: 0.16 | dt: 3507.39ms | tok/sec: 149,480 | bf16_mfu: 36.63 | epoch: 1 pq: 27 rg: 20 | total time: 135.72m | eta: 11.4m
step 02327/02520 (92.34%) | loss: 2.837535 | lrm: 0.16 | dt: 3506.93ms | tok/sec: 149,500 | bf16_mfu: 36.64 | epoch: 1 pq: 27 rg: 21 | total time: 135.78m | eta: 11.3m
step 02328/02520 (92.38%) | loss: 2.837267 | lrm: 0.16 | dt: 3509.46ms | tok/sec: 149,392 | bf16_mfu: 36.61 | epoch: 1 pq: 27 rg: 22 | total time: 135.83m | eta: 11.3m
step 02329/02520 (92.42%) | loss: 2.838764 | lrm: 0.16 | dt: 3507.55ms | tok/sec: 149,474 | bf16_mfu: 36.63 | epoch: 1 pq: 27 rg: 23 | total time: 135.89m | eta: 11.2m
step 02330/02520 (92.46%) | loss: 2.838897 | lrm: 0.16 | dt: 3510.03ms | tok/sec: 149,368 | bf16_mfu: 36.60 | epoch: 1 pq: 27 rg: 24 | total time: 135.95m | eta: 11.1m
step 02331/02520 (92.50%) | loss: 2.825453 | lrm: 0.16 | dt: 3504.72ms | tok/sec: 149,595 | bf16_mfu: 36.66 | epoch: 1 pq: 27 rg: 25 | total time: 136.01m | eta: 11.1m
step 02332/02520 (92.54%) | loss: 2.808088 | lrm: 0.16 | dt: 3505.54ms | tok/sec: 149,559 | bf16_mfu: 36.65 | epoch: 1 pq: 27 rg: 26 | total time: 136.07m | eta: 11.0m
step 02333/02520 (92.58%) | loss: 2.818060 | lrm: 0.16 | dt: 3508.62ms | tok/sec: 149,428 | bf16_mfu: 36.62 | epoch: 1 pq: 27 rg: 27 | total time: 136.13m | eta: 11.0m
step 02334/02520 (92.62%) | loss: 2.823799 | lrm: 0.16 | dt: 3506.41ms | tok/sec: 149,522 | bf16_mfu: 36.64 | epoch: 1 pq: 27 rg: 28 | total time: 136.19m | eta: 10.9m
step 02335/02520 (92.66%) | loss: 2.814255 | lrm: 0.16 | dt: 3510.71ms | tok/sec: 149,339 | bf16_mfu: 36.60 | epoch: 1 pq: 27 rg: 29 | total time: 136.24m | eta: 10.8m
step 02336/02520 (92.70%) | loss: 2.814401 | lrm: 0.16 | dt: 3507.90ms | tok/sec: 149,459 | bf16_mfu: 36.63 | epoch: 1 pq: 27 rg: 30 | total time: 136.30m | eta: 10.8m
step 02337/02520 (92.74%) | loss: 2.801710 | lrm: 0.16 | dt: 3510.72ms | tok/sec: 149,339 | bf16_mfu: 36.60 | epoch: 1 pq: 27 rg: 31 | total time: 136.36m | eta: 10.7m
step 02338/02520 (92.78%) | loss: 2.817935 | lrm: 0.16 | dt: 3508.10ms | tok/sec: 149,450 | bf16_mfu: 36.62 | epoch: 1 pq: 27 rg: 32 | total time: 136.42m | eta: 10.7m
step 02339/02520 (92.82%) | loss: 2.812224 | lrm: 0.15 | dt: 3508.28ms | tok/sec: 149,442 | bf16_mfu: 36.62 | epoch: 1 pq: 27 rg: 33 | total time: 136.48m | eta: 10.6m
step 02340/02520 (92.86%) | loss: 2.797113 | lrm: 0.15 | dt: 3505.71ms | tok/sec: 149,552 | bf16_mfu: 36.65 | epoch: 1 pq: 27 rg: 34 | total time: 136.54m | eta: 10.5m
step 02341/02520 (92.90%) | loss: 2.782914 | lrm: 0.15 | dt: 3506.50ms | tok/sec: 149,519 | bf16_mfu: 36.64 | epoch: 1 pq: 27 rg: 35 | total time: 136.59m | eta: 10.5m
step 02342/02520 (92.94%) | loss: 2.775390 | lrm: 0.15 | dt: 3507.27ms | tok/sec: 149,486 | bf16_mfu: 36.63 | epoch: 1 pq: 27 rg: 36 | total time: 136.65m | eta: 10.4m
step 02343/02520 (92.98%) | loss: 2.777512 | lrm: 0.15 | dt: 3505.73ms | tok/sec: 149,551 | bf16_mfu: 36.65 | epoch: 1 pq: 27 rg: 37 | total time: 136.71m | eta: 10.4m
step 02344/02520 (93.02%) | loss: 2.768657 | lrm: 0.15 | dt: 3507.95ms | tok/sec: 149,457 | bf16_mfu: 36.63 | epoch: 1 pq: 27 rg: 38 | total time: 136.77m | eta: 10.3m
step 02345/02520 (93.06%) | loss: 2.773248 | lrm: 0.15 | dt: 3504.08ms | tok/sec: 149,621 | bf16_mfu: 36.67 | epoch: 1 pq: 27 rg: 39 | total time: 136.83m | eta: 10.3m
step 02346/02520 (93.10%) | loss: 2.794616 | lrm: 0.15 | dt: 3503.69ms | tok/sec: 149,638 | bf16_mfu: 36.67 | epoch: 1 pq: 27 rg: 40 | total time: 136.89m | eta: 10.2m
step 02347/02520 (93.13%) | loss: 2.815157 | lrm: 0.15 | dt: 3507.12ms | tok/sec: 149,492 | bf16_mfu: 36.63 | epoch: 1 pq: 27 rg: 41 | total time: 136.95m | eta: 10.1m
step 02348/02520 (93.17%) | loss: 2.816018 | lrm: 0.15 | dt: 3503.73ms | tok/sec: 149,637 | bf16_mfu: 36.67 | epoch: 1 pq: 27 rg: 42 | total time: 137.00m | eta: 10.1m
step 02349/02520 (93.21%) | loss: 2.803679 | lrm: 0.15 | dt: 3503.36ms | tok/sec: 149,653 | bf16_mfu: 36.67 | epoch: 1 pq: 27 rg: 43 | total time: 137.06m | eta: 10.0m
<|bos|>The capital of France is the capital of the world. It is the capital of the world. The capital
<|bos|>The chemical symbol of gold is Au. It is a soft, malleable, and ductile metal. It
<|bos|>If yesterday was Friday, then tomorrow will be Friday. If yesterday was Saturday, then tomorrow will be Saturday. If yesterday was
<|bos|>The opposite of hot is cold. The opposite of cold is hot. The opposite of hot is cold.
<|bos|>The planets of the solar system are: Mercury, Venus, Earth, Mars, Jupiter, Saturn, Uranus, Ne
<|bos|>My favorite color is the red. I like the red because it's the color of the sun.
<|bos|>If 5*x + 3 = 13, then x is 13. If 5*x + 3 = 13, then
step 02350/02520 (93.25%) | loss: 2.816965 | lrm: 0.15 | dt: 3509.34ms | tok/sec: 149,397 | bf16_mfu: 36.61 | epoch: 1 pq: 27 rg: 44 | total time: 137.12m | eta: 10.0m
step 02351/02520 (93.29%) | loss: 2.809715 | lrm: 0.15 | dt: 3502.74ms | tok/sec: 149,679 | bf16_mfu: 36.68 | epoch: 1 pq: 27 rg: 45 | total time: 137.18m | eta: 9.9m
step 02352/02520 (93.33%) | loss: 2.792315 | lrm: 0.15 | dt: 3502.98ms | tok/sec: 149,669 | bf16_mfu: 36.68 | epoch: 1 pq: 27 rg: 46 | total time: 137.24m | eta: 9.8m
step 02353/02520 (93.37%) | loss: 2.790449 | lrm: 0.15 | dt: 3502.57ms | tok/sec: 149,686 | bf16_mfu: 36.68 | epoch: 1 pq: 27 rg: 47 | total time: 137.30m | eta: 9.8m
step 02354/02520 (93.41%) | loss: 2.791335 | lrm: 0.15 | dt: 3500.67ms | tok/sec: 149,767 | bf16_mfu: 36.70 | epoch: 1 pq: 27 rg: 48 | total time: 137.35m | eta: 9.7m
step 02355/02520 (93.45%) | loss: 2.789898 | lrm: 0.15 | dt: 3500.87ms | tok/sec: 149,759 | bf16_mfu: 36.70 | epoch: 1 pq: 27 rg: 48 | total time: 137.41m | eta: 9.7m
step 02356/02520 (93.49%) | loss: 2.810156 | lrm: 0.15 | dt: 3502.29ms | tok/sec: 149,698 | bf16_mfu: 36.68 | epoch: 1 pq: 27 rg: 49 | total time: 137.47m | eta: 9.6m
step 02357/02520 (93.53%) | loss: 2.815378 | lrm: 0.14 | dt: 3505.43ms | tok/sec: 149,564 | bf16_mfu: 36.65 | epoch: 1 pq: 27 rg: 50 | total time: 137.53m | eta: 9.6m
step 02358/02520 (93.57%) | loss: 2.818313 | lrm: 0.14 | dt: 3502.19ms | tok/sec: 149,702 | bf16_mfu: 36.69 | epoch: 1 pq: 27 rg: 51 | total time: 137.59m | eta: 9.5m
step 02359/02520 (93.61%) | loss: 2.805081 | lrm: 0.14 | dt: 3505.35ms | tok/sec: 149,567 | bf16_mfu: 36.65 | epoch: 1 pq: 27 rg: 52 | total time: 137.65m | eta: 9.4m
step 02360/02520 (93.65%) | loss: 2.789588 | lrm: 0.14 | dt: 3502.73ms | tok/sec: 149,679 | bf16_mfu: 36.68 | epoch: 1 pq: 27 rg: 53 | total time: 137.70m | eta: 9.4m
step 02361/02520 (93.69%) | loss: 2.803288 | lrm: 0.14 | dt: 3505.04ms | tok/sec: 149,581 | bf16_mfu: 36.66 | epoch: 1 pq: 27 rg: 54 | total time: 137.76m | eta: 9.3m
step 02362/02520 (93.73%) | loss: 2.784054 | lrm: 0.14 | dt: 3502.82ms | tok/sec: 149,675 | bf16_mfu: 36.68 | epoch: 1 pq: 27 rg: 55 | total time: 137.82m | eta: 9.3m
step 02363/02520 (93.77%) | loss: 2.799764 | lrm: 0.14 | dt: 3500.60ms | tok/sec: 149,771 | bf16_mfu: 36.70 | epoch: 1 pq: 27 rg: 56 | total time: 137.88m | eta: 9.2m
step 02364/02520 (93.81%) | loss: 2.803357 | lrm: 0.14 | dt: 3504.27ms | tok/sec: 149,613 | bf16_mfu: 36.66 | epoch: 1 pq: 27 rg: 57 | total time: 137.94m | eta: 9.1m
step 02365/02520 (93.85%) | loss: 2.799637 | lrm: 0.14 | dt: 3505.32ms | tok/sec: 149,569 | bf16_mfu: 36.65 | epoch: 1 pq: 27 rg: 58 | total time: 138.00m | eta: 9.1m
step 02366/02520 (93.89%) | loss: 2.786043 | lrm: 0.14 | dt: 3504.38ms | tok/sec: 149,609 | bf16_mfu: 36.66 | epoch: 1 pq: 27 rg: 59 | total time: 138.05m | eta: 9.0m
step 02367/02520 (93.93%) | loss: 2.771174 | lrm: 0.14 | dt: 3503.43ms | tok/sec: 149,650 | bf16_mfu: 36.67 | epoch: 1 pq: 27 rg: 60 | total time: 138.11m | eta: 9.0m
step 02368/02520 (93.97%) | loss: 2.777414 | lrm: 0.14 | dt: 3505.12ms | tok/sec: 149,577 | bf16_mfu: 36.65 | epoch: 1 pq: 27 rg: 61 | total time: 138.17m | eta: 8.9m
step 02369/02520 (94.01%) | loss: 2.780138 | lrm: 0.14 | dt: 3506.76ms | tok/sec: 149,507 | bf16_mfu: 36.64 | epoch: 1 pq: 27 rg: 62 | total time: 138.23m | eta: 8.8m
step 02370/02520 (94.05%) | loss: 2.781267 | lrm: 0.14 | dt: 3502.90ms | tok/sec: 149,672 | bf16_mfu: 36.68 | epoch: 1 pq: 27 rg: 63 | total time: 138.29m | eta: 8.8m
step 02371/02520 (94.09%) | loss: 2.799686 | lrm: 0.14 | dt: 3505.99ms | tok/sec: 149,540 | bf16_mfu: 36.65 | epoch: 1 pq: 27 rg: 64 | total time: 138.35m | eta: 8.7m
step 02372/02520 (94.13%) | loss: 2.790344 | lrm: 0.14 | dt: 3506.25ms | tok/sec: 149,529 | bf16_mfu: 36.64 | epoch: 1 pq: 27 rg: 65 | total time: 138.41m | eta: 8.7m
step 02373/02520 (94.17%) | loss: 2.779468 | lrm: 0.14 | dt: 3504.96ms | tok/sec: 149,584 | bf16_mfu: 36.66 | epoch: 1 pq: 27 rg: 66 | total time: 138.46m | eta: 8.6m
step 02374/02520 (94.21%) | loss: 2.789114 | lrm: 0.13 | dt: 3506.24ms | tok/sec: 149,529 | bf16_mfu: 36.64 | epoch: 1 pq: 27 rg: 67 | total time: 138.52m | eta: 8.6m
step 02375/02520 (94.25%) | loss: 2.788005 | lrm: 0.13 | dt: 3505.53ms | tok/sec: 149,560 | bf16_mfu: 36.65 | epoch: 1 pq: 27 rg: 68 | total time: 138.58m | eta: 8.5m
step 02376/02520 (94.29%) | loss: 2.778775 | lrm: 0.13 | dt: 3505.02ms | tok/sec: 149,582 | bf16_mfu: 36.66 | epoch: 1 pq: 27 rg: 69 | total time: 138.64m | eta: 8.4m
step 02377/02520 (94.33%) | loss: 2.785331 | lrm: 0.13 | dt: 3509.55ms | tok/sec: 149,389 | bf16_mfu: 36.61 | epoch: 1 pq: 27 rg: 70 | total time: 138.70m | eta: 8.4m
step 02378/02520 (94.37%) | loss: 2.792151 | lrm: 0.13 | dt: 3505.59ms | tok/sec: 149,557 | bf16_mfu: 36.65 | epoch: 1 pq: 27 rg: 71 | total time: 138.76m | eta: 8.3m
step 02379/02520 (94.40%) | loss: 2.789208 | lrm: 0.13 | dt: 3505.19ms | tok/sec: 149,574 | bf16_mfu: 36.65 | epoch: 1 pq: 27 rg: 72 | total time: 138.81m | eta: 8.3m
step 02380/02520 (94.44%) | loss: 2.789192 | lrm: 0.13 | dt: 3509.40ms | tok/sec: 149,395 | bf16_mfu: 36.61 | epoch: 1 pq: 27 rg: 73 | total time: 138.87m | eta: 8.2m
step 02381/02520 (94.48%) | loss: 2.784997 | lrm: 0.13 | dt: 3508.22ms | tok/sec: 149,445 | bf16_mfu: 36.62 | epoch: 1 pq: 27 rg: 74 | total time: 138.93m | eta: 8.1m
step 02382/02520 (94.52%) | loss: 2.789498 | lrm: 0.13 | dt: 3509.85ms | tok/sec: 149,376 | bf16_mfu: 36.61 | epoch: 1 pq: 27 rg: 75 | total time: 138.99m | eta: 8.1m
step 02383/02520 (94.56%) | loss: 2.786413 | lrm: 0.13 | dt: 3511.19ms | tok/sec: 149,319 | bf16_mfu: 36.59 | epoch: 1 pq: 27 rg: 76 | total time: 139.05m | eta: 8.0m
step 02384/02520 (94.60%) | loss: 2.801150 | lrm: 0.13 | dt: 3509.71ms | tok/sec: 149,382 | bf16_mfu: 36.61 | epoch: 1 pq: 27 rg: 77 | total time: 139.11m | eta: 8.0m
step 02385/02520 (94.64%) | loss: 2.809064 | lrm: 0.13 | dt: 3509.91ms | tok/sec: 149,373 | bf16_mfu: 36.60 | epoch: 1 pq: 27 rg: 78 | total time: 139.17m | eta: 7.9m
step 02386/02520 (94.68%) | loss: 2.814606 | lrm: 0.13 | dt: 3507.89ms | tok/sec: 149,459 | bf16_mfu: 36.63 | epoch: 1 pq: 27 rg: 79 | total time: 139.22m | eta: 7.9m
step 02387/02520 (94.72%) | loss: 2.803392 | lrm: 0.13 | dt: 3512.39ms | tok/sec: 149,268 | bf16_mfu: 36.58 | epoch: 1 pq: 27 rg: 79 | total time: 139.28m | eta: 7.8m
step 02388/02520 (94.76%) | loss: 2.804589 | lrm: 0.13 | dt: 3516.08ms | tok/sec: 149,111 | bf16_mfu: 36.54 | epoch: 1 pq: 27 rg: 80 | total time: 139.34m | eta: 7.7m
step 02389/02520 (94.80%) | loss: 2.807098 | lrm: 0.13 | dt: 3507.83ms | tok/sec: 149,462 | bf16_mfu: 36.63 | epoch: 1 pq: 27 rg: 81 | total time: 139.40m | eta: 7.7m
step 02390/02520 (94.84%) | loss: 2.803153 | lrm: 0.13 | dt: 3512.49ms | tok/sec: 149,264 | bf16_mfu: 36.58 | epoch: 1 pq: 28 rg: 0 | total time: 139.46m | eta: 7.6m
step 02391/02520 (94.88%) | loss: 2.784813 | lrm: 0.12 | dt: 3505.16ms | tok/sec: 149,575 | bf16_mfu: 36.65 | epoch: 1 pq: 28 rg: 1 | total time: 139.52m | eta: 7.6m
step 02392/02520 (94.92%) | loss: 2.776311 | lrm: 0.12 | dt: 3503.87ms | tok/sec: 149,631 | bf16_mfu: 36.67 | epoch: 1 pq: 28 rg: 2 | total time: 139.57m | eta: 7.5m
step 02393/02520 (94.96%) | loss: 2.781358 | lrm: 0.12 | dt: 3507.88ms | tok/sec: 149,459 | bf16_mfu: 36.63 | epoch: 1 pq: 28 rg: 3 | total time: 139.63m | eta: 7.4m
step 02394/02520 (95.00%) | loss: 2.765461 | lrm: 0.12 | dt: 3504.79ms | tok/sec: 149,591 | bf16_mfu: 36.66 | epoch: 1 pq: 28 rg: 4 | total time: 139.69m | eta: 7.4m
step 02395/02520 (95.04%) | loss: 2.755631 | lrm: 0.12 | dt: 3504.97ms | tok/sec: 149,584 | bf16_mfu: 36.66 | epoch: 1 pq: 28 rg: 5 | total time: 139.75m | eta: 7.3m
step 02396/02520 (95.08%) | loss: 2.758898 | lrm: 0.12 | dt: 3508.14ms | tok/sec: 149,448 | bf16_mfu: 36.62 | epoch: 1 pq: 28 rg: 6 | total time: 139.81m | eta: 7.3m
step 02397/02520 (95.12%) | loss: 2.762344 | lrm: 0.12 | dt: 3506.77ms | tok/sec: 149,507 | bf16_mfu: 36.64 | epoch: 1 pq: 28 rg: 7 | total time: 139.87m | eta: 7.2m
step 02398/02520 (95.16%) | loss: 2.763921 | lrm: 0.12 | dt: 3507.23ms | tok/sec: 149,487 | bf16_mfu: 36.63 | epoch: 1 pq: 28 rg: 8 | total time: 139.93m | eta: 7.1m
step 02399/02520 (95.20%) | loss: 2.763883 | lrm: 0.12 | dt: 3506.64ms | tok/sec: 149,513 | bf16_mfu: 36.64 | epoch: 1 pq: 28 rg: 9 | total time: 139.98m | eta: 7.1m
Step 02400 | Validation bpb: 0.869696
<|bos|>The capital of France is Paris, and it is the most famous city in the world. It is also
<|bos|>The chemical symbol of gold is Au. It is a soft, malleable, and ductile metal. It
<|bos|>If yesterday was Friday, then tomorrow will be Friday. If yesterday was Saturday, then tomorrow will be Saturday. If yesterday was
<|bos|>The opposite of hot is cold. The opposite of cold is cold. The opposite of cold is hot.
<|bos|>The planets of the solar system are: Jupiter, Saturn, Uranus, Neptune, Neptune, Ne
<|bos|>My favorite color is red. I love it. I love it. I love it. I love
<|bos|>If 5*x + 3 = 13, then x is 13. If 5*x + 3 = 13, then
2026-09-25 20:21:37,253 - nanochat.checkpoint_manager - [32m[1mINFO[0m - Saved model parameters to: /local/s3774740/d12/cache/base_checkpoints/d12v32768/model_002400.pt
2026-09-25 20:21:37,253 - nanochat.checkpoint_manager - [32m[1mINFO[0m - Saved metadata to: /local/s3774740/d12/cache/base_checkpoints/d12v32768/meta_002400.json
2026-09-25 20:21:38,037 - nanochat.checkpoint_manager - [32m[1mINFO[0m - Saved optimizer state to: /local/s3774740/d12/cache/base_checkpoints/d12v32768/optim_002400_rank0.pt
step 02400/02520 (95.24%) | loss: 2.778229 | lrm: 0.12 | dt: 3497.85ms | tok/sec: 149,888 | bf16_mfu: 36.73 | epoch: 1 pq: 28 rg: 10 | total time: 140.04m | eta: 7.0m
step 02401/02520 (95.28%) | loss: 2.786896 | lrm: 0.12 | dt: 3497.33ms | tok/sec: 149,910 | bf16_mfu: 36.74 | epoch: 1 pq: 28 rg: 11 | total time: 140.10m | eta: 7.0m
step 02402/02520 (95.32%) | loss: 2.801258 | lrm: 0.12 | dt: 3497.94ms | tok/sec: 149,884 | bf16_mfu: 36.73 | epoch: 1 pq: 28 rg: 12 | total time: 140.16m | eta: 6.9m
step 02403/02520 (95.36%) | loss: 2.783402 | lrm: 0.12 | dt: 3502.10ms | tok/sec: 149,706 | bf16_mfu: 36.69 | epoch: 1 pq: 28 rg: 13 | total time: 140.22m | eta: 6.9m
step 02404/02520 (95.40%) | loss: 2.789094 | lrm: 0.12 | dt: 3500.42ms | tok/sec: 149,778 | bf16_mfu: 36.70 | epoch: 1 pq: 28 rg: 14 | total time: 140.28m | eta: 6.8m
step 02405/02520 (95.44%) | loss: 2.788674 | lrm: 0.12 | dt: 3499.47ms | tok/sec: 149,819 | bf16_mfu: 36.71 | epoch: 1 pq: 28 rg: 15 | total time: 140.33m | eta: 6.7m
step 02406/02520 (95.48%) | loss: 2.792273 | lrm: 0.12 | dt: 3501.30ms | tok/sec: 149,740 | bf16_mfu: 36.69 | epoch: 1 pq: 28 rg: 16 | total time: 140.39m | eta: 6.7m
step 02407/02520 (95.52%) | loss: 2.808379 | lrm: 0.12 | dt: 3498.55ms | tok/sec: 149,858 | bf16_mfu: 36.72 | epoch: 1 pq: 28 rg: 17 | total time: 140.45m | eta: 6.6m
step 02408/02520 (95.56%) | loss: 2.813692 | lrm: 0.11 | dt: 3498.88ms | tok/sec: 149,844 | bf16_mfu: 36.72 | epoch: 1 pq: 28 rg: 18 | total time: 140.51m | eta: 6.6m
step 02409/02520 (95.60%) | loss: 2.806888 | lrm: 0.11 | dt: 3502.23ms | tok/sec: 149,701 | bf16_mfu: 36.69 | epoch: 1 pq: 28 rg: 19 | total time: 140.57m | eta: 6.5m
step 02410/02520 (95.63%) | loss: 2.813090 | lrm: 0.11 | dt: 3503.99ms | tok/sec: 149,625 | bf16_mfu: 36.67 | epoch: 1 pq: 28 rg: 20 | total time: 140.63m | eta: 6.4m
step 02411/02520 (95.67%) | loss: 2.816593 | lrm: 0.11 | dt: 3503.69ms | tok/sec: 149,638 | bf16_mfu: 36.67 | epoch: 1 pq: 28 rg: 21 | total time: 140.68m | eta: 6.4m
step 02412/02520 (95.71%) | loss: 2.803136 | lrm: 0.11 | dt: 3505.63ms | tok/sec: 149,556 | bf16_mfu: 36.65 | epoch: 1 pq: 28 rg: 22 | total time: 140.74m | eta: 6.3m
step 02413/02520 (95.75%) | loss: 2.794242 | lrm: 0.11 | dt: 3502.96ms | tok/sec: 149,669 | bf16_mfu: 36.68 | epoch: 1 pq: 28 rg: 23 | total time: 140.80m | eta: 6.3m
step 02414/02520 (95.79%) | loss: 2.795079 | lrm: 0.11 | dt: 3508.58ms | tok/sec: 149,430 | bf16_mfu: 36.62 | epoch: 1 pq: 28 rg: 24 | total time: 140.86m | eta: 6.2m
step 02415/02520 (95.83%) | loss: 2.781664 | lrm: 0.11 | dt: 3505.02ms | tok/sec: 149,581 | bf16_mfu: 36.66 | epoch: 1 pq: 28 rg: 25 | total time: 140.92m | eta: 6.2m
step 02416/02520 (95.87%) | loss: 2.782213 | lrm: 0.11 | dt: 3502.02ms | tok/sec: 149,710 | bf16_mfu: 36.69 | epoch: 1 pq: 28 rg: 26 | total time: 140.98m | eta: 6.1m
step 02417/02520 (95.91%) | loss: 2.786152 | lrm: 0.11 | dt: 3501.93ms | tok/sec: 149,714 | bf16_mfu: 36.69 | epoch: 1 pq: 28 rg: 27 | total time: 141.03m | eta: 6.0m
step 02418/02520 (95.95%) | loss: 2.769187 | lrm: 0.11 | dt: 3507.71ms | tok/sec: 149,467 | bf16_mfu: 36.63 | epoch: 1 pq: 28 rg: 28 | total time: 141.09m | eta: 6.0m
step 02419/02520 (95.99%) | loss: 2.774300 | lrm: 0.11 | dt: 3502.89ms | tok/sec: 149,673 | bf16_mfu: 36.68 | epoch: 1 pq: 28 rg: 29 | total time: 141.15m | eta: 5.9m
step 02420/02520 (96.03%) | loss: 2.768495 | lrm: 0.11 | dt: 3503.11ms | tok/sec: 149,663 | bf16_mfu: 36.68 | epoch: 1 pq: 28 rg: 29 | total time: 141.21m | eta: 5.9m
step 02421/02520 (96.07%) | loss: 2.773252 | lrm: 0.11 | dt: 3503.26ms | tok/sec: 149,657 | bf16_mfu: 36.67 | epoch: 1 pq: 28 rg: 30 | total time: 141.27m | eta: 5.8m
step 02422/02520 (96.11%) | loss: 2.756159 | lrm: 0.11 | dt: 3507.44ms | tok/sec: 149,478 | bf16_mfu: 36.63 | epoch: 1 pq: 28 rg: 31 | total time: 141.33m | eta: 5.7m
step 02423/02520 (96.15%) | loss: 2.774652 | lrm: 0.11 | dt: 3508.20ms | tok/sec: 149,446 | bf16_mfu: 36.62 | epoch: 1 pq: 28 rg: 32 | total time: 141.38m | eta: 5.7m
step 02424/02520 (96.19%) | loss: 2.776006 | lrm: 0.11 | dt: 3504.66ms | tok/sec: 149,597 | bf16_mfu: 36.66 | epoch: 1 pq: 28 rg: 33 | total time: 141.44m | eta: 5.6m
step 02425/02520 (96.23%) | loss: 2.763721 | lrm: 0.11 | dt: 3505.75ms | tok/sec: 149,551 | bf16_mfu: 36.65 | epoch: 1 pq: 28 rg: 34 | total time: 141.50m | eta: 5.6m
step 02426/02520 (96.27%) | loss: 2.745170 | lrm: 0.10 | dt: 3508.23ms | tok/sec: 149,445 | bf16_mfu: 36.62 | epoch: 1 pq: 28 rg: 35 | total time: 141.56m | eta: 5.5m
step 02427/02520 (96.31%) | loss: 2.765343 | lrm: 0.10 | dt: 3508.10ms | tok/sec: 149,450 | bf16_mfu: 36.62 | epoch: 1 pq: 28 rg: 36 | total time: 141.62m | eta: 5.4m
step 02428/02520 (96.35%) | loss: 2.778864 | lrm: 0.10 | dt: 3507.28ms | tok/sec: 149,485 | bf16_mfu: 36.63 | epoch: 1 pq: 28 rg: 37 | total time: 141.68m | eta: 5.4m
step 02429/02520 (96.39%) | loss: 2.772425 | lrm: 0.10 | dt: 3506.23ms | tok/sec: 149,530 | bf16_mfu: 36.64 | epoch: 1 pq: 28 rg: 38 | total time: 141.74m | eta: 5.3m
step 02430/02520 (96.43%) | loss: 2.768419 | lrm: 0.10 | dt: 3506.36ms | tok/sec: 149,524 | bf16_mfu: 36.64 | epoch: 1 pq: 28 rg: 39 | total time: 141.79m | eta: 5.3m
step 02431/02520 (96.47%) | loss: 2.778864 | lrm: 0.10 | dt: 3507.64ms | tok/sec: 149,470 | bf16_mfu: 36.63 | epoch: 1 pq: 28 rg: 40 | total time: 141.85m | eta: 5.2m
step 02432/02520 (96.51%) | loss: 2.785047 | lrm: 0.10 | dt: 3505.99ms | tok/sec: 149,540 | bf16_mfu: 36.65 | epoch: 1 pq: 28 rg: 41 | total time: 141.91m | eta: 5.2m
step 02433/02520 (96.55%) | loss: 2.780929 | lrm: 0.10 | dt: 3508.87ms | tok/sec: 149,417 | bf16_mfu: 36.62 | epoch: 1 pq: 28 rg: 42 | total time: 141.97m | eta: 5.1m
step 02434/02520 (96.59%) | loss: 2.783398 | lrm: 0.10 | dt: 3507.43ms | tok/sec: 149,479 | bf16_mfu: 36.63 | epoch: 1 pq: 28 rg: 43 | total time: 142.03m | eta: 5.0m
step 02435/02520 (96.63%) | loss: 2.802013 | lrm: 0.10 | dt: 3503.31ms | tok/sec: 149,655 | bf16_mfu: 36.67 | epoch: 1 pq: 28 rg: 44 | total time: 142.09m | eta: 5.0m
step 02436/02520 (96.67%) | loss: 2.789161 | lrm: 0.10 | dt: 3502.89ms | tok/sec: 149,673 | bf16_mfu: 36.68 | epoch: 1 pq: 28 rg: 45 | total time: 142.14m | eta: 4.9m
step 02437/02520 (96.71%) | loss: 2.796315 | lrm: 0.10 | dt: 3507.83ms | tok/sec: 149,462 | bf16_mfu: 36.63 | epoch: 1 pq: 28 rg: 46 | total time: 142.20m | eta: 4.9m
step 02438/02520 (96.75%) | loss: 2.802328 | lrm: 0.10 | dt: 3504.54ms | tok/sec: 149,602 | bf16_mfu: 36.66 | epoch: 1 pq: 28 rg: 47 | total time: 142.26m | eta: 4.8m
step 02439/02520 (96.79%) | loss: 2.816709 | lrm: 0.10 | dt: 3507.62ms | tok/sec: 149,471 | bf16_mfu: 36.63 | epoch: 1 pq: 28 rg: 48 | total time: 142.32m | eta: 4.7m
step 02440/02520 (96.83%) | loss: 2.804526 | lrm: 0.10 | dt: 3507.40ms | tok/sec: 149,480 | bf16_mfu: 36.63 | epoch: 1 pq: 28 rg: 49 | total time: 142.38m | eta: 4.7m
step 02441/02520 (96.87%) | loss: 2.790432 | lrm: 0.10 | dt: 3505.35ms | tok/sec: 149,568 | bf16_mfu: 36.65 | epoch: 1 pq: 28 rg: 50 | total time: 142.44m | eta: 4.6m
step 02442/02520 (96.90%) | loss: 2.796067 | lrm: 0.10 | dt: 3506.94ms | tok/sec: 149,500 | bf16_mfu: 36.64 | epoch: 1 pq: 28 rg: 51 | total time: 142.50m | eta: 4.6m
step 02443/02520 (96.94%) | loss: 2.802531 | lrm: 0.09 | dt: 3506.99ms | tok/sec: 149,498 | bf16_mfu: 36.64 | epoch: 1 pq: 28 rg: 52 | total time: 142.55m | eta: 4.5m
step 02444/02520 (96.98%) | loss: 2.821522 | lrm: 0.09 | dt: 3501.74ms | tok/sec: 149,722 | bf16_mfu: 36.69 | epoch: 1 pq: 28 rg: 53 | total time: 142.61m | eta: 4.5m
step 02445/02520 (97.02%) | loss: 2.817213 | lrm: 0.09 | dt: 3507.12ms | tok/sec: 149,492 | bf16_mfu: 36.63 | epoch: 1 pq: 28 rg: 54 | total time: 142.67m | eta: 4.4m
step 02446/02520 (97.06%) | loss: 2.821034 | lrm: 0.09 | dt: 3502.91ms | tok/sec: 149,672 | bf16_mfu: 36.68 | epoch: 1 pq: 28 rg: 55 | total time: 142.73m | eta: 4.3m
step 02447/02520 (97.10%) | loss: 2.805236 | lrm: 0.09 | dt: 3504.56ms | tok/sec: 149,601 | bf16_mfu: 36.66 | epoch: 1 pq: 28 rg: 56 | total time: 142.79m | eta: 4.3m
step 02448/02520 (97.14%) | loss: 2.796784 | lrm: 0.09 | dt: 3505.63ms | tok/sec: 149,555 | bf16_mfu: 36.65 | epoch: 1 pq: 28 rg: 57 | total time: 142.85m | eta: 4.2m
step 02449/02520 (97.18%) | loss: 2.771731 | lrm: 0.09 | dt: 3504.88ms | tok/sec: 149,588 | bf16_mfu: 36.66 | epoch: 1 pq: 28 rg: 58 | total time: 142.90m | eta: 4.2m
<|bos|>The capital of France is Paris, and the city of Paris is the capital of France. The capital of
<|bos|>The chemical symbol of gold is Au. It is a soft, malleable, and ductile metal. It
<|bos|>If yesterday was Friday, then tomorrow will be Friday. If yesterday was Saturday, then Sunday will be Sunday. If yesterday was
<|bos|>The opposite of hot is cold. The opposite of cold is hot. The opposite of cold is cold.
<|bos|>The planets of the solar system are: Jupiter, Saturn, Uranus, Neptune, Neptune, Uran
<|bos|>My favorite color is red. I love it. I love it. I love it. I love
<|bos|>If 5*x + 3 = 13, then x is the number of times the number of times the number of times the number of times
step 02450/02520 (97.22%) | loss: 2.787655 | lrm: 0.09 | dt: 3507.06ms | tok/sec: 149,494 | bf16_mfu: 36.63 | epoch: 1 pq: 28 rg: 59 | total time: 142.96m | eta: 4.1m
step 02451/02520 (97.26%) | loss: 2.791986 | lrm: 0.09 | dt: 3508.46ms | tok/sec: 149,435 | bf16_mfu: 36.62 | epoch: 1 pq: 28 rg: 60 | total time: 143.02m | eta: 4.0m
step 02452/02520 (97.30%) | loss: 2.791677 | lrm: 0.09 | dt: 3502.36ms | tok/sec: 149,695 | bf16_mfu: 36.68 | epoch: 1 pq: 28 rg: 60 | total time: 143.08m | eta: 4.0m
step 02453/02520 (97.34%) | loss: 2.796719 | lrm: 0.09 | dt: 3505.01ms | tok/sec: 149,582 | bf16_mfu: 36.66 | epoch: 1 pq: 28 rg: 61 | total time: 143.14m | eta: 3.9m
step 02454/02520 (97.38%) | loss: 2.794618 | lrm: 0.09 | dt: 3505.25ms | tok/sec: 149,572 | bf16_mfu: 36.65 | epoch: 1 pq: 28 rg: 62 | total time: 143.20m | eta: 3.9m
step 02455/02520 (97.42%) | loss: 2.794421 | lrm: 0.09 | dt: 3509.21ms | tok/sec: 149,403 | bf16_mfu: 36.61 | epoch: 1 pq: 28 rg: 63 | total time: 143.25m | eta: 3.8m
step 02456/02520 (97.46%) | loss: 2.782666 | lrm: 0.09 | dt: 3508.23ms | tok/sec: 149,444 | bf16_mfu: 36.62 | epoch: 1 pq: 28 rg: 64 | total time: 143.31m | eta: 3.7m
step 02457/02520 (97.50%) | loss: 2.788914 | lrm: 0.09 | dt: 3510.76ms | tok/sec: 149,337 | bf16_mfu: 36.60 | epoch: 1 pq: 28 rg: 65 | total time: 143.37m | eta: 3.7m
step 02458/02520 (97.54%) | loss: 2.804468 | lrm: 0.09 | dt: 3508.45ms | tok/sec: 149,435 | bf16_mfu: 36.62 | epoch: 1 pq: 28 rg: 66 | total time: 143.43m | eta: 3.6m
step 02459/02520 (97.58%) | loss: 2.796937 | lrm: 0.09 | dt: 3508.96ms | tok/sec: 149,413 | bf16_mfu: 36.61 | epoch: 1 pq: 28 rg: 67 | total time: 143.49m | eta: 3.6m
step 02460/02520 (97.62%) | loss: 2.785464 | lrm: 0.08 | dt: 3508.77ms | tok/sec: 149,422 | bf16_mfu: 36.62 | epoch: 1 pq: 28 rg: 68 | total time: 143.55m | eta: 3.5m
step 02461/02520 (97.66%) | loss: 2.782918 | lrm: 0.08 | dt: 3509.95ms | tok/sec: 149,371 | bf16_mfu: 36.60 | epoch: 1 pq: 28 rg: 69 | total time: 143.61m | eta: 3.5m
step 02462/02520 (97.70%) | loss: 2.796060 | lrm: 0.08 | dt: 3509.83ms | tok/sec: 149,377 | bf16_mfu: 36.61 | epoch: 1 pq: 28 rg: 70 | total time: 143.66m | eta: 3.4m
step 02463/02520 (97.74%) | loss: 2.808522 | lrm: 0.08 | dt: 3508.30ms | tok/sec: 149,441 | bf16_mfu: 36.62 | epoch: 1 pq: 28 rg: 71 | total time: 143.72m | eta: 3.3m
step 02464/02520 (97.78%) | loss: 2.826197 | lrm: 0.08 | dt: 3514.31ms | tok/sec: 149,186 | bf16_mfu: 36.56 | epoch: 1 pq: 28 rg: 72 | total time: 143.78m | eta: 3.3m
step 02465/02520 (97.82%) | loss: 2.829052 | lrm: 0.08 | dt: 3506.39ms | tok/sec: 149,523 | bf16_mfu: 36.64 | epoch: 1 pq: 28 rg: 73 | total time: 143.84m | eta: 3.2m
step 02466/02520 (97.86%) | loss: 2.842812 | lrm: 0.08 | dt: 3510.98ms | tok/sec: 149,328 | bf16_mfu: 36.59 | epoch: 1 pq: 28 rg: 74 | total time: 143.90m | eta: 3.2m
step 02467/02520 (97.90%) | loss: 2.815730 | lrm: 0.08 | dt: 3507.85ms | tok/sec: 149,461 | bf16_mfu: 36.63 | epoch: 1 pq: 28 rg: 75 | total time: 143.96m | eta: 3.1m
step 02468/02520 (97.94%) | loss: 2.804227 | lrm: 0.08 | dt: 3511.13ms | tok/sec: 149,321 | bf16_mfu: 36.59 | epoch: 1 pq: 28 rg: 76 | total time: 144.02m | eta: 3.0m
step 02469/02520 (97.98%) | loss: 2.789832 | lrm: 0.08 | dt: 3508.31ms | tok/sec: 149,441 | bf16_mfu: 36.62 | epoch: 1 pq: 28 rg: 77 | total time: 144.07m | eta: 3.0m
step 02470/02520 (98.02%) | loss: 2.805795 | lrm: 0.08 | dt: 3508.34ms | tok/sec: 149,440 | bf16_mfu: 36.62 | epoch: 1 pq: 28 rg: 78 | total time: 144.13m | eta: 2.9m
step 02471/02520 (98.06%) | loss: 2.834205 | lrm: 0.08 | dt: 3505.43ms | tok/sec: 149,564 | bf16_mfu: 36.65 | epoch: 1 pq: 28 rg: 79 | total time: 144.19m | eta: 2.9m
step 02472/02520 (98.10%) | loss: 2.835721 | lrm: 0.08 | dt: 3506.46ms | tok/sec: 149,520 | bf16_mfu: 36.64 | epoch: 1 pq: 28 rg: 80 | total time: 144.25m | eta: 2.8m
step 02473/02520 (98.13%) | loss: 2.817411 | lrm: 0.08 | dt: 3506.68ms | tok/sec: 149,511 | bf16_mfu: 36.64 | epoch: 1 pq: 28 rg: 81 | total time: 144.31m | eta: 2.8m
step 02474/02520 (98.17%) | loss: 2.795377 | lrm: 0.08 | dt: 3503.42ms | tok/sec: 149,650 | bf16_mfu: 36.67 | epoch: 1 pq: 28 rg: 82 | total time: 144.37m | eta: 2.7m
step 02475/02520 (98.21%) | loss: 2.795294 | lrm: 0.08 | dt: 3501.65ms | tok/sec: 149,725 | bf16_mfu: 36.69 | epoch: 1 pq: 29 rg: 0 | total time: 144.42m | eta: 2.6m
step 02476/02520 (98.25%) | loss: 2.798871 | lrm: 0.08 | dt: 3503.56ms | tok/sec: 149,644 | bf16_mfu: 36.67 | epoch: 1 pq: 29 rg: 1 | total time: 144.48m | eta: 2.6m
step 02477/02520 (98.29%) | loss: 2.798041 | lrm: 0.07 | dt: 3506.26ms | tok/sec: 149,529 | bf16_mfu: 36.64 | epoch: 1 pq: 29 rg: 2 | total time: 144.54m | eta: 2.5m
step 02478/02520 (98.33%) | loss: 2.793323 | lrm: 0.07 | dt: 3504.30ms | tok/sec: 149,612 | bf16_mfu: 36.66 | epoch: 1 pq: 29 rg: 3 | total time: 144.60m | eta: 2.5m
step 02479/02520 (98.37%) | loss: 2.798284 | lrm: 0.07 | dt: 3508.71ms | tok/sec: 149,424 | bf16_mfu: 36.62 | epoch: 1 pq: 29 rg: 4 | total time: 144.66m | eta: 2.4m
step 02480/02520 (98.41%) | loss: 2.800016 | lrm: 0.07 | dt: 3507.64ms | tok/sec: 149,470 | bf16_mfu: 36.63 | epoch: 1 pq: 29 rg: 5 | total time: 144.72m | eta: 2.3m
step 02481/02520 (98.45%) | loss: 2.782375 | lrm: 0.07 | dt: 3512.38ms | tok/sec: 149,268 | bf16_mfu: 36.58 | epoch: 1 pq: 29 rg: 6 | total time: 144.77m | eta: 2.3m
step 02482/02520 (98.49%) | loss: 2.783622 | lrm: 0.07 | dt: 3511.45ms | tok/sec: 149,307 | bf16_mfu: 36.59 | epoch: 1 pq: 29 rg: 7 | total time: 144.83m | eta: 2.2m
step 02483/02520 (98.53%) | loss: 2.780114 | lrm: 0.07 | dt: 3509.37ms | tok/sec: 149,396 | bf16_mfu: 36.61 | epoch: 1 pq: 29 rg: 8 | total time: 144.89m | eta: 2.2m
step 02484/02520 (98.57%) | loss: 2.780283 | lrm: 0.07 | dt: 3510.42ms | tok/sec: 149,351 | bf16_mfu: 36.60 | epoch: 1 pq: 29 rg: 8 | total time: 144.95m | eta: 2.1m
step 02485/02520 (98.61%) | loss: 2.776595 | lrm: 0.07 | dt: 3508.14ms | tok/sec: 149,448 | bf16_mfu: 36.62 | epoch: 1 pq: 29 rg: 9 | total time: 145.01m | eta: 2.1m
step 02486/02520 (98.65%) | loss: 2.787627 | lrm: 0.07 | dt: 3505.48ms | tok/sec: 149,562 | bf16_mfu: 36.65 | epoch: 1 pq: 29 rg: 10 | total time: 145.07m | eta: 2.0m
step 02487/02520 (98.69%) | loss: 2.796203 | lrm: 0.07 | dt: 3508.04ms | tok/sec: 149,453 | bf16_mfu: 36.62 | epoch: 1 pq: 29 rg: 11 | total time: 145.13m | eta: 1.9m
step 02488/02520 (98.73%) | loss: 2.791966 | lrm: 0.07 | dt: 3504.36ms | tok/sec: 149,610 | bf16_mfu: 36.66 | epoch: 1 pq: 29 rg: 12 | total time: 145.18m | eta: 1.9m
step 02489/02520 (98.77%) | loss: 2.804333 | lrm: 0.07 | dt: 3511.69ms | tok/sec: 149,298 | bf16_mfu: 36.59 | epoch: 1 pq: 29 rg: 13 | total time: 145.24m | eta: 1.8m
step 02490/02520 (98.81%) | loss: 2.806885 | lrm: 0.07 | dt: 3510.53ms | tok/sec: 149,347 | bf16_mfu: 36.60 | epoch: 1 pq: 29 rg: 14 | total time: 145.30m | eta: 1.8m
step 02491/02520 (98.85%) | loss: 2.802618 | lrm: 0.07 | dt: 3509.84ms | tok/sec: 149,376 | bf16_mfu: 36.61 | epoch: 1 pq: 29 rg: 15 | total time: 145.36m | eta: 1.7m
step 02492/02520 (98.89%) | loss: 2.813430 | lrm: 0.07 | dt: 3506.87ms | tok/sec: 149,503 | bf16_mfu: 36.64 | epoch: 1 pq: 29 rg: 16 | total time: 145.42m | eta: 1.6m
step 02493/02520 (98.93%) | loss: 2.818861 | lrm: 0.07 | dt: 3504.15ms | tok/sec: 149,619 | bf16_mfu: 36.66 | epoch: 1 pq: 29 rg: 17 | total time: 145.48m | eta: 1.6m
step 02494/02520 (98.97%) | loss: 2.811582 | lrm: 0.07 | dt: 3507.27ms | tok/sec: 149,485 | bf16_mfu: 36.63 | epoch: 1 pq: 29 rg: 18 | total time: 145.53m | eta: 1.5m
step 02495/02520 (99.01%) | loss: 2.813056 | lrm: 0.06 | dt: 3504.22ms | tok/sec: 149,616 | bf16_mfu: 36.66 | epoch: 1 pq: 29 rg: 19 | total time: 145.59m | eta: 1.5m
step 02496/02520 (99.05%) | loss: 2.818683 | lrm: 0.06 | dt: 3510.29ms | tok/sec: 149,357 | bf16_mfu: 36.60 | epoch: 1 pq: 29 rg: 20 | total time: 145.65m | eta: 1.4m
step 02497/02520 (99.09%) | loss: 2.821099 | lrm: 0.06 | dt: 3506.78ms | tok/sec: 149,507 | bf16_mfu: 36.64 | epoch: 1 pq: 29 rg: 21 | total time: 145.71m | eta: 1.3m
step 02498/02520 (99.13%) | loss: 2.826612 | lrm: 0.06 | dt: 3511.59ms | tok/sec: 149,302 | bf16_mfu: 36.59 | epoch: 1 pq: 29 rg: 22 | total time: 145.77m | eta: 1.3m
step 02499/02520 (99.17%) | loss: 2.829537 | lrm: 0.06 | dt: 3512.68ms | tok/sec: 149,255 | bf16_mfu: 36.58 | epoch: 1 pq: 29 rg: 23 | total time: 145.83m | eta: 1.2m
<|bos|>The capital of France is Paris. The capital of France is Paris. The capital of France is Paris.
<|bos|>The chemical symbol of gold is Au. It is a soft, malleable, and ductile metal. It
<|bos|>If yesterday was Friday, then tomorrow will be Friday. If yesterday was Saturday, then tomorrow will be Saturday. If yesterday was
<|bos|>The opposite of hot is cold. The opposite of cold is hot. The opposite of cold is cold.
<|bos|>The planets of the solar system are: Jupiter, Saturn, Uranus, Neptune, Neptune, Ne
<|bos|>My favorite color is blue. I love it. I love it. I love it. I love
<|bos|>If 5*x + 3 = 13, then x is the number of times the number of times the number of times the number of times
step 02500/02520 (99.21%) | loss: 2.825250 | lrm: 0.06 | dt: 3512.11ms | tok/sec: 149,280 | bf16_mfu: 36.58 | epoch: 1 pq: 29 rg: 24 | total time: 145.89m | eta: 1.2m
step 02501/02520 (99.25%) | loss: 2.805100 | lrm: 0.06 | dt: 3507.90ms | tok/sec: 149,459 | bf16_mfu: 36.63 | epoch: 1 pq: 29 rg: 25 | total time: 145.94m | eta: 1.1m
step 02502/02520 (99.29%) | loss: 2.829253 | lrm: 0.06 | dt: 3509.66ms | tok/sec: 149,384 | bf16_mfu: 36.61 | epoch: 1 pq: 29 rg: 26 | total time: 146.00m | eta: 1.1m
step 02503/02520 (99.33%) | loss: 2.815224 | lrm: 0.06 | dt: 3508.94ms | tok/sec: 149,414 | bf16_mfu: 36.61 | epoch: 1 pq: 29 rg: 27 | total time: 146.06m | eta: 1.0m
step 02504/02520 (99.37%) | loss: 2.805553 | lrm: 0.06 | dt: 3505.13ms | tok/sec: 149,577 | bf16_mfu: 36.65 | epoch: 1 pq: 29 rg: 28 | total time: 146.12m | eta: 0.9m
step 02505/02520 (99.40%) | loss: 2.810287 | lrm: 0.06 | dt: 3500.67ms | tok/sec: 149,767 | bf16_mfu: 36.70 | epoch: 1 pq: 29 rg: 29 | total time: 146.18m | eta: 0.9m
step 02506/02520 (99.44%) | loss: 2.799724 | lrm: 0.06 | dt: 3506.83ms | tok/sec: 149,504 | bf16_mfu: 36.64 | epoch: 1 pq: 29 rg: 30 | total time: 146.24m | eta: 0.8m
step 02507/02520 (99.48%) | loss: 2.797689 | lrm: 0.06 | dt: 3503.73ms | tok/sec: 149,637 | bf16_mfu: 36.67 | epoch: 1 pq: 29 rg: 31 | total time: 146.29m | eta: 0.8m
step 02508/02520 (99.52%) | loss: 2.791125 | lrm: 0.06 | dt: 3504.27ms | tok/sec: 149,613 | bf16_mfu: 36.66 | epoch: 1 pq: 29 rg: 32 | total time: 146.35m | eta: 0.7m
step 02509/02520 (99.56%) | loss: 2.791146 | lrm: 0.06 | dt: 3505.25ms | tok/sec: 149,572 | bf16_mfu: 36.65 | epoch: 1 pq: 29 rg: 33 | total time: 146.41m | eta: 0.6m
step 02510/02520 (99.60%) | loss: 2.781606 | lrm: 0.06 | dt: 3507.75ms | tok/sec: 149,465 | bf16_mfu: 36.63 | epoch: 1 pq: 29 rg: 34 | total time: 146.47m | eta: 0.6m
step 02511/02520 (99.64%) | loss: 2.784913 | lrm: 0.06 | dt: 3507.79ms | tok/sec: 149,463 | bf16_mfu: 36.63 | epoch: 1 pq: 29 rg: 35 | total time: 146.53m | eta: 0.5m
step 02512/02520 (99.68%) | loss: 2.775095 | lrm: 0.05 | dt: 3507.80ms | tok/sec: 149,463 | bf16_mfu: 36.63 | epoch: 1 pq: 29 rg: 36 | total time: 146.59m | eta: 0.5m
step 02513/02520 (99.72%) | loss: 2.782961 | lrm: 0.05 | dt: 3510.46ms | tok/sec: 149,350 | bf16_mfu: 36.60 | epoch: 1 pq: 29 rg: 37 | total time: 146.65m | eta: 0.4m
step 02514/02520 (99.76%) | loss: 2.780709 | lrm: 0.05 | dt: 3508.80ms | tok/sec: 149,420 | bf16_mfu: 36.62 | epoch: 1 pq: 29 rg: 38 | total time: 146.70m | eta: 0.4m
step 02515/02520 (99.80%) | loss: 2.775435 | lrm: 0.05 | dt: 3513.32ms | tok/sec: 149,228 | bf16_mfu: 36.57 | epoch: 1 pq: 29 rg: 38 | total time: 146.76m | eta: 0.3m
step 02516/02520 (99.84%) | loss: 2.786179 | lrm: 0.05 | dt: 3512.11ms | tok/sec: 149,280 | bf16_mfu: 36.58 | epoch: 1 pq: 29 rg: 39 | total time: 146.82m | eta: 0.2m
step 02517/02520 (99.88%) | loss: 2.795005 | lrm: 0.05 | dt: 3509.79ms | tok/sec: 149,378 | bf16_mfu: 36.61 | epoch: 1 pq: 29 rg: 40 | total time: 146.88m | eta: 0.2m
step 02518/02520 (99.92%) | loss: 2.790043 | lrm: 0.05 | dt: 3510.83ms | tok/sec: 149,334 | bf16_mfu: 36.60 | epoch: 1 pq: 29 rg: 41 | total time: 146.94m | eta: 0.1m
step 02519/02520 (99.96%) | loss: 2.795643 | lrm: 0.05 | dt: 3510.43ms | tok/sec: 149,351 | bf16_mfu: 36.60 | epoch: 1 pq: 29 rg: 42 | total time: 147.00m | eta: 0.1m
Step 02520 | Validation bpb: 0.866432
<|bos|>The capital of France is Paris. The capital of France is Paris. The capital of France is Paris.
<|bos|>The chemical symbol of gold is Au. It is a soft, malleable, and ductile metal. It
<|bos|>If yesterday was Friday, then tomorrow will be Friday. If yesterday was Saturday, then tomorrow will be Saturday. If yesterday was
<|bos|>The opposite of hot is cold. The opposite of cold is hot. The opposite of hot is cold.
<|bos|>The planets of the solar system are: Jupiter, Saturn, Uranus, Neptune, Neptune, Ne
<|bos|>My favorite color is blue. I love it. I love it. I love it. I love
<|bos|>If 5*x + 3 = 13, then x is 13. If 5*x + 3 = 13, then
2026-09-25 20:28:42,338 - nanochat.checkpoint_manager - [32m[1mINFO[0m - Saved model parameters to: /local/s3774740/d12/cache/base_checkpoints/d12v32768/model_002520.pt
2026-09-25 20:28:42,338 - nanochat.checkpoint_manager - [32m[1mINFO[0m - Saved metadata to: /local/s3774740/d12/cache/base_checkpoints/d12v32768/meta_002520.json
2026-09-25 20:28:43,120 - nanochat.checkpoint_manager - [32m[1mINFO[0m - Saved optimizer state to: /local/s3774740/d12/cache/base_checkpoints/d12v32768/optim_002520_rank0.pt
Peak memory usage: 15889.13MiB
Total training time: 147.00m
Minimum validation bpb: 0.866432
END_UTC 2026-09-25T18:28:45.023308+00:00
EXIT_CODE 0
ELAPSED_SECONDS 8979.975
