time_utc,gpu,name,power_w,utilization_percent,memory_mib
2026-09-25T15:59:05.072017+00:00,0,NVIDIA L40S,33.49,0,0
2026-09-25T15:59:10.092505+00:00,0,NVIDIA L40S,79.53,0,1725
2026-09-25T15:59:15.115407+00:00,0,NVIDIA L40S,87.07,0,1743
2026-09-25T15:59:20.138476+00:00,0,NVIDIA L40S,178.54,0,4079
2026-09-25T15:59:25.162146+00:00,0,NVIDIA L40S,101.26,0,4079
2026-09-25T15:59:30.185576+00:00,0,NVIDIA L40S,79.96,0,4079
2026-09-25T15:59:35.208843+00:00,0,NVIDIA L40S,79.94,0,14517
2026-09-25T15:59:40.226263+00:00,0,NVIDIA L40S,80.18,0,14517
2026-09-25T15:59:45.258972+00:00,0,NVIDIA L40S,213.47,99,14531
2026-09-25T15:59:50.283361+00:00,0,NVIDIA L40S,94.59,0,16579
2026-09-25T15:59:55.320738+00:00,0,NVIDIA L40S,103.57,98,16579
2026-09-25T16:00:00.344709+00:00,0,NVIDIA L40S,186.74,0,16579
2026-09-25T16:00:05.375887+00:00,0,NVIDIA L40S,324.38,100,16579
2026-09-25T16:00:10.405316+00:00,0,NVIDIA L40S,329.15,100,16579
2026-09-25T16:00:15.436730+00:00,0,NVIDIA L40S,327.05,100,16579
2026-09-25T16:00:20.466427+00:00,0,NVIDIA L40S,330.95,100,16579
2026-09-25T16:00:25.491340+00:00,0,NVIDIA L40S,330.98,100,16579
2026-09-25T16:00:30.520697+00:00,0,NVIDIA L40S,328.02,100,16579
2026-09-25T16:00:35.549477+00:00,0,NVIDIA L40S,330.77,100,16579
2026-09-25T16:00:40.575709+00:00,0,NVIDIA L40S,336.55,100,16579
2026-09-25T16:00:45.602301+00:00,0,NVIDIA L40S,332.73,100,16579
2026-09-25T16:00:50.629450+00:00,0,NVIDIA L40S,329.27,100,16579
2026-09-25T16:00:55.657123+00:00,0,NVIDIA L40S,337.75,100,16579
2026-09-25T16:01:00.684532+00:00,0,NVIDIA L40S,332.17,99,16579
2026-09-25T16:01:05.716808+00:00,0,NVIDIA L40S,333.17,100,16579
2026-09-25T16:01:10.746950+00:00,0,NVIDIA L40S,334.88,100,16579
2026-09-25T16:01:15.779845+00:00,0,NVIDIA L40S,332.22,100,16579
2026-09-25T16:01:20.810279+00:00,0,NVIDIA L40S,333.31,100,16579
2026-09-25T16:01:25.840836+00:00,0,NVIDIA L40S,328.62,100,16579
2026-09-25T16:01:30.867027+00:00,0,NVIDIA L40S,333.98,100,16579
2026-09-25T16:01:35.896851+00:00,0,NVIDIA L40S,334.25,100,16579
2026-09-25T16:01:40.926647+00:00,0,NVIDIA L40S,333.59,100,16579
2026-09-25T16:01:45.958617+00:00,0,NVIDIA L40S,335.58,100,16579
2026-09-25T16:01:50.991318+00:00,0,NVIDIA L40S,337.97,100,16579
2026-09-25T16:01:56.021160+00:00,0,NVIDIA L40S,334.70,100,16579
2026-09-25T16:02:01.052300+00:00,0,NVIDIA L40S,329.57,100,16579
2026-09-25T16:02:06.082278+00:00,0,NVIDIA L40S,332.12,100,16579
2026-09-25T16:02:11.111973+00:00,0,NVIDIA L40S,334.57,100,16579
2026-09-25T16:02:16.135733+00:00,0,NVIDIA L40S,336.81,100,16579
2026-09-25T16:02:21.167414+00:00,0,NVIDIA L40S,334.81,100,16579
2026-09-25T16:02:26.197452+00:00,0,NVIDIA L40S,338.13,99,16579
2026-09-25T16:02:31.230522+00:00,0,NVIDIA L40S,333.93,99,16579
2026-09-25T16:02:36.259892+00:00,0,NVIDIA L40S,337.24,100,16579
2026-09-25T16:02:41.289559+00:00,0,NVIDIA L40S,335.36,100,16579
2026-09-25T16:02:46.321266+00:00,0,NVIDIA L40S,335.60,100,16579
2026-09-25T16:02:51.347466+00:00,0,NVIDIA L40S,335.57,100,16579
2026-09-25T16:02:56.374386+00:00,0,NVIDIA L40S,335.60,100,16579
2026-09-25T16:03:01.408216+00:00,0,NVIDIA L40S,336.52,100,16579
2026-09-25T16:03:06.437882+00:00,0,NVIDIA L40S,336.17,100,16579
2026-09-25T16:03:11.466219+00:00,0,NVIDIA L40S,337.45,100,16579
2026-09-25T16:03:16.493010+00:00,0,NVIDIA L40S,340.69,100,16579
2026-09-25T16:03:21.526308+00:00,0,NVIDIA L40S,336.78,100,16579
2026-09-25T16:03:26.558197+00:00,0,NVIDIA L40S,340.36,100,16579
2026-09-25T16:03:31.587062+00:00,0,NVIDIA L40S,339.49,100,16579
2026-09-25T16:03:36.616867+00:00,0,NVIDIA L40S,333.98,100,16579
2026-09-25T16:03:41.647105+00:00,0,NVIDIA L40S,338.34,100,16579
2026-09-25T16:03:46.676485+00:00,0,NVIDIA L40S,333.76,100,16579
2026-09-25T16:03:51.705185+00:00,0,NVIDIA L40S,340.86,100,16579
2026-09-25T16:03:56.735743+00:00,0,NVIDIA L40S,336.79,100,16579
2026-09-25T16:04:01.766148+00:00,0,NVIDIA L40S,336.02,99,16579
2026-09-25T16:04:06.794529+00:00,0,NVIDIA L40S,336.40,100,16579
2026-09-25T16:04:11.823403+00:00,0,NVIDIA L40S,337.77,100,16579
2026-09-25T16:04:16.851697+00:00,0,NVIDIA L40S,339.17,100,16579
2026-09-25T16:04:21.881137+00:00,0,NVIDIA L40S,342.34,100,16579
2026-09-25T16:04:26.911988+00:00,0,NVIDIA L40S,341.14,100,16579
2026-09-25T16:04:31.940887+00:00,0,NVIDIA L40S,335.74,100,16579
2026-09-25T16:04:36.969105+00:00,0,NVIDIA L40S,337.12,100,16579
2026-09-25T16:04:42.000851+00:00,0,NVIDIA L40S,338.78,100,16579
2026-09-25T16:04:47.028257+00:00,0,NVIDIA L40S,338.52,100,16579
2026-09-25T16:04:52.060341+00:00,0,NVIDIA L40S,338.75,100,16579
2026-09-25T16:04:57.090859+00:00,0,NVIDIA L40S,338.22,100,16579
2026-09-25T16:05:02.121097+00:00,0,NVIDIA L40S,330.61,99,16579
2026-09-25T16:05:07.152826+00:00,0,NVIDIA L40S,337.63,100,16579
2026-09-25T16:05:12.183100+00:00,0,NVIDIA L40S,334.21,100,16579
2026-09-25T16:05:17.213429+00:00,0,NVIDIA L40S,331.57,100,16579
2026-09-25T16:05:22.244292+00:00,0,NVIDIA L40S,333.73,100,16579
2026-09-25T16:05:27.273858+00:00,0,NVIDIA L40S,338.04,100,16579
2026-09-25T16:05:32.305915+00:00,0,NVIDIA L40S,336.92,100,16579
2026-09-25T16:05:37.337144+00:00,0,NVIDIA L40S,335.48,100,16579
2026-09-25T16:05:42.365455+00:00,0,NVIDIA L40S,337.84,100,16579
2026-09-25T16:05:47.396314+00:00,0,NVIDIA L40S,333.14,100,16579
2026-09-25T16:05:52.422178+00:00,0,NVIDIA L40S,240.91,48,16579
2026-09-25T16:05:57.450623+00:00,0,NVIDIA L40S,334.68,99,16579
2026-09-25T16:06:02.479558+00:00,0,NVIDIA L40S,335.94,99,16579
2026-09-25T16:06:07.508401+00:00,0,NVIDIA L40S,336.13,100,16579
2026-09-25T16:06:12.540874+00:00,0,NVIDIA L40S,334.39,99,16579
2026-09-25T16:06:17.572897+00:00,0,NVIDIA L40S,333.38,100,16579
2026-09-25T16:06:22.606388+00:00,0,NVIDIA L40S,340.02,100,16579
2026-09-25T16:06:27.636750+00:00,0,NVIDIA L40S,336.43,99,16579
2026-09-25T16:06:32.668689+00:00,0,NVIDIA L40S,337.15,100,16579
2026-09-25T16:06:37.700187+00:00,0,NVIDIA L40S,340.65,100,16579
2026-09-25T16:06:42.733376+00:00,0,NVIDIA L40S,339.13,100,16579
2026-09-25T16:06:47.765503+00:00,0,NVIDIA L40S,337.21,100,16579
2026-09-25T16:06:52.798130+00:00,0,NVIDIA L40S,339.90,99,16579
2026-09-25T16:06:57.830771+00:00,0,NVIDIA L40S,336.66,100,16579
2026-09-25T16:07:02.861947+00:00,0,NVIDIA L40S,338.30,100,16579
2026-09-25T16:07:07.892543+00:00,0,NVIDIA L40S,331.85,99,16579
2026-09-25T16:07:12.926236+00:00,0,NVIDIA L40S,336.70,100,16579
2026-09-25T16:07:17.958684+00:00,0,NVIDIA L40S,338.68,99,16579
2026-09-25T16:07:22.991080+00:00,0,NVIDIA L40S,336.52,100,16579
2026-09-25T16:07:28.024045+00:00,0,NVIDIA L40S,335.76,99,16579
2026-09-25T16:07:33.056443+00:00,0,NVIDIA L40S,340.20,99,16579
2026-09-25T16:07:38.090991+00:00,0,NVIDIA L40S,333.80,100,16579
2026-09-25T16:07:43.123102+00:00,0,NVIDIA L40S,339.06,99,16579
2026-09-25T16:07:48.157009+00:00,0,NVIDIA L40S,336.21,99,16579
2026-09-25T16:07:53.189757+00:00,0,NVIDIA L40S,334.01,100,16579
2026-09-25T16:07:58.220427+00:00,0,NVIDIA L40S,339.32,99,16579
2026-09-25T16:08:03.251451+00:00,0,NVIDIA L40S,339.53,99,16579
2026-09-25T16:08:08.282049+00:00,0,NVIDIA L40S,338.79,100,16579
2026-09-25T16:08:13.310027+00:00,0,NVIDIA L40S,337.99,100,16579
2026-09-25T16:08:18.344310+00:00,0,NVIDIA L40S,336.51,100,16579
2026-09-25T16:08:23.373818+00:00,0,NVIDIA L40S,336.31,100,16579
2026-09-25T16:08:28.408206+00:00,0,NVIDIA L40S,337.22,100,16579
2026-09-25T16:08:33.438170+00:00,0,NVIDIA L40S,340.04,100,16579
2026-09-25T16:08:38.465648+00:00,0,NVIDIA L40S,331.65,100,16579
2026-09-25T16:08:43.496430+00:00,0,NVIDIA L40S,336.61,100,16579
2026-09-25T16:08:48.525991+00:00,0,NVIDIA L40S,337.20,100,16579
2026-09-25T16:08:53.556022+00:00,0,NVIDIA L40S,272.94,100,16579
2026-09-25T16:08:58.587343+00:00,0,NVIDIA L40S,337.14,100,16579
2026-09-25T16:09:03.617259+00:00,0,NVIDIA L40S,341.51,100,16579
2026-09-25T16:09:08.648592+00:00,0,NVIDIA L40S,338.38,100,16579
2026-09-25T16:09:13.677857+00:00,0,NVIDIA L40S,339.37,100,16579
2026-09-25T16:09:18.707575+00:00,0,NVIDIA L40S,339.48,100,16579
2026-09-25T16:09:23.736096+00:00,0,NVIDIA L40S,339.33,99,16579
2026-09-25T16:09:28.767088+00:00,0,NVIDIA L40S,339.17,100,16579
2026-09-25T16:09:33.798304+00:00,0,NVIDIA L40S,336.88,100,16579
2026-09-25T16:09:38.830970+00:00,0,NVIDIA L40S,336.51,99,16579
2026-09-25T16:09:43.864562+00:00,0,NVIDIA L40S,342.99,100,16579
2026-09-25T16:09:48.896122+00:00,0,NVIDIA L40S,338.31,100,16579
2026-09-25T16:09:53.926045+00:00,0,NVIDIA L40S,334.57,100,16579
2026-09-25T16:09:58.957799+00:00,0,NVIDIA L40S,342.24,100,16579
2026-09-25T16:10:03.987974+00:00,0,NVIDIA L40S,339.38,100,16579
2026-09-25T16:10:09.020515+00:00,0,NVIDIA L40S,341.34,100,16579
2026-09-25T16:10:14.053283+00:00,0,NVIDIA L40S,344.60,100,16579
2026-09-25T16:10:19.084661+00:00,0,NVIDIA L40S,338.73,100,16579
2026-09-25T16:10:24.113660+00:00,0,NVIDIA L40S,338.16,100,16579
2026-09-25T16:10:29.142082+00:00,0,NVIDIA L40S,338.64,99,16579
2026-09-25T16:10:34.171748+00:00,0,NVIDIA L40S,336.34,100,16579
2026-09-25T16:10:39.202019+00:00,0,NVIDIA L40S,341.13,100,16579
2026-09-25T16:10:44.230230+00:00,0,NVIDIA L40S,337.73,99,16579
2026-09-25T16:10:49.262212+00:00,0,NVIDIA L40S,336.53,100,16579
2026-09-25T16:10:54.292335+00:00,0,NVIDIA L40S,338.71,99,16579
2026-09-25T16:10:59.325812+00:00,0,NVIDIA L40S,340.48,100,16579
2026-09-25T16:11:04.360069+00:00,0,NVIDIA L40S,335.98,100,16579
2026-09-25T16:11:09.391142+00:00,0,NVIDIA L40S,334.16,99,16579
2026-09-25T16:11:14.423474+00:00,0,NVIDIA L40S,338.78,100,16579
2026-09-25T16:11:19.456215+00:00,0,NVIDIA L40S,346.04,99,16579
2026-09-25T16:11:24.482063+00:00,0,NVIDIA L40S,336.74,100,16579
2026-09-25T16:11:29.512527+00:00,0,NVIDIA L40S,338.20,100,16579
2026-09-25T16:11:34.542531+00:00,0,NVIDIA L40S,338.06,100,16579
2026-09-25T16:11:39.573068+00:00,0,NVIDIA L40S,338.90,100,16579
2026-09-25T16:11:44.603756+00:00,0,NVIDIA L40S,335.83,100,16579
2026-09-25T16:11:49.633668+00:00,0,NVIDIA L40S,336.88,99,16579
2026-09-25T16:11:54.663423+00:00,0,NVIDIA L40S,338.37,100,16579
2026-09-25T16:11:59.694636+00:00,0,NVIDIA L40S,337.40,100,16579
2026-09-25T16:12:04.725703+00:00,0,NVIDIA L40S,333.51,100,16579
2026-09-25T16:12:09.755564+00:00,0,NVIDIA L40S,329.88,100,16579
2026-09-25T16:12:14.786895+00:00,0,NVIDIA L40S,335.08,99,16579
2026-09-25T16:12:19.817277+00:00,0,NVIDIA L40S,335.13,100,16579
2026-09-25T16:12:24.847032+00:00,0,NVIDIA L40S,337.44,100,16579
2026-09-25T16:12:29.876482+00:00,0,NVIDIA L40S,337.58,99,16579
2026-09-25T16:12:34.907853+00:00,0,NVIDIA L40S,341.37,100,16579
2026-09-25T16:12:39.938676+00:00,0,NVIDIA L40S,335.44,100,16579
2026-09-25T16:12:44.966936+00:00,0,NVIDIA L40S,333.73,99,16579
2026-09-25T16:12:49.999364+00:00,0,NVIDIA L40S,338.90,100,16579
2026-09-25T16:12:55.029173+00:00,0,NVIDIA L40S,337.02,100,16579
2026-09-25T16:13:00.058749+00:00,0,NVIDIA L40S,340.14,100,16579
2026-09-25T16:13:05.088978+00:00,0,NVIDIA L40S,337.68,100,16579
2026-09-25T16:13:10.119485+00:00,0,NVIDIA L40S,343.34,100,16579
2026-09-25T16:13:15.149587+00:00,0,NVIDIA L40S,334.75,100,16579
2026-09-25T16:13:20.180893+00:00,0,NVIDIA L40S,339.81,100,16579
2026-09-25T16:13:25.211631+00:00,0,NVIDIA L40S,337.60,100,16579
2026-09-25T16:13:30.240832+00:00,0,NVIDIA L40S,340.08,100,16579
2026-09-25T16:13:35.271708+00:00,0,NVIDIA L40S,335.88,100,16579
2026-09-25T16:13:40.304826+00:00,0,NVIDIA L40S,338.69,100,16579
2026-09-25T16:13:45.334309+00:00,0,NVIDIA L40S,339.52,99,16579
2026-09-25T16:13:50.359660+00:00,0,NVIDIA L40S,338.48,100,16579
2026-09-25T16:13:55.392650+00:00,0,NVIDIA L40S,333.68,100,16579
2026-09-25T16:14:00.421553+00:00,0,NVIDIA L40S,335.39,100,16579
2026-09-25T16:14:05.449958+00:00,0,NVIDIA L40S,338.20,100,16579
2026-09-25T16:14:10.480886+00:00,0,NVIDIA L40S,341.49,100,16579
2026-09-25T16:14:15.512753+00:00,0,NVIDIA L40S,337.95,100,16579
2026-09-25T16:14:20.544864+00:00,0,NVIDIA L40S,346.39,99,16579
2026-09-25T16:14:25.577814+00:00,0,NVIDIA L40S,338.26,99,16579
2026-09-25T16:14:30.608533+00:00,0,NVIDIA L40S,339.07,100,16579
2026-09-25T16:14:35.640560+00:00,0,NVIDIA L40S,339.30,100,16579
2026-09-25T16:14:40.670030+00:00,0,NVIDIA L40S,337.09,99,16579
2026-09-25T16:14:45.703078+00:00,0,NVIDIA L40S,340.00,99,16579
2026-09-25T16:14:50.734127+00:00,0,NVIDIA L40S,340.13,100,16579
2026-09-25T16:14:55.765703+00:00,0,NVIDIA L40S,341.56,100,16579
2026-09-25T16:15:00.797891+00:00,0,NVIDIA L40S,343.25,100,16579
2026-09-25T16:15:05.827939+00:00,0,NVIDIA L40S,341.62,100,16579
2026-09-25T16:15:10.856093+00:00,0,NVIDIA L40S,333.65,100,16579
2026-09-25T16:15:15.886331+00:00,0,NVIDIA L40S,341.03,100,16579
2026-09-25T16:15:20.919417+00:00,0,NVIDIA L40S,341.18,100,16579
2026-09-25T16:15:25.949563+00:00,0,NVIDIA L40S,338.16,100,16579
2026-09-25T16:15:30.978723+00:00,0,NVIDIA L40S,341.05,100,16579
2026-09-25T16:15:36.009106+00:00,0,NVIDIA L40S,339.76,100,16579
2026-09-25T16:15:41.038258+00:00,0,NVIDIA L40S,340.90,100,16579
2026-09-25T16:15:46.068113+00:00,0,NVIDIA L40S,340.79,100,16579
2026-09-25T16:15:51.096341+00:00,0,NVIDIA L40S,340.55,100,16579
2026-09-25T16:15:56.126885+00:00,0,NVIDIA L40S,340.83,100,16579
2026-09-25T16:16:01.156355+00:00,0,NVIDIA L40S,338.39,100,16579
2026-09-25T16:16:06.185438+00:00,0,NVIDIA L40S,340.82,100,16579
2026-09-25T16:16:11.214133+00:00,0,NVIDIA L40S,334.95,99,16579
2026-09-25T16:16:16.245221+00:00,0,NVIDIA L40S,340.58,100,16579
2026-09-25T16:16:21.274362+00:00,0,NVIDIA L40S,337.69,100,16579
2026-09-25T16:16:26.304627+00:00,0,NVIDIA L40S,340.12,100,16579
2026-09-25T16:16:31.336870+00:00,0,NVIDIA L40S,341.04,99,16579
2026-09-25T16:16:36.366495+00:00,0,NVIDIA L40S,339.98,100,16579
2026-09-25T16:16:41.395999+00:00,0,NVIDIA L40S,342.95,100,16579
2026-09-25T16:16:46.426165+00:00,0,NVIDIA L40S,336.06,100,16579
2026-09-25T16:16:51.455773+00:00,0,NVIDIA L40S,341.17,100,16579
2026-09-25T16:16:56.487960+00:00,0,NVIDIA L40S,340.87,100,16579
2026-09-25T16:17:01.518114+00:00,0,NVIDIA L40S,337.72,100,16579
2026-09-25T16:17:06.546394+00:00,0,NVIDIA L40S,341.42,99,16579
2026-09-25T16:17:11.575985+00:00,0,NVIDIA L40S,341.28,100,16579
2026-09-25T16:17:16.607263+00:00,0,NVIDIA L40S,342.96,100,16579
2026-09-25T16:17:21.637643+00:00,0,NVIDIA L40S,336.77,100,16579
2026-09-25T16:17:26.667912+00:00,0,NVIDIA L40S,341.08,100,16579
2026-09-25T16:17:31.696106+00:00,0,NVIDIA L40S,340.00,99,16579
2026-09-25T16:17:36.726940+00:00,0,NVIDIA L40S,341.85,100,16579
2026-09-25T16:17:41.756878+00:00,0,NVIDIA L40S,341.74,100,16579
2026-09-25T16:17:46.781055+00:00,0,NVIDIA L40S,250.46,30,16579
2026-09-25T16:17:51.810633+00:00,0,NVIDIA L40S,336.86,100,16579
2026-09-25T16:17:56.838035+00:00,0,NVIDIA L40S,344.38,100,16579
2026-09-25T16:18:01.869126+00:00,0,NVIDIA L40S,338.18,100,16579
2026-09-25T16:18:06.901100+00:00,0,NVIDIA L40S,343.16,99,16579
2026-09-25T16:18:11.933990+00:00,0,NVIDIA L40S,340.94,99,16579
2026-09-25T16:18:16.966595+00:00,0,NVIDIA L40S,338.55,99,16579
2026-09-25T16:18:21.999945+00:00,0,NVIDIA L40S,338.59,100,16579
2026-09-25T16:18:27.033583+00:00,0,NVIDIA L40S,337.44,100,16579
2026-09-25T16:18:32.065598+00:00,0,NVIDIA L40S,339.51,99,16579
2026-09-25T16:18:37.096711+00:00,0,NVIDIA L40S,338.33,100,16579
2026-09-25T16:18:42.126430+00:00,0,NVIDIA L40S,342.44,99,16579
2026-09-25T16:18:47.159293+00:00,0,NVIDIA L40S,339.23,100,16579
2026-09-25T16:18:52.190318+00:00,0,NVIDIA L40S,336.68,99,16579
2026-09-25T16:18:57.223069+00:00,0,NVIDIA L40S,340.68,100,16579
2026-09-25T16:19:02.257514+00:00,0,NVIDIA L40S,336.61,100,16579
2026-09-25T16:19:07.290881+00:00,0,NVIDIA L40S,342.89,99,16579
2026-09-25T16:19:12.323243+00:00,0,NVIDIA L40S,339.03,100,16579
2026-09-25T16:19:17.356190+00:00,0,NVIDIA L40S,336.38,100,16579
2026-09-25T16:19:22.389901+00:00,0,NVIDIA L40S,339.93,100,16579
2026-09-25T16:19:27.422794+00:00,0,NVIDIA L40S,339.82,100,16579
2026-09-25T16:19:32.456837+00:00,0,NVIDIA L40S,339.41,99,16579
2026-09-25T16:19:37.485323+00:00,0,NVIDIA L40S,340.12,100,16579
2026-09-25T16:19:42.516563+00:00,0,NVIDIA L40S,348.67,100,16579
2026-09-25T16:19:47.548488+00:00,0,NVIDIA L40S,336.50,100,16579
2026-09-25T16:19:52.581886+00:00,0,NVIDIA L40S,338.68,99,16579
2026-09-25T16:19:57.614332+00:00,0,NVIDIA L40S,338.24,99,16579
2026-09-25T16:20:02.644955+00:00,0,NVIDIA L40S,338.62,100,16579
2026-09-25T16:20:07.676059+00:00,0,NVIDIA L40S,339.68,100,16579
2026-09-25T16:20:12.704473+00:00,0,NVIDIA L40S,337.08,100,16579
2026-09-25T16:20:17.732141+00:00,0,NVIDIA L40S,337.66,100,16579
2026-09-25T16:20:22.764964+00:00,0,NVIDIA L40S,338.63,100,16579
2026-09-25T16:20:27.795295+00:00,0,NVIDIA L40S,337.57,100,16579
2026-09-25T16:20:32.823012+00:00,0,NVIDIA L40S,338.63,99,16579
2026-09-25T16:20:37.854227+00:00,0,NVIDIA L40S,338.63,100,16579
2026-09-25T16:20:42.886415+00:00,0,NVIDIA L40S,333.43,100,16579
2026-09-25T16:20:47.916776+00:00,0,NVIDIA L40S,337.36,100,16579
2026-09-25T16:20:52.946941+00:00,0,NVIDIA L40S,340.61,100,16579
2026-09-25T16:20:57.976266+00:00,0,NVIDIA L40S,329.14,100,16579
2026-09-25T16:21:03.006344+00:00,0,NVIDIA L40S,334.67,100,16579
2026-09-25T16:21:08.035338+00:00,0,NVIDIA L40S,339.26,100,16579
2026-09-25T16:21:13.062687+00:00,0,NVIDIA L40S,336.95,100,16579
2026-09-25T16:21:18.092230+00:00,0,NVIDIA L40S,337.13,99,16579
2026-09-25T16:21:23.122743+00:00,0,NVIDIA L40S,333.70,100,16579
2026-09-25T16:21:28.154321+00:00,0,NVIDIA L40S,335.39,100,16579
2026-09-25T16:21:33.186032+00:00,0,NVIDIA L40S,330.34,100,16579
2026-09-25T16:21:38.215715+00:00,0,NVIDIA L40S,334.25,100,16579
2026-09-25T16:21:43.245755+00:00,0,NVIDIA L40S,339.69,100,16579
2026-09-25T16:21:48.276263+00:00,0,NVIDIA L40S,336.14,99,16579
2026-09-25T16:21:53.306864+00:00,0,NVIDIA L40S,338.59,100,16579
2026-09-25T16:21:58.336015+00:00,0,NVIDIA L40S,335.35,99,16579
2026-09-25T16:22:03.366281+00:00,0,NVIDIA L40S,333.42,100,16579
2026-09-25T16:22:08.397383+00:00,0,NVIDIA L40S,328.65,99,16579
2026-09-25T16:22:13.429961+00:00,0,NVIDIA L40S,334.57,100,16579
2026-09-25T16:22:18.457210+00:00,0,NVIDIA L40S,334.70,99,16579
2026-09-25T16:22:23.490395+00:00,0,NVIDIA L40S,334.87,99,16579
2026-09-25T16:22:28.519567+00:00,0,NVIDIA L40S,335.71,100,16579
2026-09-25T16:22:33.550409+00:00,0,NVIDIA L40S,335.99,100,16579
2026-09-25T16:22:38.583408+00:00,0,NVIDIA L40S,334.22,100,16579
2026-09-25T16:22:43.613018+00:00,0,NVIDIA L40S,338.85,99,16579
2026-09-25T16:22:48.645835+00:00,0,NVIDIA L40S,332.78,99,16579
2026-09-25T16:22:53.677477+00:00,0,NVIDIA L40S,330.42,99,16579
2026-09-25T16:22:58.710899+00:00,0,NVIDIA L40S,333.78,100,16579
2026-09-25T16:23:03.745641+00:00,0,NVIDIA L40S,335.06,100,16579
2026-09-25T16:23:08.777898+00:00,0,NVIDIA L40S,338.82,100,16579
2026-09-25T16:23:13.808036+00:00,0,NVIDIA L40S,334.81,100,16579
2026-09-25T16:23:18.838591+00:00,0,NVIDIA L40S,327.16,100,16579
2026-09-25T16:23:23.866445+00:00,0,NVIDIA L40S,335.57,100,16579
2026-09-25T16:23:28.897831+00:00,0,NVIDIA L40S,340.84,100,16579
2026-09-25T16:23:33.928856+00:00,0,NVIDIA L40S,335.08,100,16579
2026-09-25T16:23:38.960501+00:00,0,NVIDIA L40S,339.00,100,16579
2026-09-25T16:23:43.990797+00:00,0,NVIDIA L40S,263.04,100,16579
2026-09-25T16:23:49.021067+00:00,0,NVIDIA L40S,331.73,100,16579
2026-09-25T16:23:54.051595+00:00,0,NVIDIA L40S,337.59,100,16579
2026-09-25T16:23:59.084258+00:00,0,NVIDIA L40S,336.18,100,16579
2026-09-25T16:24:04.117576+00:00,0,NVIDIA L40S,336.03,100,16579
2026-09-25T16:24:09.150573+00:00,0,NVIDIA L40S,337.38,100,16579
2026-09-25T16:24:14.183536+00:00,0,NVIDIA L40S,334.81,99,16579
2026-09-25T16:24:19.212667+00:00,0,NVIDIA L40S,328.06,100,16579
2026-09-25T16:24:24.243975+00:00,0,NVIDIA L40S,336.93,99,16579
2026-09-25T16:24:29.277209+00:00,0,NVIDIA L40S,340.30,100,16579
2026-09-25T16:24:34.310324+00:00,0,NVIDIA L40S,335.43,100,16579
2026-09-25T16:24:39.344448+00:00,0,NVIDIA L40S,336.55,100,16579
2026-09-25T16:24:44.378117+00:00,0,NVIDIA L40S,338.48,100,16579
2026-09-25T16:24:49.410124+00:00,0,NVIDIA L40S,332.28,99,16579
2026-09-25T16:24:54.443717+00:00,0,NVIDIA L40S,325.97,100,16579
2026-09-25T16:24:59.476605+00:00,0,NVIDIA L40S,333.70,99,16579
2026-09-25T16:25:04.508271+00:00,0,NVIDIA L40S,337.30,100,16579
2026-09-25T16:25:09.540931+00:00,0,NVIDIA L40S,334.67,99,16579
2026-09-25T16:25:14.574637+00:00,0,NVIDIA L40S,332.19,100,16579
2026-09-25T16:25:19.607856+00:00,0,NVIDIA L40S,334.52,99,16579
2026-09-25T16:25:24.641646+00:00,0,NVIDIA L40S,334.88,100,16579
2026-09-25T16:25:29.673716+00:00,0,NVIDIA L40S,328.41,100,16579
2026-09-25T16:25:34.707056+00:00,0,NVIDIA L40S,334.15,100,16579
2026-09-25T16:25:39.740052+00:00,0,NVIDIA L40S,337.11,99,16579
2026-09-25T16:25:44.769219+00:00,0,NVIDIA L40S,335.47,100,16579
2026-09-25T16:25:49.799314+00:00,0,NVIDIA L40S,335.28,99,16579
2026-09-25T16:25:54.828221+00:00,0,NVIDIA L40S,335.05,100,16579
2026-09-25T16:25:59.862119+00:00,0,NVIDIA L40S,331.71,100,16579
2026-09-25T16:26:04.891347+00:00,0,NVIDIA L40S,326.49,100,16579
2026-09-25T16:26:09.922838+00:00,0,NVIDIA L40S,328.64,100,16579
2026-09-25T16:26:14.952892+00:00,0,NVIDIA L40S,335.59,100,16579
2026-09-25T16:26:19.983073+00:00,0,NVIDIA L40S,338.47,100,16579
2026-09-25T16:26:25.013927+00:00,0,NVIDIA L40S,338.90,100,16579
2026-09-25T16:26:30.045292+00:00,0,NVIDIA L40S,334.90,100,16579
2026-09-25T16:26:35.076574+00:00,0,NVIDIA L40S,333.82,100,16579
2026-09-25T16:26:40.102771+00:00,0,NVIDIA L40S,215.65,49,16579
2026-09-25T16:26:45.131831+00:00,0,NVIDIA L40S,331.41,99,16579
2026-09-25T16:26:50.157140+00:00,0,NVIDIA L40S,329.34,100,16579
2026-09-25T16:26:55.188932+00:00,0,NVIDIA L40S,336.44,100,16579
2026-09-25T16:27:00.217943+00:00,0,NVIDIA L40S,333.10,100,16579
2026-09-25T16:27:05.247571+00:00,0,NVIDIA L40S,335.98,100,16579
2026-09-25T16:27:10.278837+00:00,0,NVIDIA L40S,332.45,100,16579
2026-09-25T16:27:15.311707+00:00,0,NVIDIA L40S,334.67,100,16579
2026-09-25T16:27:20.343252+00:00,0,NVIDIA L40S,332.43,100,16579
2026-09-25T16:27:25.376507+00:00,0,NVIDIA L40S,335.74,100,16579
2026-09-25T16:27:30.409981+00:00,0,NVIDIA L40S,336.90,100,16579
2026-09-25T16:27:35.442696+00:00,0,NVIDIA L40S,334.44,99,16579
2026-09-25T16:27:40.476723+00:00,0,NVIDIA L40S,329.35,100,16579
2026-09-25T16:27:45.508887+00:00,0,NVIDIA L40S,325.85,99,16579
2026-09-25T16:27:50.537431+00:00,0,NVIDIA L40S,335.98,100,16579
2026-09-25T16:27:55.567732+00:00,0,NVIDIA L40S,332.49,100,16579
2026-09-25T16:28:00.597485+00:00,0,NVIDIA L40S,329.31,100,16579
2026-09-25T16:28:05.629129+00:00,0,NVIDIA L40S,334.79,100,16579
2026-09-25T16:28:10.661023+00:00,0,NVIDIA L40S,333.70,100,16579
2026-09-25T16:28:15.693055+00:00,0,NVIDIA L40S,336.13,100,16579
2026-09-25T16:28:20.724552+00:00,0,NVIDIA L40S,343.07,100,16579
2026-09-25T16:28:25.754869+00:00,0,NVIDIA L40S,336.55,100,16579
2026-09-25T16:28:30.783899+00:00,0,NVIDIA L40S,334.71,100,16579
2026-09-25T16:28:35.813896+00:00,0,NVIDIA L40S,333.34,99,16579
2026-09-25T16:28:40.842837+00:00,0,NVIDIA L40S,333.94,99,16579
2026-09-25T16:28:45.870905+00:00,0,NVIDIA L40S,337.21,100,16579
2026-09-25T16:28:50.902026+00:00,0,NVIDIA L40S,334.52,100,16579
2026-09-25T16:28:55.933597+00:00,0,NVIDIA L40S,331.48,100,16579
2026-09-25T16:29:00.964668+00:00,0,NVIDIA L40S,337.16,100,16579
2026-09-25T16:29:05.995957+00:00,0,NVIDIA L40S,334.36,100,16579
2026-09-25T16:29:11.026864+00:00,0,NVIDIA L40S,334.02,99,16579
2026-09-25T16:29:16.056031+00:00,0,NVIDIA L40S,338.04,100,16579
2026-09-25T16:29:21.085511+00:00,0,NVIDIA L40S,335.61,100,16579
2026-09-25T16:29:26.117479+00:00,0,NVIDIA L40S,334.35,100,16579
2026-09-25T16:29:31.144061+00:00,0,NVIDIA L40S,336.63,100,16579
2026-09-25T16:29:36.172250+00:00,0,NVIDIA L40S,332.50,100,16579
2026-09-25T16:29:41.203005+00:00,0,NVIDIA L40S,330.14,100,16579
2026-09-25T16:29:46.231293+00:00,0,NVIDIA L40S,337.18,100,16579
2026-09-25T16:29:51.263121+00:00,0,NVIDIA L40S,334.82,100,16579
2026-09-25T16:29:56.293353+00:00,0,NVIDIA L40S,336.83,100,16579
2026-09-25T16:30:01.321220+00:00,0,NVIDIA L40S,331.80,100,16579
2026-09-25T16:30:06.351305+00:00,0,NVIDIA L40S,333.96,100,16579
2026-09-25T16:30:11.377951+00:00,0,NVIDIA L40S,335.31,100,16579
2026-09-25T16:30:16.408681+00:00,0,NVIDIA L40S,335.08,100,16579
2026-09-25T16:30:21.438693+00:00,0,NVIDIA L40S,337.26,100,16579
2026-09-25T16:30:26.470957+00:00,0,NVIDIA L40S,336.00,100,16579
2026-09-25T16:30:31.501806+00:00,0,NVIDIA L40S,332.94,100,16579
2026-09-25T16:30:36.531505+00:00,0,NVIDIA L40S,333.38,100,16579
2026-09-25T16:30:41.560898+00:00,0,NVIDIA L40S,341.63,100,16579
2026-09-25T16:30:46.591176+00:00,0,NVIDIA L40S,335.35,99,16579
2026-09-25T16:30:51.621969+00:00,0,NVIDIA L40S,332.95,99,16579
2026-09-25T16:30:56.649105+00:00,0,NVIDIA L40S,335.80,99,16579
2026-09-25T16:31:01.677761+00:00,0,NVIDIA L40S,333.82,100,16579
2026-09-25T16:31:06.707142+00:00,0,NVIDIA L40S,338.02,100,16579
2026-09-25T16:31:11.736416+00:00,0,NVIDIA L40S,336.89,100,16579
2026-09-25T16:31:16.767590+00:00,0,NVIDIA L40S,335.05,100,16579
2026-09-25T16:31:21.798638+00:00,0,NVIDIA L40S,335.84,100,16579
2026-09-25T16:31:26.829305+00:00,0,NVIDIA L40S,328.43,100,16579
2026-09-25T16:31:31.860016+00:00,0,NVIDIA L40S,337.11,100,16579
2026-09-25T16:31:36.889231+00:00,0,NVIDIA L40S,337.26,100,16579
2026-09-25T16:31:41.918153+00:00,0,NVIDIA L40S,337.33,99,16579
2026-09-25T16:31:46.948490+00:00,0,NVIDIA L40S,335.01,100,16579
2026-09-25T16:31:51.976691+00:00,0,NVIDIA L40S,334.32,100,16579
2026-09-25T16:31:57.003948+00:00,0,NVIDIA L40S,335.72,100,16579
2026-09-25T16:32:02.035083+00:00,0,NVIDIA L40S,335.74,100,16579
2026-09-25T16:32:07.065548+00:00,0,NVIDIA L40S,335.58,100,16579
2026-09-25T16:32:12.096883+00:00,0,NVIDIA L40S,335.91,100,16579
2026-09-25T16:32:17.128412+00:00,0,NVIDIA L40S,337.02,100,16579
2026-09-25T16:32:22.161607+00:00,0,NVIDIA L40S,334.92,100,16579
2026-09-25T16:32:27.193723+00:00,0,NVIDIA L40S,339.67,100,16579
2026-09-25T16:32:32.228828+00:00,0,NVIDIA L40S,336.76,100,16579
2026-09-25T16:32:37.263005+00:00,0,NVIDIA L40S,334.92,100,16579
2026-09-25T16:32:42.293213+00:00,0,NVIDIA L40S,328.17,100,16579
2026-09-25T16:32:47.319728+00:00,0,NVIDIA L40S,331.20,100,16579
2026-09-25T16:32:52.350365+00:00,0,NVIDIA L40S,328.46,100,16579
2026-09-25T16:32:57.383230+00:00,0,NVIDIA L40S,333.46,100,16579
2026-09-25T16:33:02.416589+00:00,0,NVIDIA L40S,336.60,100,16579
2026-09-25T16:33:07.449080+00:00,0,NVIDIA L40S,333.63,100,16579
2026-09-25T16:33:12.477268+00:00,0,NVIDIA L40S,335.17,100,16579
2026-09-25T16:33:17.507156+00:00,0,NVIDIA L40S,332.49,100,16579
2026-09-25T16:33:22.537684+00:00,0,NVIDIA L40S,336.74,100,16579
2026-09-25T16:33:27.568288+00:00,0,NVIDIA L40S,332.83,100,16579
2026-09-25T16:33:32.598419+00:00,0,NVIDIA L40S,338.29,100,16579
2026-09-25T16:33:37.627500+00:00,0,NVIDIA L40S,332.06,99,16579
2026-09-25T16:33:42.656320+00:00,0,NVIDIA L40S,332.88,99,16579
2026-09-25T16:33:47.690541+00:00,0,NVIDIA L40S,337.60,99,16579
2026-09-25T16:33:52.721392+00:00,0,NVIDIA L40S,335.20,100,16579
2026-09-25T16:33:57.752361+00:00,0,NVIDIA L40S,340.02,100,16579
2026-09-25T16:34:02.784942+00:00,0,NVIDIA L40S,341.93,100,16579
2026-09-25T16:34:07.817424+00:00,0,NVIDIA L40S,337.00,100,16579
2026-09-25T16:34:12.850015+00:00,0,NVIDIA L40S,334.55,100,16579
2026-09-25T16:34:17.883063+00:00,0,NVIDIA L40S,335.97,100,16579
2026-09-25T16:34:22.912622+00:00,0,NVIDIA L40S,337.06,100,16579
2026-09-25T16:34:27.945540+00:00,0,NVIDIA L40S,337.44,100,16579
2026-09-25T16:34:32.978041+00:00,0,NVIDIA L40S,330.17,99,16579
2026-09-25T16:34:38.006162+00:00,0,NVIDIA L40S,325.30,99,16579
2026-09-25T16:34:43.037482+00:00,0,NVIDIA L40S,333.96,99,16579
2026-09-25T16:34:48.068308+00:00,0,NVIDIA L40S,337.31,100,16579
2026-09-25T16:34:53.099140+00:00,0,NVIDIA L40S,334.70,100,16579
2026-09-25T16:34:58.132912+00:00,0,NVIDIA L40S,337.84,99,16579
2026-09-25T16:35:03.165856+00:00,0,NVIDIA L40S,333.45,100,16579
2026-09-25T16:35:08.199177+00:00,0,NVIDIA L40S,332.45,100,16579
2026-09-25T16:35:13.230372+00:00,0,NVIDIA L40S,331.63,100,16579
2026-09-25T16:35:18.262359+00:00,0,NVIDIA L40S,337.30,99,16579
2026-09-25T16:35:23.295981+00:00,0,NVIDIA L40S,331.67,99,16579
2026-09-25T16:35:28.326952+00:00,0,NVIDIA L40S,335.66,99,16579
2026-09-25T16:35:33.357753+00:00,0,NVIDIA L40S,120.77,100,16579
2026-09-25T16:35:38.388828+00:00,0,NVIDIA L40S,333.11,100,16579
2026-09-25T16:35:43.420145+00:00,0,NVIDIA L40S,336.64,100,16579
2026-09-25T16:35:48.450152+00:00,0,NVIDIA L40S,337.96,100,16579
2026-09-25T16:35:53.481002+00:00,0,NVIDIA L40S,334.49,100,16579
2026-09-25T16:35:58.510176+00:00,0,NVIDIA L40S,328.03,100,16579
2026-09-25T16:36:03.538356+00:00,0,NVIDIA L40S,335.06,100,16579
2026-09-25T16:36:08.565636+00:00,0,NVIDIA L40S,333.83,100,16579
2026-09-25T16:36:13.594459+00:00,0,NVIDIA L40S,332.58,100,16579
2026-09-25T16:36:18.623762+00:00,0,NVIDIA L40S,332.95,100,16579
2026-09-25T16:36:23.654589+00:00,0,NVIDIA L40S,332.08,100,16579
2026-09-25T16:36:28.686316+00:00,0,NVIDIA L40S,337.47,100,16579
2026-09-25T16:36:33.719385+00:00,0,NVIDIA L40S,338.97,100,16579
2026-09-25T16:36:38.749831+00:00,0,NVIDIA L40S,336.45,100,16579
2026-09-25T16:36:43.782338+00:00,0,NVIDIA L40S,341.41,100,16579
2026-09-25T16:36:48.814107+00:00,0,NVIDIA L40S,334.66,100,16579
2026-09-25T16:36:53.844902+00:00,0,NVIDIA L40S,338.40,100,16579
2026-09-25T16:36:58.876542+00:00,0,NVIDIA L40S,334.61,100,16579
2026-09-25T16:37:03.907035+00:00,0,NVIDIA L40S,338.77,100,16579
2026-09-25T16:37:08.936350+00:00,0,NVIDIA L40S,337.53,100,16579
2026-09-25T16:37:13.965541+00:00,0,NVIDIA L40S,339.61,99,16579
2026-09-25T16:37:18.995235+00:00,0,NVIDIA L40S,329.83,99,16579
2026-09-25T16:37:24.030543+00:00,0,NVIDIA L40S,334.48,99,16579
2026-09-25T16:37:29.063113+00:00,0,NVIDIA L40S,336.78,100,16579
2026-09-25T16:37:34.098671+00:00,0,NVIDIA L40S,334.57,100,16579
2026-09-25T16:37:39.130904+00:00,0,NVIDIA L40S,334.65,100,16579
2026-09-25T16:37:44.161045+00:00,0,NVIDIA L40S,332.87,100,16579
2026-09-25T16:37:49.192231+00:00,0,NVIDIA L40S,334.59,100,16579
2026-09-25T16:37:54.223399+00:00,0,NVIDIA L40S,340.84,99,16579
2026-09-25T16:37:59.255773+00:00,0,NVIDIA L40S,334.31,99,16579
2026-09-25T16:38:04.286746+00:00,0,NVIDIA L40S,331.33,99,16579
2026-09-25T16:38:09.322915+00:00,0,NVIDIA L40S,333.10,99,16579
2026-09-25T16:38:14.354318+00:00,0,NVIDIA L40S,332.87,100,16579
2026-09-25T16:38:19.387292+00:00,0,NVIDIA L40S,329.45,100,16579
2026-09-25T16:38:24.422080+00:00,0,NVIDIA L40S,334.95,100,16579
2026-09-25T16:38:29.451200+00:00,0,NVIDIA L40S,224.73,27,16579
2026-09-25T16:38:34.478542+00:00,0,NVIDIA L40S,334.62,100,16579
2026-09-25T16:38:39.505618+00:00,0,NVIDIA L40S,334.43,99,16579
2026-09-25T16:38:44.538720+00:00,0,NVIDIA L40S,343.12,100,16579
2026-09-25T16:38:49.568397+00:00,0,NVIDIA L40S,336.38,100,16579
2026-09-25T16:38:54.599712+00:00,0,NVIDIA L40S,331.06,100,16579
2026-09-25T16:38:59.630610+00:00,0,NVIDIA L40S,332.51,100,16579
2026-09-25T16:39:04.661036+00:00,0,NVIDIA L40S,334.51,100,16579
2026-09-25T16:39:09.694133+00:00,0,NVIDIA L40S,335.35,100,16579
2026-09-25T16:39:14.727405+00:00,0,NVIDIA L40S,338.34,100,16579
2026-09-25T16:39:19.760157+00:00,0,NVIDIA L40S,337.79,100,16579
2026-09-25T16:39:24.793699+00:00,0,NVIDIA L40S,333.18,100,16579
2026-09-25T16:39:29.824434+00:00,0,NVIDIA L40S,329.41,100,16579
2026-09-25T16:39:34.856002+00:00,0,NVIDIA L40S,330.42,100,16579
2026-09-25T16:39:39.886504+00:00,0,NVIDIA L40S,337.79,100,16579
2026-09-25T16:39:44.912802+00:00,0,NVIDIA L40S,335.13,100,16579
2026-09-25T16:39:49.941587+00:00,0,NVIDIA L40S,337.23,100,16579
2026-09-25T16:39:54.972706+00:00,0,NVIDIA L40S,325.22,99,16579
2026-09-25T16:40:00.003371+00:00,0,NVIDIA L40S,331.35,100,16579
2026-09-25T16:40:05.036323+00:00,0,NVIDIA L40S,334.11,100,16579
2026-09-25T16:40:10.068650+00:00,0,NVIDIA L40S,333.08,100,16579
2026-09-25T16:40:15.101000+00:00,0,NVIDIA L40S,337.39,100,16579
2026-09-25T16:40:20.130925+00:00,0,NVIDIA L40S,334.90,100,16579
2026-09-25T16:40:25.161722+00:00,0,NVIDIA L40S,337.33,100,16579
2026-09-25T16:40:30.190725+00:00,0,NVIDIA L40S,337.82,100,16579
2026-09-25T16:40:35.220008+00:00,0,NVIDIA L40S,333.75,100,16579
2026-09-25T16:40:40.247539+00:00,0,NVIDIA L40S,337.03,99,16579
2026-09-25T16:40:45.274932+00:00,0,NVIDIA L40S,339.86,99,16579
2026-09-25T16:40:50.304372+00:00,0,NVIDIA L40S,334.10,100,16579
2026-09-25T16:40:55.333172+00:00,0,NVIDIA L40S,339.85,100,16579
2026-09-25T16:41:00.363400+00:00,0,NVIDIA L40S,334.46,100,16579
2026-09-25T16:41:05.395845+00:00,0,NVIDIA L40S,337.17,100,16579
2026-09-25T16:41:10.427581+00:00,0,NVIDIA L40S,329.02,100,16579
2026-09-25T16:41:15.461562+00:00,0,NVIDIA L40S,332.71,100,16579
2026-09-25T16:41:20.494480+00:00,0,NVIDIA L40S,336.11,99,16579
2026-09-25T16:41:25.522829+00:00,0,NVIDIA L40S,311.58,28,16579
2026-09-25T16:41:30.553299+00:00,0,NVIDIA L40S,336.46,100,16579
2026-09-25T16:41:35.584197+00:00,0,NVIDIA L40S,333.62,100,16579
2026-09-25T16:41:40.613794+00:00,0,NVIDIA L40S,336.80,100,16579
2026-09-25T16:41:45.648870+00:00,0,NVIDIA L40S,332.69,100,16579
2026-09-25T16:41:50.680954+00:00,0,NVIDIA L40S,334.53,100,16579
2026-09-25T16:41:55.713690+00:00,0,NVIDIA L40S,334.36,100,16579
2026-09-25T16:42:00.744582+00:00,0,NVIDIA L40S,332.73,100,16579
2026-09-25T16:42:05.773915+00:00,0,NVIDIA L40S,338.72,100,16579
2026-09-25T16:42:10.806051+00:00,0,NVIDIA L40S,339.45,100,16579
2026-09-25T16:42:15.836610+00:00,0,NVIDIA L40S,330.58,99,16579
2026-09-25T16:42:20.866666+00:00,0,NVIDIA L40S,336.05,100,16579
2026-09-25T16:42:25.894931+00:00,0,NVIDIA L40S,331.15,100,16579
2026-09-25T16:42:30.924297+00:00,0,NVIDIA L40S,336.29,100,16579
2026-09-25T16:42:35.953525+00:00,0,NVIDIA L40S,332.67,100,16579
2026-09-25T16:42:40.983973+00:00,0,NVIDIA L40S,334.40,100,16579
2026-09-25T16:42:46.014447+00:00,0,NVIDIA L40S,331.92,100,16579
2026-09-25T16:42:51.046790+00:00,0,NVIDIA L40S,331.81,100,16579
2026-09-25T16:42:56.076806+00:00,0,NVIDIA L40S,334.42,100,16579
2026-09-25T16:43:01.107658+00:00,0,NVIDIA L40S,336.61,100,16579
2026-09-25T16:43:06.139831+00:00,0,NVIDIA L40S,334.50,100,16579
2026-09-25T16:43:11.170584+00:00,0,NVIDIA L40S,335.41,100,16579
2026-09-25T16:43:16.200459+00:00,0,NVIDIA L40S,336.42,99,16579
2026-09-25T16:43:21.233463+00:00,0,NVIDIA L40S,334.22,99,16579
2026-09-25T16:43:26.261041+00:00,0,NVIDIA L40S,338.35,100,16579
2026-09-25T16:43:31.289586+00:00,0,NVIDIA L40S,333.58,100,16579
2026-09-25T16:43:36.320941+00:00,0,NVIDIA L40S,336.17,100,16579
2026-09-25T16:43:41.351205+00:00,0,NVIDIA L40S,335.17,100,16579
2026-09-25T16:43:46.382090+00:00,0,NVIDIA L40S,337.99,99,16579
2026-09-25T16:43:51.414121+00:00,0,NVIDIA L40S,336.51,100,16579
2026-09-25T16:43:56.443035+00:00,0,NVIDIA L40S,334.61,100,16579
2026-09-25T16:44:01.473758+00:00,0,NVIDIA L40S,338.73,100,16579
2026-09-25T16:44:06.504231+00:00,0,NVIDIA L40S,337.95,100,16579
2026-09-25T16:44:11.534678+00:00,0,NVIDIA L40S,336.00,100,16579
2026-09-25T16:44:16.564413+00:00,0,NVIDIA L40S,336.54,100,16579
2026-09-25T16:44:21.594323+00:00,0,NVIDIA L40S,330.92,100,16579
2026-09-25T16:44:26.622829+00:00,0,NVIDIA L40S,337.96,100,16579
2026-09-25T16:44:31.654256+00:00,0,NVIDIA L40S,332.67,99,16579
2026-09-25T16:44:36.685056+00:00,0,NVIDIA L40S,336.61,100,16579
2026-09-25T16:44:41.714935+00:00,0,NVIDIA L40S,335.33,100,16579
2026-09-25T16:44:46.745448+00:00,0,NVIDIA L40S,338.43,100,16579
2026-09-25T16:44:51.777016+00:00,0,NVIDIA L40S,333.71,100,16579
2026-09-25T16:44:56.808050+00:00,0,NVIDIA L40S,332.97,100,16579
2026-09-25T16:45:01.838500+00:00,0,NVIDIA L40S,336.61,100,16579
2026-09-25T16:45:06.868956+00:00,0,NVIDIA L40S,330.78,100,16579
2026-09-25T16:45:11.899489+00:00,0,NVIDIA L40S,339.41,100,16579
2026-09-25T16:45:16.928188+00:00,0,NVIDIA L40S,334.55,100,16579
2026-09-25T16:45:21.959530+00:00,0,NVIDIA L40S,336.11,100,16579
2026-09-25T16:45:26.991171+00:00,0,NVIDIA L40S,333.87,100,16579
2026-09-25T16:45:32.020889+00:00,0,NVIDIA L40S,326.04,99,16579
2026-09-25T16:45:37.052204+00:00,0,NVIDIA L40S,334.90,99,16579
2026-09-25T16:45:42.076248+00:00,0,NVIDIA L40S,332.17,99,16579
2026-09-25T16:45:47.103689+00:00,0,NVIDIA L40S,329.42,100,16579
2026-09-25T16:45:52.131735+00:00,0,NVIDIA L40S,335.30,100,16579
2026-09-25T16:45:57.161909+00:00,0,NVIDIA L40S,331.89,100,16579
2026-09-25T16:46:02.191361+00:00,0,NVIDIA L40S,334.27,100,16579
2026-09-25T16:46:07.222119+00:00,0,NVIDIA L40S,336.28,100,16579
2026-09-25T16:46:12.253454+00:00,0,NVIDIA L40S,336.17,100,16579
2026-09-25T16:46:17.284800+00:00,0,NVIDIA L40S,339.03,100,16579
2026-09-25T16:46:22.316925+00:00,0,NVIDIA L40S,335.09,100,16579
2026-09-25T16:46:27.349003+00:00,0,NVIDIA L40S,340.24,100,16579
2026-09-25T16:46:32.382262+00:00,0,NVIDIA L40S,336.22,99,16579
2026-09-25T16:46:37.414500+00:00,0,NVIDIA L40S,332.60,100,16579
2026-09-25T16:46:42.445607+00:00,0,NVIDIA L40S,339.09,99,16579
2026-09-25T16:46:47.478396+00:00,0,NVIDIA L40S,337.94,99,16579
2026-09-25T16:46:52.508197+00:00,0,NVIDIA L40S,330.85,100,16579
2026-09-25T16:46:57.539343+00:00,0,NVIDIA L40S,333.84,99,16579
2026-09-25T16:47:02.569394+00:00,0,NVIDIA L40S,335.07,100,16579
2026-09-25T16:47:07.600059+00:00,0,NVIDIA L40S,334.74,100,16579
2026-09-25T16:47:12.630740+00:00,0,NVIDIA L40S,332.15,100,16579
2026-09-25T16:47:17.662040+00:00,0,NVIDIA L40S,335.60,100,16579
2026-09-25T16:47:22.688962+00:00,0,NVIDIA L40S,331.26,100,16579
2026-09-25T16:47:27.711628+00:00,0,NVIDIA L40S,335.49,99,16579
2026-09-25T16:47:32.739596+00:00,0,NVIDIA L40S,330.28,100,16579
2026-09-25T16:47:37.770387+00:00,0,NVIDIA L40S,336.58,100,16579
2026-09-25T16:47:42.803627+00:00,0,NVIDIA L40S,333.29,100,16579
2026-09-25T16:47:47.836134+00:00,0,NVIDIA L40S,335.47,100,16579
2026-09-25T16:47:52.866915+00:00,0,NVIDIA L40S,330.27,100,16579
2026-09-25T16:47:57.897728+00:00,0,NVIDIA L40S,335.73,100,16579
2026-09-25T16:48:02.926892+00:00,0,NVIDIA L40S,336.11,100,16579
2026-09-25T16:48:07.956725+00:00,0,NVIDIA L40S,336.08,100,16579
2026-09-25T16:48:12.988062+00:00,0,NVIDIA L40S,334.47,100,16579
2026-09-25T16:48:18.018019+00:00,0,NVIDIA L40S,335.77,100,16579
2026-09-25T16:48:23.047765+00:00,0,NVIDIA L40S,337.80,100,16579
2026-09-25T16:48:28.080195+00:00,0,NVIDIA L40S,343.59,99,16579
2026-09-25T16:48:33.110940+00:00,0,NVIDIA L40S,336.88,99,16579
2026-09-25T16:48:38.140587+00:00,0,NVIDIA L40S,329.58,100,16579
2026-09-25T16:48:43.171222+00:00,0,NVIDIA L40S,340.04,99,16579
2026-09-25T16:48:48.202023+00:00,0,NVIDIA L40S,332.58,100,16579
2026-09-25T16:48:53.234327+00:00,0,NVIDIA L40S,338.39,100,16579
2026-09-25T16:48:58.265979+00:00,0,NVIDIA L40S,334.40,100,16579
2026-09-25T16:49:03.297231+00:00,0,NVIDIA L40S,335.93,100,16579
2026-09-25T16:49:08.329088+00:00,0,NVIDIA L40S,333.38,100,16579
2026-09-25T16:49:13.361144+00:00,0,NVIDIA L40S,331.38,100,16579
2026-09-25T16:49:18.391907+00:00,0,NVIDIA L40S,330.64,100,16579
2026-09-25T16:49:23.424186+00:00,0,NVIDIA L40S,336.70,100,16579
2026-09-25T16:49:28.453403+00:00,0,NVIDIA L40S,333.18,100,16579
2026-09-25T16:49:33.483086+00:00,0,NVIDIA L40S,332.26,100,16579
2026-09-25T16:49:38.511908+00:00,0,NVIDIA L40S,333.74,100,16579
2026-09-25T16:49:43.540896+00:00,0,NVIDIA L40S,334.23,100,16579
2026-09-25T16:49:48.567556+00:00,0,NVIDIA L40S,327.51,100,16579
2026-09-25T16:49:53.597916+00:00,0,NVIDIA L40S,329.84,100,16579
2026-09-25T16:49:58.627921+00:00,0,NVIDIA L40S,336.53,100,16579
2026-09-25T16:50:03.658703+00:00,0,NVIDIA L40S,334.91,100,16579
2026-09-25T16:50:08.690011+00:00,0,NVIDIA L40S,330.44,100,16579
2026-09-25T16:50:13.721653+00:00,0,NVIDIA L40S,335.90,100,16579
2026-09-25T16:50:18.748948+00:00,0,NVIDIA L40S,332.61,100,16579
2026-09-25T16:50:23.776854+00:00,0,NVIDIA L40S,338.16,99,16579
2026-09-25T16:50:28.804368+00:00,0,NVIDIA L40S,339.37,100,16579
2026-09-25T16:50:33.833241+00:00,0,NVIDIA L40S,334.12,100,16579
2026-09-25T16:50:38.863593+00:00,0,NVIDIA L40S,343.58,100,16579
2026-09-25T16:50:43.887629+00:00,0,NVIDIA L40S,332.26,100,16579
2026-09-25T16:50:48.917664+00:00,0,NVIDIA L40S,327.99,100,16579
2026-09-25T16:50:53.950931+00:00,0,NVIDIA L40S,333.00,100,16579
2026-09-25T16:50:58.984233+00:00,0,NVIDIA L40S,335.11,100,16579
2026-09-25T16:51:04.015435+00:00,0,NVIDIA L40S,337.03,100,16579
2026-09-25T16:51:09.046139+00:00,0,NVIDIA L40S,332.32,100,16579
2026-09-25T16:51:14.076978+00:00,0,NVIDIA L40S,339.27,100,16579
2026-09-25T16:51:19.108015+00:00,0,NVIDIA L40S,332.98,100,16579
2026-09-25T16:51:24.138551+00:00,0,NVIDIA L40S,333.94,100,16579
2026-09-25T16:51:29.170325+00:00,0,NVIDIA L40S,335.72,100,16579
2026-09-25T16:51:34.199440+00:00,0,NVIDIA L40S,334.27,99,16579
2026-09-25T16:51:39.228152+00:00,0,NVIDIA L40S,336.10,100,16579
2026-09-25T16:51:44.257345+00:00,0,NVIDIA L40S,336.29,100,16579
2026-09-25T16:51:49.285651+00:00,0,NVIDIA L40S,336.59,100,16579
2026-09-25T16:51:54.315043+00:00,0,NVIDIA L40S,336.64,100,16579
2026-09-25T16:51:59.345801+00:00,0,NVIDIA L40S,325.20,100,16579
2026-09-25T16:52:04.376953+00:00,0,NVIDIA L40S,335.62,100,16579
2026-09-25T16:52:09.407643+00:00,0,NVIDIA L40S,333.96,100,16579
2026-09-25T16:52:14.438939+00:00,0,NVIDIA L40S,336.77,100,16579
2026-09-25T16:52:19.471990+00:00,0,NVIDIA L40S,337.40,100,16579
2026-09-25T16:52:24.505536+00:00,0,NVIDIA L40S,337.66,100,16579
2026-09-25T16:52:29.535703+00:00,0,NVIDIA L40S,338.74,100,16579
2026-09-25T16:52:34.568364+00:00,0,NVIDIA L40S,335.46,100,16579
2026-09-25T16:52:39.598210+00:00,0,NVIDIA L40S,337.09,100,16579
2026-09-25T16:52:44.627550+00:00,0,NVIDIA L40S,345.68,100,16579
2026-09-25T16:52:49.657630+00:00,0,NVIDIA L40S,337.34,100,16579
2026-09-25T16:52:54.684636+00:00,0,NVIDIA L40S,338.67,100,16579
2026-09-25T16:52:59.712879+00:00,0,NVIDIA L40S,336.34,99,16579
2026-09-25T16:53:04.740855+00:00,0,NVIDIA L40S,339.00,99,16579
2026-09-25T16:53:09.772283+00:00,0,NVIDIA L40S,337.19,100,16579
2026-09-25T16:53:14.796866+00:00,0,NVIDIA L40S,163.62,99,16579
2026-09-25T16:53:19.826411+00:00,0,NVIDIA L40S,333.19,99,16579
2026-09-25T16:53:24.855333+00:00,0,NVIDIA L40S,335.87,100,16579
2026-09-25T16:53:29.886051+00:00,0,NVIDIA L40S,334.71,100,16579
2026-09-25T16:53:34.916734+00:00,0,NVIDIA L40S,334.69,100,16579
2026-09-25T16:53:39.947847+00:00,0,NVIDIA L40S,336.20,100,16579
2026-09-25T16:53:44.978803+00:00,0,NVIDIA L40S,335.31,100,16579
2026-09-25T16:53:50.013622+00:00,0,NVIDIA L40S,333.54,100,16579
2026-09-25T16:53:55.045635+00:00,0,NVIDIA L40S,334.09,100,16579
2026-09-25T16:54:00.080880+00:00,0,NVIDIA L40S,330.58,100,16579
2026-09-25T16:54:05.112030+00:00,0,NVIDIA L40S,332.99,100,16579
2026-09-25T16:54:10.144400+00:00,0,NVIDIA L40S,333.75,100,16579
2026-09-25T16:54:15.173909+00:00,0,NVIDIA L40S,338.63,100,16579
2026-09-25T16:54:20.203468+00:00,0,NVIDIA L40S,336.46,100,16579
2026-09-25T16:54:25.232955+00:00,0,NVIDIA L40S,335.90,100,16579
2026-09-25T16:54:30.262290+00:00,0,NVIDIA L40S,337.45,100,16579
2026-09-25T16:54:35.290810+00:00,0,NVIDIA L40S,330.76,99,16579
2026-09-25T16:54:40.321083+00:00,0,NVIDIA L40S,337.65,99,16579
2026-09-25T16:54:45.346870+00:00,0,NVIDIA L40S,330.85,100,16579
2026-09-25T16:54:50.375966+00:00,0,NVIDIA L40S,339.15,99,16579
2026-09-25T16:54:55.406451+00:00,0,NVIDIA L40S,332.50,100,16579
2026-09-25T16:55:00.436791+00:00,0,NVIDIA L40S,330.12,100,16579
2026-09-25T16:55:05.468899+00:00,0,NVIDIA L40S,333.79,100,16579
2026-09-25T16:55:10.501144+00:00,0,NVIDIA L40S,333.06,100,16579
2026-09-25T16:55:15.533650+00:00,0,NVIDIA L40S,336.17,100,16579
2026-09-25T16:55:20.563582+00:00,0,NVIDIA L40S,334.96,100,16579
2026-09-25T16:55:25.597410+00:00,0,NVIDIA L40S,334.66,100,16579
2026-09-25T16:55:30.632435+00:00,0,NVIDIA L40S,333.78,99,16579
2026-09-25T16:55:35.664912+00:00,0,NVIDIA L40S,325.60,100,16579
2026-09-25T16:55:40.698042+00:00,0,NVIDIA L40S,335.29,99,16579
2026-09-25T16:55:45.729749+00:00,0,NVIDIA L40S,333.06,99,16579
2026-09-25T16:55:50.759724+00:00,0,NVIDIA L40S,337.14,99,16579
2026-09-25T16:55:55.790922+00:00,0,NVIDIA L40S,337.35,99,16579
2026-09-25T16:56:00.824662+00:00,0,NVIDIA L40S,335.36,100,16579
2026-09-25T16:56:05.857665+00:00,0,NVIDIA L40S,336.11,99,16579
2026-09-25T16:56:10.887580+00:00,0,NVIDIA L40S,173.54,27,16579
2026-09-25T16:56:15.916536+00:00,0,NVIDIA L40S,341.13,100,16579
2026-09-25T16:56:20.945867+00:00,0,NVIDIA L40S,338.16,100,16579
2026-09-25T16:56:25.973772+00:00,0,NVIDIA L40S,338.61,100,16579
2026-09-25T16:56:31.003087+00:00,0,NVIDIA L40S,337.86,100,16579
2026-09-25T16:56:36.036625+00:00,0,NVIDIA L40S,329.90,99,16579
2026-09-25T16:56:41.070841+00:00,0,NVIDIA L40S,332.51,100,16579
2026-09-25T16:56:46.100106+00:00,0,NVIDIA L40S,337.57,100,16579
2026-09-25T16:56:51.132811+00:00,0,NVIDIA L40S,333.00,100,16579
2026-09-25T16:56:56.168599+00:00,0,NVIDIA L40S,339.37,100,16579
2026-09-25T16:57:01.200328+00:00,0,NVIDIA L40S,335.58,99,16579
2026-09-25T16:57:06.233357+00:00,0,NVIDIA L40S,339.14,100,16579
2026-09-25T16:57:11.265008+00:00,0,NVIDIA L40S,342.88,99,16579
2026-09-25T16:57:16.295898+00:00,0,NVIDIA L40S,338.90,100,16579
2026-09-25T16:57:21.323764+00:00,0,NVIDIA L40S,332.87,100,16579
2026-09-25T16:57:26.350118+00:00,0,NVIDIA L40S,337.28,99,16579
2026-09-25T16:57:31.379108+00:00,0,NVIDIA L40S,337.81,99,16579
2026-09-25T16:57:36.409609+00:00,0,NVIDIA L40S,339.73,100,16579
2026-09-25T16:57:41.440263+00:00,0,NVIDIA L40S,335.30,100,16579
2026-09-25T16:57:46.471618+00:00,0,NVIDIA L40S,334.11,100,16579
2026-09-25T16:57:51.503018+00:00,0,NVIDIA L40S,338.90,100,16579
2026-09-25T16:57:56.533203+00:00,0,NVIDIA L40S,330.46,100,16579
2026-09-25T16:58:01.564403+00:00,0,NVIDIA L40S,342.24,100,16579
2026-09-25T16:58:06.594478+00:00,0,NVIDIA L40S,336.77,100,16579
2026-09-25T16:58:11.626043+00:00,0,NVIDIA L40S,337.11,100,16579
2026-09-25T16:58:16.656116+00:00,0,NVIDIA L40S,337.44,100,16579
2026-09-25T16:58:21.686418+00:00,0,NVIDIA L40S,329.89,100,16579
2026-09-25T16:58:26.716673+00:00,0,NVIDIA L40S,337.48,99,16579
2026-09-25T16:58:31.741505+00:00,0,NVIDIA L40S,338.05,99,16579
2026-09-25T16:58:36.776850+00:00,0,NVIDIA L40S,340.22,100,16579
2026-09-25T16:58:41.810549+00:00,0,NVIDIA L40S,338.00,99,16579
2026-09-25T16:58:46.845242+00:00,0,NVIDIA L40S,336.94,100,16579
2026-09-25T16:58:51.878130+00:00,0,NVIDIA L40S,337.21,100,16579
2026-09-25T16:58:56.910408+00:00,0,NVIDIA L40S,339.99,100,16579
2026-09-25T16:59:01.943543+00:00,0,NVIDIA L40S,334.81,100,16579
2026-09-25T16:59:06.973016+00:00,0,NVIDIA L40S,254.82,27,16579
2026-09-25T16:59:12.008109+00:00,0,NVIDIA L40S,324.57,99,16579
2026-09-25T16:59:17.044105+00:00,0,NVIDIA L40S,332.52,100,16579
2026-09-25T16:59:22.077992+00:00,0,NVIDIA L40S,327.71,99,16579
2026-09-25T16:59:27.109011+00:00,0,NVIDIA L40S,334.27,100,16579
2026-09-25T16:59:32.142836+00:00,0,NVIDIA L40S,338.08,100,16579
2026-09-25T16:59:37.173885+00:00,0,NVIDIA L40S,334.18,100,16579
2026-09-25T16:59:42.204972+00:00,0,NVIDIA L40S,335.78,100,16579
2026-09-25T16:59:47.234970+00:00,0,NVIDIA L40S,336.18,100,16579
2026-09-25T16:59:52.266301+00:00,0,NVIDIA L40S,337.79,100,16579
2026-09-25T16:59:57.297485+00:00,0,NVIDIA L40S,340.34,100,16579
2026-09-25T17:00:02.327608+00:00,0,NVIDIA L40S,337.83,99,16579
2026-09-25T17:00:07.357851+00:00,0,NVIDIA L40S,330.77,99,16579
2026-09-25T17:00:12.390289+00:00,0,NVIDIA L40S,334.87,99,16579
2026-09-25T17:00:17.423493+00:00,0,NVIDIA L40S,331.81,100,16579
2026-09-25T17:00:22.456018+00:00,0,NVIDIA L40S,332.15,100,16579
2026-09-25T17:00:27.487549+00:00,0,NVIDIA L40S,337.15,100,16579
2026-09-25T17:00:32.519298+00:00,0,NVIDIA L40S,339.25,99,16579
2026-09-25T17:00:37.554237+00:00,0,NVIDIA L40S,334.74,100,16579
2026-09-25T17:00:42.585142+00:00,0,NVIDIA L40S,329.62,99,16579
2026-09-25T17:00:47.614417+00:00,0,NVIDIA L40S,336.92,100,16579
2026-09-25T17:00:52.642242+00:00,0,NVIDIA L40S,332.30,100,16579
2026-09-25T17:00:57.672444+00:00,0,NVIDIA L40S,338.22,100,16579
2026-09-25T17:01:02.703729+00:00,0,NVIDIA L40S,334.93,100,16579
2026-09-25T17:01:07.735173+00:00,0,NVIDIA L40S,328.99,100,16579
2026-09-25T17:01:12.768830+00:00,0,NVIDIA L40S,333.90,100,16579
2026-09-25T17:01:17.799335+00:00,0,NVIDIA L40S,335.16,100,16579
2026-09-25T17:01:22.830756+00:00,0,NVIDIA L40S,338.70,100,16579
2026-09-25T17:01:27.860862+00:00,0,NVIDIA L40S,334.15,100,16579
2026-09-25T17:01:32.890413+00:00,0,NVIDIA L40S,333.47,100,16579
2026-09-25T17:01:37.919480+00:00,0,NVIDIA L40S,336.36,99,16579
2026-09-25T17:01:42.952172+00:00,0,NVIDIA L40S,338.27,99,16579
2026-09-25T17:01:47.986162+00:00,0,NVIDIA L40S,334.58,99,16579
2026-09-25T17:01:53.019038+00:00,0,NVIDIA L40S,333.18,100,16579
2026-09-25T17:01:58.051315+00:00,0,NVIDIA L40S,335.10,100,16579
2026-09-25T17:02:03.084899+00:00,0,NVIDIA L40S,335.05,100,16579
2026-09-25T17:02:08.115865+00:00,0,NVIDIA L40S,335.89,100,16579
2026-09-25T17:02:13.144673+00:00,0,NVIDIA L40S,339.38,99,16579
2026-09-25T17:02:18.176822+00:00,0,NVIDIA L40S,337.10,99,16579
2026-09-25T17:02:23.208498+00:00,0,NVIDIA L40S,339.35,99,16579
2026-09-25T17:02:28.240488+00:00,0,NVIDIA L40S,338.84,99,16579
2026-09-25T17:02:33.270897+00:00,0,NVIDIA L40S,336.41,99,16579
2026-09-25T17:02:38.304415+00:00,0,NVIDIA L40S,331.77,100,16579
2026-09-25T17:02:43.337148+00:00,0,NVIDIA L40S,338.32,100,16579
2026-09-25T17:02:48.370328+00:00,0,NVIDIA L40S,338.19,100,16579
2026-09-25T17:02:53.403677+00:00,0,NVIDIA L40S,337.14,99,16579
2026-09-25T17:02:58.437450+00:00,0,NVIDIA L40S,338.16,100,16579
2026-09-25T17:03:03.469887+00:00,0,NVIDIA L40S,339.13,99,16579
2026-09-25T17:03:08.503720+00:00,0,NVIDIA L40S,336.71,100,16579
2026-09-25T17:03:13.534544+00:00,0,NVIDIA L40S,331.88,99,16579
2026-09-25T17:03:18.566970+00:00,0,NVIDIA L40S,335.77,100,16579
2026-09-25T17:03:23.600703+00:00,0,NVIDIA L40S,337.94,99,16579
2026-09-25T17:03:28.633828+00:00,0,NVIDIA L40S,337.12,100,16579
2026-09-25T17:03:33.667054+00:00,0,NVIDIA L40S,341.88,100,16579
2026-09-25T17:03:38.699609+00:00,0,NVIDIA L40S,338.77,100,16579
2026-09-25T17:03:43.730654+00:00,0,NVIDIA L40S,333.92,100,16579
2026-09-25T17:03:48.760447+00:00,0,NVIDIA L40S,331.12,100,16579
2026-09-25T17:03:53.788871+00:00,0,NVIDIA L40S,337.78,100,16579
2026-09-25T17:03:58.818657+00:00,0,NVIDIA L40S,337.82,100,16579
2026-09-25T17:04:03.850406+00:00,0,NVIDIA L40S,336.96,100,16579
2026-09-25T17:04:08.879360+00:00,0,NVIDIA L40S,336.98,100,16579
2026-09-25T17:04:13.911926+00:00,0,NVIDIA L40S,336.84,100,16579
2026-09-25T17:04:18.944126+00:00,0,NVIDIA L40S,338.26,100,16579
2026-09-25T17:04:23.975352+00:00,0,NVIDIA L40S,338.01,100,16579
2026-09-25T17:04:29.006028+00:00,0,NVIDIA L40S,339.22,100,16579
2026-09-25T17:04:34.036971+00:00,0,NVIDIA L40S,331.81,100,16579
2026-09-25T17:04:39.066228+00:00,0,NVIDIA L40S,339.75,100,16579
2026-09-25T17:04:44.096032+00:00,0,NVIDIA L40S,338.13,100,16579
2026-09-25T17:04:49.125202+00:00,0,NVIDIA L40S,338.24,100,16579
2026-09-25T17:04:54.151504+00:00,0,NVIDIA L40S,336.72,100,16579
2026-09-25T17:04:59.180755+00:00,0,NVIDIA L40S,334.89,100,16579
2026-09-25T17:05:04.211326+00:00,0,NVIDIA L40S,336.80,100,16579
2026-09-25T17:05:09.242111+00:00,0,NVIDIA L40S,336.42,100,16579
2026-09-25T17:05:14.272757+00:00,0,NVIDIA L40S,339.66,100,16579
2026-09-25T17:05:19.302201+00:00,0,NVIDIA L40S,336.55,100,16579
2026-09-25T17:05:24.331935+00:00,0,NVIDIA L40S,330.28,100,16579
2026-09-25T17:05:29.361921+00:00,0,NVIDIA L40S,339.38,100,16579
2026-09-25T17:05:34.392269+00:00,0,NVIDIA L40S,337.96,99,16579
2026-09-25T17:05:39.417278+00:00,0,NVIDIA L40S,338.30,100,16579
2026-09-25T17:05:44.446805+00:00,0,NVIDIA L40S,335.94,100,16579
2026-09-25T17:05:49.478858+00:00,0,NVIDIA L40S,340.42,100,16579
2026-09-25T17:05:54.509804+00:00,0,NVIDIA L40S,337.48,100,16579
2026-09-25T17:05:59.540089+00:00,0,NVIDIA L40S,343.78,99,16579
2026-09-25T17:06:04.572130+00:00,0,NVIDIA L40S,336.26,100,16579
2026-09-25T17:06:09.602614+00:00,0,NVIDIA L40S,336.56,99,16579
2026-09-25T17:06:14.630986+00:00,0,NVIDIA L40S,337.67,100,16579
2026-09-25T17:06:19.658883+00:00,0,NVIDIA L40S,338.32,100,16579
2026-09-25T17:06:24.689453+00:00,0,NVIDIA L40S,335.56,100,16579
2026-09-25T17:06:29.719327+00:00,0,NVIDIA L40S,340.68,100,16579
2026-09-25T17:06:34.751284+00:00,0,NVIDIA L40S,341.84,100,16579
2026-09-25T17:06:39.783438+00:00,0,NVIDIA L40S,337.56,100,16579
2026-09-25T17:06:44.815966+00:00,0,NVIDIA L40S,333.93,99,16579
2026-09-25T17:06:49.847494+00:00,0,NVIDIA L40S,335.98,100,16579
2026-09-25T17:06:54.881081+00:00,0,NVIDIA L40S,336.20,99,16579
2026-09-25T17:06:59.915187+00:00,0,NVIDIA L40S,332.21,100,16579
2026-09-25T17:07:04.947553+00:00,0,NVIDIA L40S,338.33,99,16579
2026-09-25T17:07:09.981664+00:00,0,NVIDIA L40S,341.03,100,16579
2026-09-25T17:07:15.013043+00:00,0,NVIDIA L40S,336.78,100,16579
2026-09-25T17:07:20.045482+00:00,0,NVIDIA L40S,334.17,100,16579
2026-09-25T17:07:25.076259+00:00,0,NVIDIA L40S,339.90,100,16579
2026-09-25T17:07:30.106256+00:00,0,NVIDIA L40S,340.46,100,16579
2026-09-25T17:07:35.136536+00:00,0,NVIDIA L40S,339.11,100,16579
2026-09-25T17:07:40.167038+00:00,0,NVIDIA L40S,337.93,99,16579
2026-09-25T17:07:45.196658+00:00,0,NVIDIA L40S,338.27,100,16579
2026-09-25T17:07:50.226345+00:00,0,NVIDIA L40S,337.90,100,16579
2026-09-25T17:07:55.256592+00:00,0,NVIDIA L40S,341.03,100,16579
2026-09-25T17:08:00.287239+00:00,0,NVIDIA L40S,335.86,100,16579
2026-09-25T17:08:05.319108+00:00,0,NVIDIA L40S,336.52,100,16579
2026-09-25T17:08:10.348138+00:00,0,NVIDIA L40S,340.71,100,16579
2026-09-25T17:08:15.376756+00:00,0,NVIDIA L40S,335.52,100,16579
2026-09-25T17:08:20.406314+00:00,0,NVIDIA L40S,331.62,99,16579
2026-09-25T17:08:25.438305+00:00,0,NVIDIA L40S,335.99,99,16579
2026-09-25T17:08:30.468359+00:00,0,NVIDIA L40S,337.58,100,16579
2026-09-25T17:08:35.502235+00:00,0,NVIDIA L40S,337.35,100,16579
2026-09-25T17:08:40.532289+00:00,0,NVIDIA L40S,337.67,100,16579
2026-09-25T17:08:45.562228+00:00,0,NVIDIA L40S,328.41,100,16579
2026-09-25T17:08:50.591591+00:00,0,NVIDIA L40S,337.69,99,16579
2026-09-25T17:08:55.622417+00:00,0,NVIDIA L40S,344.14,99,16579
2026-09-25T17:09:00.651000+00:00,0,NVIDIA L40S,339.46,99,16579
2026-09-25T17:09:05.681652+00:00,0,NVIDIA L40S,338.32,99,16579
2026-09-25T17:09:10.713221+00:00,0,NVIDIA L40S,336.23,100,16579
2026-09-25T17:09:15.738138+00:00,0,NVIDIA L40S,339.95,100,16579
2026-09-25T17:09:20.768577+00:00,0,NVIDIA L40S,336.18,100,16579
2026-09-25T17:09:25.800699+00:00,0,NVIDIA L40S,332.72,100,16579
2026-09-25T17:09:30.831914+00:00,0,NVIDIA L40S,333.17,100,16579
2026-09-25T17:09:35.862513+00:00,0,NVIDIA L40S,338.45,100,16579
2026-09-25T17:09:40.895880+00:00,0,NVIDIA L40S,338.06,100,16579
2026-09-25T17:09:45.928443+00:00,0,NVIDIA L40S,336.19,99,16579
2026-09-25T17:09:50.960060+00:00,0,NVIDIA L40S,337.46,100,16579
2026-09-25T17:09:55.987730+00:00,0,NVIDIA L40S,341.52,99,16579
2026-09-25T17:10:01.023578+00:00,0,NVIDIA L40S,343.24,99,16579
2026-09-25T17:10:06.056914+00:00,0,NVIDIA L40S,331.85,100,16579
2026-09-25T17:10:11.089998+00:00,0,NVIDIA L40S,337.53,100,16579
2026-09-25T17:10:16.121679+00:00,0,NVIDIA L40S,338.42,100,16579
2026-09-25T17:10:21.151679+00:00,0,NVIDIA L40S,335.91,99,16579
2026-09-25T17:10:26.182256+00:00,0,NVIDIA L40S,336.73,100,16579
2026-09-25T17:10:31.215944+00:00,0,NVIDIA L40S,339.35,99,16579
2026-09-25T17:10:36.245699+00:00,0,NVIDIA L40S,340.43,100,16579
2026-09-25T17:10:41.276367+00:00,0,NVIDIA L40S,333.80,100,16579
2026-09-25T17:10:46.305320+00:00,0,NVIDIA L40S,335.51,99,16579
2026-09-25T17:10:51.338938+00:00,0,NVIDIA L40S,333.09,100,16579
2026-09-25T17:10:56.364086+00:00,0,NVIDIA L40S,141.24,39,16579
2026-09-25T17:11:01.394147+00:00,0,NVIDIA L40S,344.68,100,16579
2026-09-25T17:11:06.426015+00:00,0,NVIDIA L40S,337.21,100,16579
2026-09-25T17:11:11.456566+00:00,0,NVIDIA L40S,337.65,100,16579
2026-09-25T17:11:16.487291+00:00,0,NVIDIA L40S,336.32,100,16579
2026-09-25T17:11:21.518301+00:00,0,NVIDIA L40S,340.48,100,16579
2026-09-25T17:11:26.549432+00:00,0,NVIDIA L40S,336.28,100,16579
2026-09-25T17:11:31.580980+00:00,0,NVIDIA L40S,341.75,100,16579
2026-09-25T17:11:36.610300+00:00,0,NVIDIA L40S,338.61,100,16579
2026-09-25T17:11:41.641487+00:00,0,NVIDIA L40S,338.67,100,16579
2026-09-25T17:11:46.671721+00:00,0,NVIDIA L40S,334.72,100,16579
2026-09-25T17:11:51.700998+00:00,0,NVIDIA L40S,338.84,100,16579
2026-09-25T17:11:56.730295+00:00,0,NVIDIA L40S,338.62,100,16579
2026-09-25T17:12:01.756570+00:00,0,NVIDIA L40S,339.40,100,16579
2026-09-25T17:12:06.784770+00:00,0,NVIDIA L40S,340.40,99,16579
2026-09-25T17:12:11.816930+00:00,0,NVIDIA L40S,340.41,100,16579
2026-09-25T17:12:16.849575+00:00,0,NVIDIA L40S,339.89,99,16579
2026-09-25T17:12:21.884568+00:00,0,NVIDIA L40S,335.35,100,16579
2026-09-25T17:12:26.917979+00:00,0,NVIDIA L40S,336.95,100,16579
2026-09-25T17:12:31.948796+00:00,0,NVIDIA L40S,340.60,100,16579
2026-09-25T17:12:36.977342+00:00,0,NVIDIA L40S,338.11,100,16579
2026-09-25T17:12:42.006262+00:00,0,NVIDIA L40S,335.12,99,16579
2026-09-25T17:12:47.038333+00:00,0,NVIDIA L40S,345.95,99,16579
2026-09-25T17:12:52.064399+00:00,0,NVIDIA L40S,341.33,100,16579
2026-09-25T17:12:57.095917+00:00,0,NVIDIA L40S,336.38,100,16579
2026-09-25T17:13:02.127338+00:00,0,NVIDIA L40S,344.03,99,16579
2026-09-25T17:13:07.157863+00:00,0,NVIDIA L40S,335.36,100,16579
2026-09-25T17:13:12.189143+00:00,0,NVIDIA L40S,341.39,100,16579
2026-09-25T17:13:17.221835+00:00,0,NVIDIA L40S,336.24,100,16579
2026-09-25T17:13:22.254359+00:00,0,NVIDIA L40S,334.80,100,16579
2026-09-25T17:13:27.285603+00:00,0,NVIDIA L40S,335.83,99,16579
2026-09-25T17:13:32.315585+00:00,0,NVIDIA L40S,331.89,99,16579
2026-09-25T17:13:37.348482+00:00,0,NVIDIA L40S,335.95,99,16579
2026-09-25T17:13:42.377144+00:00,0,NVIDIA L40S,334.65,100,16579
2026-09-25T17:13:47.407576+00:00,0,NVIDIA L40S,338.85,100,16579
2026-09-25T17:13:52.438959+00:00,0,NVIDIA L40S,334.81,100,16579
2026-09-25T17:13:57.467829+00:00,0,NVIDIA L40S,335.27,99,16579
2026-09-25T17:14:02.498876+00:00,0,NVIDIA L40S,334.99,100,16579
2026-09-25T17:14:07.527426+00:00,0,NVIDIA L40S,335.37,100,16579
2026-09-25T17:14:12.560476+00:00,0,NVIDIA L40S,334.02,100,16579
2026-09-25T17:14:17.593206+00:00,0,NVIDIA L40S,333.46,100,16579
2026-09-25T17:14:22.626767+00:00,0,NVIDIA L40S,336.53,100,16579
2026-09-25T17:14:27.659010+00:00,0,NVIDIA L40S,337.83,100,16579
2026-09-25T17:14:32.689147+00:00,0,NVIDIA L40S,334.40,99,16579
2026-09-25T17:14:37.720318+00:00,0,NVIDIA L40S,332.21,100,16579
2026-09-25T17:14:42.749131+00:00,0,NVIDIA L40S,335.56,100,16579
2026-09-25T17:14:47.782165+00:00,0,NVIDIA L40S,334.51,99,16579
2026-09-25T17:14:52.812766+00:00,0,NVIDIA L40S,336.83,99,16579
2026-09-25T17:14:57.842814+00:00,0,NVIDIA L40S,333.61,100,16579
2026-09-25T17:15:02.873000+00:00,0,NVIDIA L40S,335.13,100,16579
2026-09-25T17:15:07.903802+00:00,0,NVIDIA L40S,337.89,100,16579
2026-09-25T17:15:12.931446+00:00,0,NVIDIA L40S,337.68,100,16579
2026-09-25T17:15:17.963107+00:00,0,NVIDIA L40S,337.29,100,16579
2026-09-25T17:15:22.995751+00:00,0,NVIDIA L40S,334.30,100,16579
2026-09-25T17:15:28.029132+00:00,0,NVIDIA L40S,333.66,100,16579
2026-09-25T17:15:33.062632+00:00,0,NVIDIA L40S,328.79,99,16579
2026-09-25T17:15:38.093879+00:00,0,NVIDIA L40S,333.80,100,16579
2026-09-25T17:15:43.120987+00:00,0,NVIDIA L40S,334.50,100,16579
2026-09-25T17:15:48.149261+00:00,0,NVIDIA L40S,333.31,100,16579
2026-09-25T17:15:53.179716+00:00,0,NVIDIA L40S,335.74,100,16579
2026-09-25T17:15:58.206338+00:00,0,NVIDIA L40S,330.86,100,16579
2026-09-25T17:16:03.236928+00:00,0,NVIDIA L40S,336.35,100,16579
2026-09-25T17:16:08.268385+00:00,0,NVIDIA L40S,328.77,100,16579
2026-09-25T17:16:13.298938+00:00,0,NVIDIA L40S,335.57,100,16579
2026-09-25T17:16:18.328659+00:00,0,NVIDIA L40S,337.53,100,16579
2026-09-25T17:16:23.360285+00:00,0,NVIDIA L40S,334.93,100,16579
2026-09-25T17:16:28.392079+00:00,0,NVIDIA L40S,335.73,100,16579
2026-09-25T17:16:33.420801+00:00,0,NVIDIA L40S,338.45,99,16579
2026-09-25T17:16:38.450741+00:00,0,NVIDIA L40S,333.84,99,16579
2026-09-25T17:16:43.480378+00:00,0,NVIDIA L40S,335.71,100,16579
2026-09-25T17:16:48.508458+00:00,0,NVIDIA L40S,334.75,100,16579
2026-09-25T17:16:53.539354+00:00,0,NVIDIA L40S,342.54,100,16579
2026-09-25T17:16:58.568842+00:00,0,NVIDIA L40S,334.37,100,16579
2026-09-25T17:17:03.599026+00:00,0,NVIDIA L40S,337.79,100,16579
2026-09-25T17:17:08.627589+00:00,0,NVIDIA L40S,329.57,100,16579
2026-09-25T17:17:13.653984+00:00,0,NVIDIA L40S,338.88,100,16579
2026-09-25T17:17:18.684427+00:00,0,NVIDIA L40S,338.54,99,16579
2026-09-25T17:17:23.714948+00:00,0,NVIDIA L40S,336.66,100,16579
2026-09-25T17:17:28.745900+00:00,0,NVIDIA L40S,338.40,99,16579
2026-09-25T17:17:33.776857+00:00,0,NVIDIA L40S,336.60,100,16579
2026-09-25T17:17:38.807703+00:00,0,NVIDIA L40S,341.34,100,16579
2026-09-25T17:17:43.837135+00:00,0,NVIDIA L40S,341.08,100,16579
2026-09-25T17:17:48.866950+00:00,0,NVIDIA L40S,340.27,100,16579
2026-09-25T17:17:53.896656+00:00,0,NVIDIA L40S,333.94,99,16579
2026-09-25T17:17:58.926186+00:00,0,NVIDIA L40S,337.50,99,16579
2026-09-25T17:18:03.956139+00:00,0,NVIDIA L40S,339.08,99,16579
2026-09-25T17:18:08.984052+00:00,0,NVIDIA L40S,337.25,100,16579
2026-09-25T17:18:14.015064+00:00,0,NVIDIA L40S,336.55,100,16579
2026-09-25T17:18:19.046029+00:00,0,NVIDIA L40S,330.76,100,16579
2026-09-25T17:18:24.076929+00:00,0,NVIDIA L40S,339.49,100,16579
2026-09-25T17:18:29.108543+00:00,0,NVIDIA L40S,341.43,100,16579
2026-09-25T17:18:34.140012+00:00,0,NVIDIA L40S,336.59,100,16579
2026-09-25T17:18:39.171794+00:00,0,NVIDIA L40S,341.66,100,16579
2026-09-25T17:18:44.202747+00:00,0,NVIDIA L40S,339.17,100,16579
2026-09-25T17:18:49.229770+00:00,0,NVIDIA L40S,336.39,100,16579
2026-09-25T17:18:54.259006+00:00,0,NVIDIA L40S,341.00,100,16579
2026-09-25T17:18:59.286547+00:00,0,NVIDIA L40S,337.60,100,16579
2026-09-25T17:19:04.317887+00:00,0,NVIDIA L40S,330.19,100,16579
2026-09-25T17:19:09.347538+00:00,0,NVIDIA L40S,335.47,100,16579
2026-09-25T17:19:14.378143+00:00,0,NVIDIA L40S,337.66,100,16579
2026-09-25T17:19:19.412772+00:00,0,NVIDIA L40S,336.60,100,16579
2026-09-25T17:19:24.441614+00:00,0,NVIDIA L40S,338.49,100,16579
2026-09-25T17:19:29.474326+00:00,0,NVIDIA L40S,338.30,99,16579
2026-09-25T17:19:34.509031+00:00,0,NVIDIA L40S,341.22,100,16579
2026-09-25T17:19:39.538337+00:00,0,NVIDIA L40S,330.47,99,16579
2026-09-25T17:19:44.567748+00:00,0,NVIDIA L40S,338.29,99,16579
2026-09-25T17:19:49.594230+00:00,0,NVIDIA L40S,265.09,100,16579
2026-09-25T17:19:54.622002+00:00,0,NVIDIA L40S,337.55,100,16579
2026-09-25T17:19:59.649423+00:00,0,NVIDIA L40S,335.97,100,16579
2026-09-25T17:20:04.678880+00:00,0,NVIDIA L40S,332.48,100,16579
2026-09-25T17:20:09.706610+00:00,0,NVIDIA L40S,337.68,100,16579
2026-09-25T17:20:14.737004+00:00,0,NVIDIA L40S,330.98,100,16579
2026-09-25T17:20:19.765490+00:00,0,NVIDIA L40S,336.96,100,16579
2026-09-25T17:20:24.796978+00:00,0,NVIDIA L40S,327.25,100,16579
2026-09-25T17:20:29.827666+00:00,0,NVIDIA L40S,333.69,100,16579
2026-09-25T17:20:34.859629+00:00,0,NVIDIA L40S,336.86,100,16579
2026-09-25T17:20:39.891093+00:00,0,NVIDIA L40S,331.79,100,16579
2026-09-25T17:20:44.922454+00:00,0,NVIDIA L40S,335.90,100,16579
2026-09-25T17:20:49.953039+00:00,0,NVIDIA L40S,336.11,100,16579
2026-09-25T17:20:54.982933+00:00,0,NVIDIA L40S,336.31,100,16579
2026-09-25T17:21:00.013933+00:00,0,NVIDIA L40S,329.22,100,16579
2026-09-25T17:21:05.044021+00:00,0,NVIDIA L40S,336.05,100,16579
2026-09-25T17:21:10.072593+00:00,0,NVIDIA L40S,331.11,100,16579
2026-09-25T17:21:15.101302+00:00,0,NVIDIA L40S,336.67,100,16579
2026-09-25T17:21:20.130314+00:00,0,NVIDIA L40S,334.74,99,16579
2026-09-25T17:21:25.159643+00:00,0,NVIDIA L40S,332.25,100,16579
2026-09-25T17:21:30.189160+00:00,0,NVIDIA L40S,337.93,100,16579
2026-09-25T17:21:35.218070+00:00,0,NVIDIA L40S,334.73,100,16579
2026-09-25T17:21:40.248571+00:00,0,NVIDIA L40S,335.84,100,16579
2026-09-25T17:21:45.279605+00:00,0,NVIDIA L40S,343.83,100,16579
2026-09-25T17:21:50.310869+00:00,0,NVIDIA L40S,334.57,100,16579
2026-09-25T17:21:55.341629+00:00,0,NVIDIA L40S,341.63,99,16579
2026-09-25T17:22:00.370827+00:00,0,NVIDIA L40S,337.94,100,16579
2026-09-25T17:22:05.399673+00:00,0,NVIDIA L40S,340.81,100,16579
2026-09-25T17:22:10.429338+00:00,0,NVIDIA L40S,335.64,99,16579
2026-09-25T17:22:15.459120+00:00,0,NVIDIA L40S,333.99,100,16579
2026-09-25T17:22:20.486079+00:00,0,NVIDIA L40S,337.32,100,16579
2026-09-25T17:22:25.512853+00:00,0,NVIDIA L40S,337.34,100,16579
2026-09-25T17:22:30.542893+00:00,0,NVIDIA L40S,327.92,99,16579
2026-09-25T17:22:35.573868+00:00,0,NVIDIA L40S,336.06,99,16579
2026-09-25T17:22:40.604098+00:00,0,NVIDIA L40S,331.64,100,16579
2026-09-25T17:22:45.633828+00:00,0,NVIDIA L40S,263.82,100,16579
2026-09-25T17:22:50.664418+00:00,0,NVIDIA L40S,336.17,99,16579
2026-09-25T17:22:55.689200+00:00,0,NVIDIA L40S,331.92,99,16579
2026-09-25T17:23:00.717003+00:00,0,NVIDIA L40S,333.85,100,16579
2026-09-25T17:23:05.745472+00:00,0,NVIDIA L40S,333.41,99,16579
2026-09-25T17:23:10.778753+00:00,0,NVIDIA L40S,333.72,100,16579
2026-09-25T17:23:15.808819+00:00,0,NVIDIA L40S,336.30,100,16579
2026-09-25T17:23:20.837716+00:00,0,NVIDIA L40S,329.97,100,16579
2026-09-25T17:23:25.869925+00:00,0,NVIDIA L40S,334.19,100,16579
2026-09-25T17:23:30.900774+00:00,0,NVIDIA L40S,336.30,100,16579
2026-09-25T17:23:35.931244+00:00,0,NVIDIA L40S,335.01,100,16579
2026-09-25T17:23:40.962213+00:00,0,NVIDIA L40S,338.71,100,16579
2026-09-25T17:23:45.992678+00:00,0,NVIDIA L40S,337.30,100,16579
2026-09-25T17:23:51.023386+00:00,0,NVIDIA L40S,335.90,100,16579
2026-09-25T17:23:56.053617+00:00,0,NVIDIA L40S,334.43,100,16579
2026-09-25T17:24:01.085021+00:00,0,NVIDIA L40S,333.28,100,16579
2026-09-25T17:24:06.111192+00:00,0,NVIDIA L40S,341.24,100,16579
2026-09-25T17:24:11.139933+00:00,0,NVIDIA L40S,333.34,100,16579
2026-09-25T17:24:16.170554+00:00,0,NVIDIA L40S,332.45,100,16579
2026-09-25T17:24:21.200699+00:00,0,NVIDIA L40S,336.14,100,16579
2026-09-25T17:24:26.230880+00:00,0,NVIDIA L40S,335.52,100,16579
2026-09-25T17:24:31.261505+00:00,0,NVIDIA L40S,333.86,100,16579
2026-09-25T17:24:36.291758+00:00,0,NVIDIA L40S,339.14,100,16579
2026-09-25T17:24:41.322157+00:00,0,NVIDIA L40S,340.07,100,16579
2026-09-25T17:24:46.354722+00:00,0,NVIDIA L40S,337.39,100,16579
2026-09-25T17:24:51.385381+00:00,0,NVIDIA L40S,332.78,99,16579
2026-09-25T17:24:56.414520+00:00,0,NVIDIA L40S,335.44,100,16579
2026-09-25T17:25:01.445575+00:00,0,NVIDIA L40S,336.83,100,16579
2026-09-25T17:25:06.477211+00:00,0,NVIDIA L40S,336.21,100,16579
2026-09-25T17:25:11.507592+00:00,0,NVIDIA L40S,338.43,100,16579
2026-09-25T17:25:16.536024+00:00,0,NVIDIA L40S,342.03,99,16579
2026-09-25T17:25:21.565955+00:00,0,NVIDIA L40S,338.10,100,16579
2026-09-25T17:25:26.595594+00:00,0,NVIDIA L40S,331.85,100,16579
2026-09-25T17:25:31.628454+00:00,0,NVIDIA L40S,336.86,100,16579
2026-09-25T17:25:36.659666+00:00,0,NVIDIA L40S,334.77,100,16579
2026-09-25T17:25:41.689920+00:00,0,NVIDIA L40S,289.01,100,16579
2026-09-25T17:25:46.722231+00:00,0,NVIDIA L40S,335.73,100,16579
2026-09-25T17:25:51.753664+00:00,0,NVIDIA L40S,333.21,100,16579
2026-09-25T17:25:56.782053+00:00,0,NVIDIA L40S,332.99,100,16579
2026-09-25T17:26:01.812051+00:00,0,NVIDIA L40S,338.58,100,16579
2026-09-25T17:26:06.841211+00:00,0,NVIDIA L40S,339.98,100,16579
2026-09-25T17:26:11.872669+00:00,0,NVIDIA L40S,338.26,100,16579
2026-09-25T17:26:16.902631+00:00,0,NVIDIA L40S,334.33,100,16579
2026-09-25T17:26:21.931867+00:00,0,NVIDIA L40S,334.05,100,16579
2026-09-25T17:26:26.963013+00:00,0,NVIDIA L40S,331.40,100,16579
2026-09-25T17:26:31.995083+00:00,0,NVIDIA L40S,332.55,100,16579
2026-09-25T17:26:37.028745+00:00,0,NVIDIA L40S,337.81,100,16579
2026-09-25T17:26:42.059210+00:00,0,NVIDIA L40S,335.14,100,16579
2026-09-25T17:26:47.089730+00:00,0,NVIDIA L40S,339.62,100,16579
2026-09-25T17:26:52.120416+00:00,0,NVIDIA L40S,329.17,100,16579
2026-09-25T17:26:57.151726+00:00,0,NVIDIA L40S,340.65,100,16579
2026-09-25T17:27:02.183380+00:00,0,NVIDIA L40S,336.02,100,16579
2026-09-25T17:27:07.214604+00:00,0,NVIDIA L40S,335.29,99,16579
2026-09-25T17:27:12.243055+00:00,0,NVIDIA L40S,335.96,99,16579
2026-09-25T17:27:17.271159+00:00,0,NVIDIA L40S,336.83,100,16579
2026-09-25T17:27:22.299858+00:00,0,NVIDIA L40S,337.16,99,16579
2026-09-25T17:27:27.325998+00:00,0,NVIDIA L40S,335.61,100,16579
2026-09-25T17:27:32.355771+00:00,0,NVIDIA L40S,338.33,100,16579
2026-09-25T17:27:37.386353+00:00,0,NVIDIA L40S,347.61,100,16579
2026-09-25T17:27:42.418902+00:00,0,NVIDIA L40S,338.47,100,16579
2026-09-25T17:27:47.449347+00:00,0,NVIDIA L40S,338.78,100,16579
2026-09-25T17:27:52.478511+00:00,0,NVIDIA L40S,338.74,100,16579
2026-09-25T17:27:57.508746+00:00,0,NVIDIA L40S,338.70,100,16579
2026-09-25T17:28:02.539684+00:00,0,NVIDIA L40S,338.20,100,16579
2026-09-25T17:28:07.572109+00:00,0,NVIDIA L40S,340.97,100,16579
2026-09-25T17:28:12.600449+00:00,0,NVIDIA L40S,344.09,100,16579
2026-09-25T17:28:17.635307+00:00,0,NVIDIA L40S,339.02,99,16579
2026-09-25T17:28:22.665120+00:00,0,NVIDIA L40S,332.23,99,16579
2026-09-25T17:28:27.693915+00:00,0,NVIDIA L40S,340.22,99,16579
2026-09-25T17:28:32.717838+00:00,0,NVIDIA L40S,335.52,100,16579
2026-09-25T17:28:37.742673+00:00,0,NVIDIA L40S,163.47,8,16579
2026-09-25T17:28:42.773123+00:00,0,NVIDIA L40S,340.97,100,16579
2026-09-25T17:28:47.804806+00:00,0,NVIDIA L40S,344.09,100,16579
2026-09-25T17:28:52.834861+00:00,0,NVIDIA L40S,339.64,100,16579
2026-09-25T17:28:57.865577+00:00,0,NVIDIA L40S,339.40,100,16579
2026-09-25T17:29:02.897917+00:00,0,NVIDIA L40S,337.58,100,16579
2026-09-25T17:29:07.928218+00:00,0,NVIDIA L40S,336.26,100,16579
2026-09-25T17:29:12.958598+00:00,0,NVIDIA L40S,335.67,100,16579
2026-09-25T17:29:17.990340+00:00,0,NVIDIA L40S,333.42,100,16579
2026-09-25T17:29:23.023105+00:00,0,NVIDIA L40S,337.07,100,16579
2026-09-25T17:29:28.054033+00:00,0,NVIDIA L40S,337.93,100,16579
2026-09-25T17:29:33.083249+00:00,0,NVIDIA L40S,340.37,100,16579
2026-09-25T17:29:38.113549+00:00,0,NVIDIA L40S,339.44,100,16579
2026-09-25T17:29:43.144426+00:00,0,NVIDIA L40S,338.96,100,16579
2026-09-25T17:29:48.176214+00:00,0,NVIDIA L40S,338.33,100,16579
2026-09-25T17:29:53.209395+00:00,0,NVIDIA L40S,339.64,100,16579
2026-09-25T17:29:58.241254+00:00,0,NVIDIA L40S,334.81,100,16579
2026-09-25T17:30:03.270478+00:00,0,NVIDIA L40S,333.49,100,16579
2026-09-25T17:30:08.301163+00:00,0,NVIDIA L40S,337.19,100,16579
2026-09-25T17:30:13.330883+00:00,0,NVIDIA L40S,343.47,99,16579
2026-09-25T17:30:18.360441+00:00,0,NVIDIA L40S,339.59,100,16579
2026-09-25T17:30:23.392528+00:00,0,NVIDIA L40S,340.74,100,16579
2026-09-25T17:30:28.422141+00:00,0,NVIDIA L40S,329.27,99,16579
2026-09-25T17:30:33.452195+00:00,0,NVIDIA L40S,339.67,100,16579
2026-09-25T17:30:38.482855+00:00,0,NVIDIA L40S,337.65,100,16579
2026-09-25T17:30:43.513295+00:00,0,NVIDIA L40S,333.97,100,16579
2026-09-25T17:30:48.544862+00:00,0,NVIDIA L40S,337.68,100,16579
2026-09-25T17:30:53.574446+00:00,0,NVIDIA L40S,340.52,100,16579
2026-09-25T17:30:58.605863+00:00,0,NVIDIA L40S,337.60,100,16579
2026-09-25T17:31:03.638828+00:00,0,NVIDIA L40S,339.36,100,16579
2026-09-25T17:31:08.670101+00:00,0,NVIDIA L40S,341.12,100,16579
2026-09-25T17:31:13.700683+00:00,0,NVIDIA L40S,332.86,100,16579
2026-09-25T17:31:18.730533+00:00,0,NVIDIA L40S,339.62,100,16579
2026-09-25T17:31:23.761823+00:00,0,NVIDIA L40S,339.06,99,16579
2026-09-25T17:31:28.792435+00:00,0,NVIDIA L40S,337.54,100,16579
2026-09-25T17:31:33.820933+00:00,0,NVIDIA L40S,338.59,100,16579
2026-09-25T17:31:38.851392+00:00,0,NVIDIA L40S,334.11,100,16579
2026-09-25T17:31:43.882216+00:00,0,NVIDIA L40S,333.40,100,16579
2026-09-25T17:31:48.914929+00:00,0,NVIDIA L40S,338.84,100,16579
2026-09-25T17:31:53.946149+00:00,0,NVIDIA L40S,332.18,100,16579
2026-09-25T17:31:58.977612+00:00,0,NVIDIA L40S,335.77,100,16579
2026-09-25T17:32:04.009249+00:00,0,NVIDIA L40S,336.86,100,16579
2026-09-25T17:32:09.040473+00:00,0,NVIDIA L40S,336.84,99,16579
2026-09-25T17:32:14.070247+00:00,0,NVIDIA L40S,325.51,100,16579
2026-09-25T17:32:19.101013+00:00,0,NVIDIA L40S,335.63,100,16579
2026-09-25T17:32:24.126443+00:00,0,NVIDIA L40S,336.04,100,16579
2026-09-25T17:32:29.155519+00:00,0,NVIDIA L40S,332.47,100,16579
2026-09-25T17:32:34.184511+00:00,0,NVIDIA L40S,335.16,100,16579
2026-09-25T17:32:39.215241+00:00,0,NVIDIA L40S,332.88,100,16579
2026-09-25T17:32:44.245445+00:00,0,NVIDIA L40S,335.94,100,16579
2026-09-25T17:32:49.275635+00:00,0,NVIDIA L40S,326.88,100,16579
2026-09-25T17:32:54.305471+00:00,0,NVIDIA L40S,332.98,100,16579
2026-09-25T17:32:59.337848+00:00,0,NVIDIA L40S,335.57,100,16579
2026-09-25T17:33:04.369738+00:00,0,NVIDIA L40S,335.74,100,16579
2026-09-25T17:33:09.403970+00:00,0,NVIDIA L40S,338.51,100,16579
2026-09-25T17:33:14.434384+00:00,0,NVIDIA L40S,335.73,100,16579
2026-09-25T17:33:19.464220+00:00,0,NVIDIA L40S,337.65,100,16579
2026-09-25T17:33:24.495042+00:00,0,NVIDIA L40S,329.46,100,16579
2026-09-25T17:33:29.527145+00:00,0,NVIDIA L40S,336.95,100,16579
2026-09-25T17:33:34.557241+00:00,0,NVIDIA L40S,334.89,100,16579
2026-09-25T17:33:39.588197+00:00,0,NVIDIA L40S,332.66,100,16579
2026-09-25T17:33:44.616883+00:00,0,NVIDIA L40S,335.99,99,16579
2026-09-25T17:33:49.647180+00:00,0,NVIDIA L40S,331.50,100,16579
2026-09-25T17:33:54.676219+00:00,0,NVIDIA L40S,336.80,100,16579
2026-09-25T17:33:59.705790+00:00,0,NVIDIA L40S,331.72,100,16579
2026-09-25T17:34:04.734989+00:00,0,NVIDIA L40S,333.71,100,16579
2026-09-25T17:34:09.761288+00:00,0,NVIDIA L40S,325.65,100,16579
2026-09-25T17:34:14.792101+00:00,0,NVIDIA L40S,336.19,100,16579
2026-09-25T17:34:19.823068+00:00,0,NVIDIA L40S,336.99,100,16579
2026-09-25T17:34:24.853591+00:00,0,NVIDIA L40S,332.99,100,16579
2026-09-25T17:34:29.883757+00:00,0,NVIDIA L40S,336.97,100,16579
2026-09-25T17:34:34.914001+00:00,0,NVIDIA L40S,326.88,100,16579
2026-09-25T17:34:39.944317+00:00,0,NVIDIA L40S,331.36,100,16579
2026-09-25T17:34:44.972007+00:00,0,NVIDIA L40S,330.77,100,16579
2026-09-25T17:34:49.999676+00:00,0,NVIDIA L40S,334.03,100,16579
2026-09-25T17:34:55.027540+00:00,0,NVIDIA L40S,334.32,100,16579
2026-09-25T17:35:00.057996+00:00,0,NVIDIA L40S,333.31,99,16579
2026-09-25T17:35:05.088820+00:00,0,NVIDIA L40S,335.68,100,16579
2026-09-25T17:35:10.119450+00:00,0,NVIDIA L40S,329.19,100,16579
2026-09-25T17:35:15.149250+00:00,0,NVIDIA L40S,330.86,100,16579
2026-09-25T17:35:20.180294+00:00,0,NVIDIA L40S,332.82,100,16579
2026-09-25T17:35:25.212610+00:00,0,NVIDIA L40S,329.90,100,16579
2026-09-25T17:35:30.244599+00:00,0,NVIDIA L40S,331.90,100,16579
2026-09-25T17:35:35.276755+00:00,0,NVIDIA L40S,336.78,100,16579
2026-09-25T17:35:40.307927+00:00,0,NVIDIA L40S,336.23,100,16579
2026-09-25T17:35:45.338462+00:00,0,NVIDIA L40S,338.23,100,16579
2026-09-25T17:35:50.371723+00:00,0,NVIDIA L40S,332.04,100,16579
2026-09-25T17:35:55.402241+00:00,0,NVIDIA L40S,330.95,100,16579
2026-09-25T17:36:00.431488+00:00,0,NVIDIA L40S,333.45,100,16579
2026-09-25T17:36:05.462406+00:00,0,NVIDIA L40S,331.84,99,16579
2026-09-25T17:36:10.493153+00:00,0,NVIDIA L40S,338.43,100,16579
2026-09-25T17:36:15.522695+00:00,0,NVIDIA L40S,334.89,99,16579
2026-09-25T17:36:20.549101+00:00,0,NVIDIA L40S,338.26,100,16579
2026-09-25T17:36:25.579307+00:00,0,NVIDIA L40S,334.19,100,16579
2026-09-25T17:36:30.612589+00:00,0,NVIDIA L40S,330.89,99,16579
2026-09-25T17:36:35.648345+00:00,0,NVIDIA L40S,333.07,100,16579
2026-09-25T17:36:40.682178+00:00,0,NVIDIA L40S,334.23,99,16579
2026-09-25T17:36:45.714133+00:00,0,NVIDIA L40S,333.40,100,16579
2026-09-25T17:36:50.744837+00:00,0,NVIDIA L40S,336.23,100,16579
2026-09-25T17:36:55.776120+00:00,0,NVIDIA L40S,329.93,100,16579
2026-09-25T17:37:00.806585+00:00,0,NVIDIA L40S,333.63,100,16579
2026-09-25T17:37:05.836258+00:00,0,NVIDIA L40S,328.58,100,16579
2026-09-25T17:37:10.865954+00:00,0,NVIDIA L40S,334.21,99,16579
2026-09-25T17:37:15.899732+00:00,0,NVIDIA L40S,330.63,100,16579
2026-09-25T17:37:20.933619+00:00,0,NVIDIA L40S,330.93,99,16579
2026-09-25T17:37:25.968161+00:00,0,NVIDIA L40S,338.37,100,16579
2026-09-25T17:37:30.998897+00:00,0,NVIDIA L40S,336.86,100,16579
2026-09-25T17:37:36.028446+00:00,0,NVIDIA L40S,338.54,100,16579
2026-09-25T17:37:41.059594+00:00,0,NVIDIA L40S,341.11,100,16579
2026-09-25T17:37:46.091051+00:00,0,NVIDIA L40S,336.34,100,16579
2026-09-25T17:37:51.121508+00:00,0,NVIDIA L40S,341.84,99,16579
2026-09-25T17:37:56.153542+00:00,0,NVIDIA L40S,342.13,99,16579
2026-09-25T17:38:01.184175+00:00,0,NVIDIA L40S,341.94,100,16579
2026-09-25T17:38:06.212725+00:00,0,NVIDIA L40S,340.88,100,16579
2026-09-25T17:38:11.244056+00:00,0,NVIDIA L40S,341.41,100,16579
2026-09-25T17:38:16.275502+00:00,0,NVIDIA L40S,341.54,100,16579
2026-09-25T17:38:21.305346+00:00,0,NVIDIA L40S,339.62,99,16579
2026-09-25T17:38:26.334605+00:00,0,NVIDIA L40S,338.71,100,16579
2026-09-25T17:38:31.363164+00:00,0,NVIDIA L40S,338.74,100,16579
2026-09-25T17:38:36.393786+00:00,0,NVIDIA L40S,333.60,99,16579
2026-09-25T17:38:41.425931+00:00,0,NVIDIA L40S,336.68,100,16579
2026-09-25T17:38:46.456822+00:00,0,NVIDIA L40S,341.98,99,16579
2026-09-25T17:38:51.487867+00:00,0,NVIDIA L40S,337.09,100,16579
2026-09-25T17:38:56.515091+00:00,0,NVIDIA L40S,335.15,100,16579
2026-09-25T17:39:01.545999+00:00,0,NVIDIA L40S,341.62,99,16579
2026-09-25T17:39:06.576873+00:00,0,NVIDIA L40S,341.89,100,16579
2026-09-25T17:39:11.608938+00:00,0,NVIDIA L40S,335.25,100,16579
2026-09-25T17:39:16.641570+00:00,0,NVIDIA L40S,334.54,100,16579
2026-09-25T17:39:21.672990+00:00,0,NVIDIA L40S,339.84,100,16579
2026-09-25T17:39:26.702579+00:00,0,NVIDIA L40S,340.61,100,16579
2026-09-25T17:39:31.735251+00:00,0,NVIDIA L40S,341.19,100,16579
2026-09-25T17:39:36.765543+00:00,0,NVIDIA L40S,343.06,100,16579
2026-09-25T17:39:41.797348+00:00,0,NVIDIA L40S,337.24,100,16579
2026-09-25T17:39:46.827563+00:00,0,NVIDIA L40S,341.09,100,16579
2026-09-25T17:39:51.858090+00:00,0,NVIDIA L40S,342.83,100,16579
2026-09-25T17:39:56.887707+00:00,0,NVIDIA L40S,334.95,99,16579
2026-09-25T17:40:01.918296+00:00,0,NVIDIA L40S,341.96,100,16579
2026-09-25T17:40:06.947640+00:00,0,NVIDIA L40S,336.82,100,16579
2026-09-25T17:40:11.977176+00:00,0,NVIDIA L40S,339.42,100,16579
2026-09-25T17:40:17.006297+00:00,0,NVIDIA L40S,341.89,100,16579
2026-09-25T17:40:22.033336+00:00,0,NVIDIA L40S,338.48,100,16579
2026-09-25T17:40:27.064895+00:00,0,NVIDIA L40S,339.26,100,16579
2026-09-25T17:40:32.096939+00:00,0,NVIDIA L40S,341.25,100,16579
2026-09-25T17:40:37.128411+00:00,0,NVIDIA L40S,339.86,100,16579
2026-09-25T17:40:42.159383+00:00,0,NVIDIA L40S,333.98,100,16579
2026-09-25T17:40:47.189114+00:00,0,NVIDIA L40S,340.79,99,16579
2026-09-25T17:40:52.220670+00:00,0,NVIDIA L40S,339.38,100,16579
2026-09-25T17:40:57.250147+00:00,0,NVIDIA L40S,341.13,100,16579
2026-09-25T17:41:02.279003+00:00,0,NVIDIA L40S,338.51,100,16579
2026-09-25T17:41:07.309508+00:00,0,NVIDIA L40S,344.30,100,16579
2026-09-25T17:41:12.340298+00:00,0,NVIDIA L40S,336.34,99,16579
2026-09-25T17:41:17.370660+00:00,0,NVIDIA L40S,339.54,99,16579
2026-09-25T17:41:22.400189+00:00,0,NVIDIA L40S,337.81,100,16579
2026-09-25T17:41:27.430112+00:00,0,NVIDIA L40S,337.30,100,16579
2026-09-25T17:41:32.460327+00:00,0,NVIDIA L40S,345.34,100,16579
2026-09-25T17:41:37.486443+00:00,0,NVIDIA L40S,342.33,100,16579
2026-09-25T17:41:42.517950+00:00,0,NVIDIA L40S,343.89,100,16579
2026-09-25T17:41:47.548461+00:00,0,NVIDIA L40S,338.66,100,16579
2026-09-25T17:41:52.581995+00:00,0,NVIDIA L40S,334.67,100,16579
2026-09-25T17:41:57.613462+00:00,0,NVIDIA L40S,339.17,100,16579
2026-09-25T17:42:02.643881+00:00,0,NVIDIA L40S,333.51,100,16579
2026-09-25T17:42:07.673199+00:00,0,NVIDIA L40S,344.33,100,16579
2026-09-25T17:42:12.703924+00:00,0,NVIDIA L40S,338.58,100,16579
2026-09-25T17:42:17.735148+00:00,0,NVIDIA L40S,336.30,100,16579
2026-09-25T17:42:22.766481+00:00,0,NVIDIA L40S,338.82,100,16579
2026-09-25T17:42:27.797832+00:00,0,NVIDIA L40S,336.03,100,16579
2026-09-25T17:42:32.827886+00:00,0,NVIDIA L40S,338.69,99,16579
2026-09-25T17:42:37.861594+00:00,0,NVIDIA L40S,338.77,99,16579
2026-09-25T17:42:42.892275+00:00,0,NVIDIA L40S,340.75,99,16579
2026-09-25T17:42:47.920243+00:00,0,NVIDIA L40S,336.53,99,16579
2026-09-25T17:42:52.951596+00:00,0,NVIDIA L40S,331.91,100,16579
2026-09-25T17:42:57.981729+00:00,0,NVIDIA L40S,337.47,99,16579
2026-09-25T17:43:03.012135+00:00,0,NVIDIA L40S,337.60,100,16579
2026-09-25T17:43:08.047729+00:00,0,NVIDIA L40S,344.21,100,16579
2026-09-25T17:43:13.080464+00:00,0,NVIDIA L40S,337.55,100,16579
2026-09-25T17:43:18.110487+00:00,0,NVIDIA L40S,336.07,100,16579
2026-09-25T17:43:23.139418+00:00,0,NVIDIA L40S,332.90,100,16579
2026-09-25T17:43:28.169612+00:00,0,NVIDIA L40S,338.66,99,16579
2026-09-25T17:43:33.197335+00:00,0,NVIDIA L40S,338.85,100,16579
2026-09-25T17:43:38.227481+00:00,0,NVIDIA L40S,337.83,100,16579
2026-09-25T17:43:43.258649+00:00,0,NVIDIA L40S,342.37,100,16579
2026-09-25T17:43:48.288680+00:00,0,NVIDIA L40S,333.69,100,16579
2026-09-25T17:43:53.319753+00:00,0,NVIDIA L40S,329.75,100,16579
2026-09-25T17:43:58.350129+00:00,0,NVIDIA L40S,337.10,99,16579
2026-09-25T17:44:03.379389+00:00,0,NVIDIA L40S,332.46,100,16579
2026-09-25T17:44:08.412591+00:00,0,NVIDIA L40S,344.00,100,16579
2026-09-25T17:44:13.443805+00:00,0,NVIDIA L40S,338.41,100,16579
2026-09-25T17:44:18.474197+00:00,0,NVIDIA L40S,339.88,100,16579
2026-09-25T17:44:23.504507+00:00,0,NVIDIA L40S,336.23,100,16579
2026-09-25T17:44:28.533345+00:00,0,NVIDIA L40S,333.61,99,16579
2026-09-25T17:44:33.563461+00:00,0,NVIDIA L40S,340.03,99,16579
2026-09-25T17:44:38.592140+00:00,0,NVIDIA L40S,335.96,100,16579
2026-09-25T17:44:43.622602+00:00,0,NVIDIA L40S,339.39,100,16579
2026-09-25T17:44:48.651979+00:00,0,NVIDIA L40S,333.61,100,16579
2026-09-25T17:44:53.679074+00:00,0,NVIDIA L40S,342.51,100,16579
2026-09-25T17:44:58.708868+00:00,0,NVIDIA L40S,332.82,100,16579
2026-09-25T17:45:03.742313+00:00,0,NVIDIA L40S,339.57,100,16579
2026-09-25T17:45:08.771887+00:00,0,NVIDIA L40S,338.01,100,16579
2026-09-25T17:45:13.803511+00:00,0,NVIDIA L40S,333.60,100,16579
2026-09-25T17:45:18.834700+00:00,0,NVIDIA L40S,338.60,100,16579
2026-09-25T17:45:23.866155+00:00,0,NVIDIA L40S,338.55,100,16579
2026-09-25T17:45:28.896682+00:00,0,NVIDIA L40S,336.40,100,16579
2026-09-25T17:45:33.927093+00:00,0,NVIDIA L40S,335.27,100,16579
2026-09-25T17:45:38.957140+00:00,0,NVIDIA L40S,341.41,100,16579
2026-09-25T17:45:43.989388+00:00,0,NVIDIA L40S,336.94,100,16579
2026-09-25T17:45:49.017955+00:00,0,NVIDIA L40S,328.95,100,16579
2026-09-25T17:45:54.050711+00:00,0,NVIDIA L40S,332.14,100,16579
2026-09-25T17:45:59.079309+00:00,0,NVIDIA L40S,335.84,99,16579
2026-09-25T17:46:04.109476+00:00,0,NVIDIA L40S,336.54,100,16579
2026-09-25T17:46:09.137928+00:00,0,NVIDIA L40S,335.94,100,16579
2026-09-25T17:46:14.165868+00:00,0,NVIDIA L40S,343.82,100,16579
2026-09-25T17:46:19.194321+00:00,0,NVIDIA L40S,161.82,100,16579
2026-09-25T17:46:24.224405+00:00,0,NVIDIA L40S,334.05,100,16579
2026-09-25T17:46:29.255483+00:00,0,NVIDIA L40S,337.43,100,16579
2026-09-25T17:46:34.286684+00:00,0,NVIDIA L40S,338.86,99,16579
2026-09-25T17:46:39.318161+00:00,0,NVIDIA L40S,338.90,99,16579
2026-09-25T17:46:44.348816+00:00,0,NVIDIA L40S,338.69,99,16579
2026-09-25T17:46:49.380002+00:00,0,NVIDIA L40S,339.61,100,16579
2026-09-25T17:46:54.410202+00:00,0,NVIDIA L40S,336.87,100,16579
2026-09-25T17:46:59.438425+00:00,0,NVIDIA L40S,339.19,100,16579
2026-09-25T17:47:04.467640+00:00,0,NVIDIA L40S,338.56,100,16579
2026-09-25T17:47:09.496253+00:00,0,NVIDIA L40S,338.98,100,16579
2026-09-25T17:47:14.526362+00:00,0,NVIDIA L40S,339.66,100,16579
2026-09-25T17:47:19.556806+00:00,0,NVIDIA L40S,338.14,100,16579
2026-09-25T17:47:24.586314+00:00,0,NVIDIA L40S,340.29,100,16579
2026-09-25T17:47:29.619450+00:00,0,NVIDIA L40S,342.55,100,16579
2026-09-25T17:47:34.650112+00:00,0,NVIDIA L40S,339.08,100,16579
2026-09-25T17:47:39.679313+00:00,0,NVIDIA L40S,344.33,100,16579
2026-09-25T17:47:44.710486+00:00,0,NVIDIA L40S,340.57,100,16579
2026-09-25T17:47:49.740848+00:00,0,NVIDIA L40S,339.06,100,16579
2026-09-25T17:47:54.772501+00:00,0,NVIDIA L40S,334.89,100,16579
2026-09-25T17:47:59.804865+00:00,0,NVIDIA L40S,340.27,100,16579
2026-09-25T17:48:04.834511+00:00,0,NVIDIA L40S,340.66,100,16579
2026-09-25T17:48:09.863687+00:00,0,NVIDIA L40S,337.23,100,16579
2026-09-25T17:48:14.894101+00:00,0,NVIDIA L40S,343.93,100,16579
2026-09-25T17:48:19.924448+00:00,0,NVIDIA L40S,337.49,100,16579
2026-09-25T17:48:24.954335+00:00,0,NVIDIA L40S,338.27,100,16579
2026-09-25T17:48:29.983888+00:00,0,NVIDIA L40S,340.73,100,16579
2026-09-25T17:48:35.012408+00:00,0,NVIDIA L40S,337.82,100,16579
2026-09-25T17:48:40.043472+00:00,0,NVIDIA L40S,342.88,100,16579
2026-09-25T17:48:45.073127+00:00,0,NVIDIA L40S,339.39,100,16579
2026-09-25T17:48:50.103352+00:00,0,NVIDIA L40S,342.18,100,16579
2026-09-25T17:48:55.133558+00:00,0,NVIDIA L40S,339.05,100,16579
2026-09-25T17:49:00.164693+00:00,0,NVIDIA L40S,338.02,100,16579
2026-09-25T17:49:05.195411+00:00,0,NVIDIA L40S,338.21,100,16579
2026-09-25T17:49:10.228112+00:00,0,NVIDIA L40S,339.23,100,16579
2026-09-25T17:49:15.254900+00:00,0,NVIDIA L40S,242.52,100,16579
2026-09-25T17:49:20.282012+00:00,0,NVIDIA L40S,342.13,100,16579
2026-09-25T17:49:25.311676+00:00,0,NVIDIA L40S,339.50,100,16579
2026-09-25T17:49:30.341204+00:00,0,NVIDIA L40S,339.64,100,16579
2026-09-25T17:49:35.370227+00:00,0,NVIDIA L40S,346.08,100,16579
2026-09-25T17:49:40.397991+00:00,0,NVIDIA L40S,338.22,100,16579
2026-09-25T17:49:45.427965+00:00,0,NVIDIA L40S,340.56,100,16579
2026-09-25T17:49:50.458536+00:00,0,NVIDIA L40S,345.64,100,16579
2026-09-25T17:49:55.490591+00:00,0,NVIDIA L40S,339.17,100,16579
2026-09-25T17:50:00.522233+00:00,0,NVIDIA L40S,344.28,99,16579
2026-09-25T17:50:05.551942+00:00,0,NVIDIA L40S,341.38,100,16579
2026-09-25T17:50:10.582658+00:00,0,NVIDIA L40S,338.42,100,16579
2026-09-25T17:50:15.611654+00:00,0,NVIDIA L40S,339.62,100,16579
2026-09-25T17:50:20.643106+00:00,0,NVIDIA L40S,339.16,100,16579
2026-09-25T17:50:25.671858+00:00,0,NVIDIA L40S,339.70,100,16579
2026-09-25T17:50:30.703568+00:00,0,NVIDIA L40S,341.73,99,16579
2026-09-25T17:50:35.732625+00:00,0,NVIDIA L40S,341.38,99,16579
2026-09-25T17:50:40.758253+00:00,0,NVIDIA L40S,339.51,100,16579
2026-09-25T17:50:45.785880+00:00,0,NVIDIA L40S,340.97,100,16579
2026-09-25T17:50:50.815348+00:00,0,NVIDIA L40S,341.02,100,16579
2026-09-25T17:50:55.849926+00:00,0,NVIDIA L40S,336.08,100,16579
2026-09-25T17:51:00.882673+00:00,0,NVIDIA L40S,340.97,100,16579
2026-09-25T17:51:05.917614+00:00,0,NVIDIA L40S,336.04,100,16579
2026-09-25T17:51:10.950838+00:00,0,NVIDIA L40S,334.45,100,16579
2026-09-25T17:51:15.982359+00:00,0,NVIDIA L40S,334.53,100,16579
2026-09-25T17:51:21.015116+00:00,0,NVIDIA L40S,339.87,100,16579
2026-09-25T17:51:26.047577+00:00,0,NVIDIA L40S,339.08,100,16579
2026-09-25T17:51:31.077525+00:00,0,NVIDIA L40S,338.28,100,16579
2026-09-25T17:51:36.106875+00:00,0,NVIDIA L40S,332.84,100,16579
2026-09-25T17:51:41.135699+00:00,0,NVIDIA L40S,341.46,99,16579
2026-09-25T17:51:46.165447+00:00,0,NVIDIA L40S,334.37,99,16579
2026-09-25T17:51:51.200330+00:00,0,NVIDIA L40S,341.13,100,16579
2026-09-25T17:51:56.231057+00:00,0,NVIDIA L40S,336.12,99,16579
2026-09-25T17:52:01.260078+00:00,0,NVIDIA L40S,340.07,100,16579
2026-09-25T17:52:06.288554+00:00,0,NVIDIA L40S,341.82,100,16579
2026-09-25T17:52:11.318175+00:00,0,NVIDIA L40S,257.58,100,16579
2026-09-25T17:52:16.348158+00:00,0,NVIDIA L40S,335.27,100,16579
2026-09-25T17:52:21.377415+00:00,0,NVIDIA L40S,332.15,99,16579
2026-09-25T17:52:26.408616+00:00,0,NVIDIA L40S,334.41,99,16579
2026-09-25T17:52:31.438765+00:00,0,NVIDIA L40S,335.95,99,16579
2026-09-25T17:52:36.461489+00:00,0,NVIDIA L40S,333.04,100,16579
2026-09-25T17:52:41.490960+00:00,0,NVIDIA L40S,333.35,100,16579
2026-09-25T17:52:46.521885+00:00,0,NVIDIA L40S,332.62,100,16579
2026-09-25T17:52:51.551174+00:00,0,NVIDIA L40S,332.80,100,16579
2026-09-25T17:52:56.581054+00:00,0,NVIDIA L40S,340.71,100,16579
2026-09-25T17:53:01.611685+00:00,0,NVIDIA L40S,333.76,100,16579
2026-09-25T17:53:06.641130+00:00,0,NVIDIA L40S,335.26,100,16579
2026-09-25T17:53:11.671020+00:00,0,NVIDIA L40S,336.76,100,16579
2026-09-25T17:53:16.701000+00:00,0,NVIDIA L40S,337.54,100,16579
2026-09-25T17:53:21.730986+00:00,0,NVIDIA L40S,327.83,100,16579
2026-09-25T17:53:26.762125+00:00,0,NVIDIA L40S,331.94,99,16579
2026-09-25T17:53:31.792280+00:00,0,NVIDIA L40S,338.11,100,16579
2026-09-25T17:53:36.822006+00:00,0,NVIDIA L40S,330.21,100,16579
2026-09-25T17:53:41.852947+00:00,0,NVIDIA L40S,336.41,100,16579
2026-09-25T17:53:46.882152+00:00,0,NVIDIA L40S,337.15,100,16579
2026-09-25T17:53:51.911821+00:00,0,NVIDIA L40S,335.55,100,16579
2026-09-25T17:53:56.939184+00:00,0,NVIDIA L40S,323.99,100,16579
2026-09-25T17:54:01.967988+00:00,0,NVIDIA L40S,332.96,100,16579
2026-09-25T17:54:06.996285+00:00,0,NVIDIA L40S,332.60,100,16579
2026-09-25T17:54:12.023816+00:00,0,NVIDIA L40S,332.70,100,16579
2026-09-25T17:54:17.053568+00:00,0,NVIDIA L40S,335.24,99,16579
2026-09-25T17:54:22.084730+00:00,0,NVIDIA L40S,335.78,100,16579
2026-09-25T17:54:27.118935+00:00,0,NVIDIA L40S,334.37,100,16579
2026-09-25T17:54:32.152744+00:00,0,NVIDIA L40S,333.99,99,16579
2026-09-25T17:54:37.183138+00:00,0,NVIDIA L40S,331.87,100,16579
2026-09-25T17:54:42.213699+00:00,0,NVIDIA L40S,326.15,100,16579
2026-09-25T17:54:47.246896+00:00,0,NVIDIA L40S,334.21,100,16579
2026-09-25T17:54:52.279609+00:00,0,NVIDIA L40S,336.81,100,16579
2026-09-25T17:54:57.313827+00:00,0,NVIDIA L40S,335.91,99,16579
2026-09-25T17:55:02.347572+00:00,0,NVIDIA L40S,335.55,100,16579
2026-09-25T17:55:07.377164+00:00,0,NVIDIA L40S,178.98,27,16579
2026-09-25T17:55:12.407991+00:00,0,NVIDIA L40S,341.78,100,16579
2026-09-25T17:55:17.437476+00:00,0,NVIDIA L40S,336.48,100,16579
2026-09-25T17:55:22.468376+00:00,0,NVIDIA L40S,337.59,100,16579
2026-09-25T17:55:27.495491+00:00,0,NVIDIA L40S,342.64,100,16579
2026-09-25T17:55:32.524774+00:00,0,NVIDIA L40S,340.72,100,16579
2026-09-25T17:55:37.554735+00:00,0,NVIDIA L40S,343.68,100,16579
2026-09-25T17:55:42.584944+00:00,0,NVIDIA L40S,336.56,100,16579
2026-09-25T17:55:47.614747+00:00,0,NVIDIA L40S,338.24,99,16579
2026-09-25T17:55:52.644378+00:00,0,NVIDIA L40S,335.10,100,16579
2026-09-25T17:55:57.674619+00:00,0,NVIDIA L40S,340.62,99,16579
2026-09-25T17:56:02.702734+00:00,0,NVIDIA L40S,336.57,100,16579
2026-09-25T17:56:07.734681+00:00,0,NVIDIA L40S,336.94,99,16579
2026-09-25T17:56:12.768128+00:00,0,NVIDIA L40S,332.33,99,16579
2026-09-25T17:56:17.801646+00:00,0,NVIDIA L40S,337.06,100,16579
2026-09-25T17:56:22.832058+00:00,0,NVIDIA L40S,340.86,100,16579
2026-09-25T17:56:27.862577+00:00,0,NVIDIA L40S,340.86,100,16579
2026-09-25T17:56:32.892225+00:00,0,NVIDIA L40S,340.06,100,16579
2026-09-25T17:56:37.924010+00:00,0,NVIDIA L40S,337.42,100,16579
2026-09-25T17:56:42.954067+00:00,0,NVIDIA L40S,335.70,100,16579
2026-09-25T17:56:47.984006+00:00,0,NVIDIA L40S,333.38,100,16579
2026-09-25T17:56:53.015082+00:00,0,NVIDIA L40S,340.95,100,16579
2026-09-25T17:56:58.044565+00:00,0,NVIDIA L40S,337.55,100,16579
2026-09-25T17:57:03.073921+00:00,0,NVIDIA L40S,337.44,100,16579
2026-09-25T17:57:08.104465+00:00,0,NVIDIA L40S,341.20,100,16579
2026-09-25T17:57:13.136710+00:00,0,NVIDIA L40S,332.64,100,16579
2026-09-25T17:57:18.168288+00:00,0,NVIDIA L40S,341.35,100,16579
2026-09-25T17:57:23.198147+00:00,0,NVIDIA L40S,340.22,100,16579
2026-09-25T17:57:28.229045+00:00,0,NVIDIA L40S,335.49,99,16579
2026-09-25T17:57:33.255553+00:00,0,NVIDIA L40S,333.14,100,16579
2026-09-25T17:57:38.281926+00:00,0,NVIDIA L40S,335.34,100,16579
2026-09-25T17:57:43.312449+00:00,0,NVIDIA L40S,336.86,99,16579
2026-09-25T17:57:48.339112+00:00,0,NVIDIA L40S,339.22,100,16579
2026-09-25T17:57:53.367350+00:00,0,NVIDIA L40S,340.66,100,16579
2026-09-25T17:57:58.397665+00:00,0,NVIDIA L40S,346.93,100,16579
2026-09-25T17:58:03.427252+00:00,0,NVIDIA L40S,336.85,100,16579
2026-09-25T17:58:08.456363+00:00,0,NVIDIA L40S,332.37,99,16579
2026-09-25T17:58:13.485828+00:00,0,NVIDIA L40S,337.32,100,16579
2026-09-25T17:58:18.514535+00:00,0,NVIDIA L40S,333.95,100,16579
2026-09-25T17:58:23.545211+00:00,0,NVIDIA L40S,337.11,100,16579
2026-09-25T17:58:28.574558+00:00,0,NVIDIA L40S,332.33,100,16579
2026-09-25T17:58:33.602503+00:00,0,NVIDIA L40S,339.48,100,16579
2026-09-25T17:58:38.630304+00:00,0,NVIDIA L40S,338.51,100,16579
2026-09-25T17:58:43.661035+00:00,0,NVIDIA L40S,329.38,100,16579
2026-09-25T17:58:48.692356+00:00,0,NVIDIA L40S,335.78,100,16579
2026-09-25T17:58:53.721635+00:00,0,NVIDIA L40S,333.83,100,16579
2026-09-25T17:58:58.754927+00:00,0,NVIDIA L40S,338.44,100,16579
2026-09-25T17:59:03.786380+00:00,0,NVIDIA L40S,335.49,100,16579
2026-09-25T17:59:08.818537+00:00,0,NVIDIA L40S,343.90,100,16579
2026-09-25T17:59:13.849622+00:00,0,NVIDIA L40S,336.94,100,16579
2026-09-25T17:59:18.881452+00:00,0,NVIDIA L40S,340.68,100,16579
2026-09-25T17:59:23.912731+00:00,0,NVIDIA L40S,335.22,100,16579
2026-09-25T17:59:28.947346+00:00,0,NVIDIA L40S,337.59,100,16579
2026-09-25T17:59:33.978042+00:00,0,NVIDIA L40S,337.98,100,16579
2026-09-25T17:59:39.009121+00:00,0,NVIDIA L40S,333.89,100,16579
2026-09-25T17:59:44.040005+00:00,0,NVIDIA L40S,332.74,100,16579
2026-09-25T17:59:49.070657+00:00,0,NVIDIA L40S,336.23,100,16579
2026-09-25T17:59:54.101199+00:00,0,NVIDIA L40S,344.19,100,16579
2026-09-25T17:59:59.132956+00:00,0,NVIDIA L40S,335.52,100,16579
2026-09-25T18:00:04.165003+00:00,0,NVIDIA L40S,337.10,100,16579
2026-09-25T18:00:09.194751+00:00,0,NVIDIA L40S,338.32,100,16579
2026-09-25T18:00:14.224870+00:00,0,NVIDIA L40S,334.97,100,16579
2026-09-25T18:00:19.255680+00:00,0,NVIDIA L40S,334.67,100,16579
2026-09-25T18:00:24.285991+00:00,0,NVIDIA L40S,334.49,100,16579
2026-09-25T18:00:29.314231+00:00,0,NVIDIA L40S,330.43,99,16579
2026-09-25T18:00:34.342339+00:00,0,NVIDIA L40S,336.56,100,16579
2026-09-25T18:00:39.371968+00:00,0,NVIDIA L40S,334.10,100,16579
2026-09-25T18:00:44.401849+00:00,0,NVIDIA L40S,331.51,100,16579
2026-09-25T18:00:49.431336+00:00,0,NVIDIA L40S,336.31,100,16579
2026-09-25T18:00:54.461725+00:00,0,NVIDIA L40S,331.99,100,16579
2026-09-25T18:00:59.490773+00:00,0,NVIDIA L40S,332.39,100,16579
2026-09-25T18:01:04.520650+00:00,0,NVIDIA L40S,334.40,100,16579
2026-09-25T18:01:09.548685+00:00,0,NVIDIA L40S,332.65,100,16579
2026-09-25T18:01:14.577085+00:00,0,NVIDIA L40S,334.99,100,16579
2026-09-25T18:01:19.608052+00:00,0,NVIDIA L40S,342.62,100,16579
2026-09-25T18:01:24.635715+00:00,0,NVIDIA L40S,339.65,100,16579
2026-09-25T18:01:29.663153+00:00,0,NVIDIA L40S,337.31,100,16579
2026-09-25T18:01:34.691241+00:00,0,NVIDIA L40S,339.91,100,16579
2026-09-25T18:01:39.717032+00:00,0,NVIDIA L40S,333.47,100,16579
2026-09-25T18:01:44.746288+00:00,0,NVIDIA L40S,341.99,100,16579
2026-09-25T18:01:49.776629+00:00,0,NVIDIA L40S,333.70,100,16579
2026-09-25T18:01:54.805229+00:00,0,NVIDIA L40S,338.96,100,16579
2026-09-25T18:01:59.835290+00:00,0,NVIDIA L40S,336.88,100,16579
2026-09-25T18:02:04.866572+00:00,0,NVIDIA L40S,339.39,100,16579
2026-09-25T18:02:09.897755+00:00,0,NVIDIA L40S,339.30,100,16579
2026-09-25T18:02:14.927566+00:00,0,NVIDIA L40S,346.62,100,16579
2026-09-25T18:02:19.957354+00:00,0,NVIDIA L40S,339.15,100,16579
2026-09-25T18:02:24.986705+00:00,0,NVIDIA L40S,337.46,99,16579
2026-09-25T18:02:30.020102+00:00,0,NVIDIA L40S,336.89,100,16579
2026-09-25T18:02:35.052360+00:00,0,NVIDIA L40S,335.24,100,16579
2026-09-25T18:02:40.081966+00:00,0,NVIDIA L40S,342.57,100,16579
2026-09-25T18:02:45.113313+00:00,0,NVIDIA L40S,334.26,100,16579
2026-09-25T18:02:50.145503+00:00,0,NVIDIA L40S,338.95,99,16579
2026-09-25T18:02:55.172472+00:00,0,NVIDIA L40S,337.87,99,16579
2026-09-25T18:03:00.205393+00:00,0,NVIDIA L40S,329.50,99,16579
2026-09-25T18:03:05.232088+00:00,0,NVIDIA L40S,336.81,100,16579
2026-09-25T18:03:10.261798+00:00,0,NVIDIA L40S,338.41,100,16579
2026-09-25T18:03:15.291637+00:00,0,NVIDIA L40S,340.22,99,16579
2026-09-25T18:03:20.322736+00:00,0,NVIDIA L40S,338.87,100,16579
2026-09-25T18:03:25.355055+00:00,0,NVIDIA L40S,332.20,100,16579
2026-09-25T18:03:30.385759+00:00,0,NVIDIA L40S,337.20,100,16579
2026-09-25T18:03:35.419775+00:00,0,NVIDIA L40S,333.90,100,16579
2026-09-25T18:03:40.452328+00:00,0,NVIDIA L40S,334.53,99,16579
2026-09-25T18:03:45.481960+00:00,0,NVIDIA L40S,337.80,100,16579
2026-09-25T18:03:50.512818+00:00,0,NVIDIA L40S,334.53,100,16579
2026-09-25T18:03:55.543463+00:00,0,NVIDIA L40S,338.65,100,16579
2026-09-25T18:04:00.570071+00:00,0,NVIDIA L40S,335.76,100,16579
2026-09-25T18:04:05.598481+00:00,0,NVIDIA L40S,339.40,100,16579
2026-09-25T18:04:10.626760+00:00,0,NVIDIA L40S,338.61,100,16579
2026-09-25T18:04:15.654956+00:00,0,NVIDIA L40S,332.27,100,16579
2026-09-25T18:04:20.685165+00:00,0,NVIDIA L40S,335.19,100,16579
2026-09-25T18:04:25.712935+00:00,0,NVIDIA L40S,338.53,100,16579
2026-09-25T18:04:30.743990+00:00,0,NVIDIA L40S,334.49,100,16579
2026-09-25T18:04:35.773935+00:00,0,NVIDIA L40S,338.66,99,16579
2026-09-25T18:04:40.804145+00:00,0,NVIDIA L40S,337.34,99,16579
2026-09-25T18:04:45.834807+00:00,0,NVIDIA L40S,338.45,100,16579
2026-09-25T18:04:50.865795+00:00,0,NVIDIA L40S,338.45,100,16579
2026-09-25T18:04:55.896202+00:00,0,NVIDIA L40S,340.15,100,16579
2026-09-25T18:05:00.927087+00:00,0,NVIDIA L40S,335.84,100,16579
2026-09-25T18:05:05.957129+00:00,0,NVIDIA L40S,341.24,100,16579
2026-09-25T18:05:10.986493+00:00,0,NVIDIA L40S,338.75,100,16579
2026-09-25T18:05:16.017493+00:00,0,NVIDIA L40S,337.61,100,16579
2026-09-25T18:05:21.047263+00:00,0,NVIDIA L40S,338.55,100,16579
2026-09-25T18:05:26.076878+00:00,0,NVIDIA L40S,336.06,100,16579
2026-09-25T18:05:31.106278+00:00,0,NVIDIA L40S,341.79,100,16579
2026-09-25T18:05:36.136003+00:00,0,NVIDIA L40S,341.01,100,16579
2026-09-25T18:05:41.162899+00:00,0,NVIDIA L40S,336.56,100,16579
2026-09-25T18:05:46.191061+00:00,0,NVIDIA L40S,341.66,100,16579
2026-09-25T18:05:51.222390+00:00,0,NVIDIA L40S,334.56,100,16579
2026-09-25T18:05:56.252265+00:00,0,NVIDIA L40S,343.04,100,16579
2026-09-25T18:06:01.283329+00:00,0,NVIDIA L40S,337.83,100,16579
2026-09-25T18:06:06.314703+00:00,0,NVIDIA L40S,340.33,100,16579
2026-09-25T18:06:11.345888+00:00,0,NVIDIA L40S,333.01,100,16579
2026-09-25T18:06:16.378036+00:00,0,NVIDIA L40S,331.63,100,16579
2026-09-25T18:06:21.409650+00:00,0,NVIDIA L40S,331.42,100,16579
2026-09-25T18:06:26.440315+00:00,0,NVIDIA L40S,335.62,100,16579
2026-09-25T18:06:31.470805+00:00,0,NVIDIA L40S,334.16,100,16579
2026-09-25T18:06:36.501089+00:00,0,NVIDIA L40S,338.86,100,16579
2026-09-25T18:06:41.533315+00:00,0,NVIDIA L40S,332.22,100,16579
2026-09-25T18:06:46.562081+00:00,0,NVIDIA L40S,338.53,99,16579
2026-09-25T18:06:51.590389+00:00,0,NVIDIA L40S,329.96,99,16579
2026-09-25T18:06:56.620047+00:00,0,NVIDIA L40S,339.92,100,16579
2026-09-25T18:07:01.650789+00:00,0,NVIDIA L40S,341.65,100,16579
2026-09-25T18:07:06.681193+00:00,0,NVIDIA L40S,341.54,100,16579
2026-09-25T18:07:11.710771+00:00,0,NVIDIA L40S,341.52,100,16579
2026-09-25T18:07:16.741445+00:00,0,NVIDIA L40S,345.09,100,16579
2026-09-25T18:07:21.771724+00:00,0,NVIDIA L40S,342.05,100,16579
2026-09-25T18:07:26.799414+00:00,0,NVIDIA L40S,345.13,100,16579
2026-09-25T18:07:31.831501+00:00,0,NVIDIA L40S,342.17,99,16579
2026-09-25T18:07:36.864327+00:00,0,NVIDIA L40S,341.20,99,16579
2026-09-25T18:07:41.896889+00:00,0,NVIDIA L40S,341.03,100,16579
2026-09-25T18:07:46.929367+00:00,0,NVIDIA L40S,337.30,100,16579
2026-09-25T18:07:51.963078+00:00,0,NVIDIA L40S,335.50,100,16579
2026-09-25T18:07:56.993888+00:00,0,NVIDIA L40S,338.57,100,16579
2026-09-25T18:08:02.023954+00:00,0,NVIDIA L40S,342.91,100,16579
2026-09-25T18:08:07.054651+00:00,0,NVIDIA L40S,340.40,100,16579
2026-09-25T18:08:12.084160+00:00,0,NVIDIA L40S,342.96,100,16579
2026-09-25T18:08:17.113366+00:00,0,NVIDIA L40S,343.42,100,16579
2026-09-25T18:08:22.141271+00:00,0,NVIDIA L40S,343.23,100,16579
2026-09-25T18:08:27.172166+00:00,0,NVIDIA L40S,341.74,100,16579
2026-09-25T18:08:32.204615+00:00,0,NVIDIA L40S,344.79,99,16579
2026-09-25T18:08:37.238369+00:00,0,NVIDIA L40S,339.58,100,16579
2026-09-25T18:08:42.274073+00:00,0,NVIDIA L40S,342.46,100,16579
2026-09-25T18:08:47.306196+00:00,0,NVIDIA L40S,340.09,100,16579
2026-09-25T18:08:52.338826+00:00,0,NVIDIA L40S,341.90,99,16579
2026-09-25T18:08:57.369853+00:00,0,NVIDIA L40S,344.62,100,16579
2026-09-25T18:09:02.399294+00:00,0,NVIDIA L40S,340.86,100,16579
2026-09-25T18:09:07.428932+00:00,0,NVIDIA L40S,345.41,100,16579
2026-09-25T18:09:12.460571+00:00,0,NVIDIA L40S,347.01,100,16579
2026-09-25T18:09:17.488880+00:00,0,NVIDIA L40S,343.28,100,16579
2026-09-25T18:09:22.519649+00:00,0,NVIDIA L40S,339.11,100,16579
2026-09-25T18:09:27.550020+00:00,0,NVIDIA L40S,343.17,100,16579
2026-09-25T18:09:32.580507+00:00,0,NVIDIA L40S,340.75,100,16579
2026-09-25T18:09:37.611105+00:00,0,NVIDIA L40S,341.22,100,16579
2026-09-25T18:09:42.641203+00:00,0,NVIDIA L40S,343.10,100,16579
2026-09-25T18:09:47.670399+00:00,0,NVIDIA L40S,332.43,100,16579
2026-09-25T18:09:52.700892+00:00,0,NVIDIA L40S,337.56,100,16579
2026-09-25T18:09:57.728665+00:00,0,NVIDIA L40S,336.50,100,16579
2026-09-25T18:10:02.758458+00:00,0,NVIDIA L40S,339.95,100,16579
2026-09-25T18:10:07.789493+00:00,0,NVIDIA L40S,340.12,100,16579
2026-09-25T18:10:12.817978+00:00,0,NVIDIA L40S,331.00,100,16579
2026-09-25T18:10:17.848343+00:00,0,NVIDIA L40S,338.28,100,16579
2026-09-25T18:10:22.880497+00:00,0,NVIDIA L40S,338.15,100,16579
2026-09-25T18:10:27.910652+00:00,0,NVIDIA L40S,332.58,100,16579
2026-09-25T18:10:32.941414+00:00,0,NVIDIA L40S,339.36,100,16579
2026-09-25T18:10:37.970222+00:00,0,NVIDIA L40S,336.43,100,16579
2026-09-25T18:10:43.001800+00:00,0,NVIDIA L40S,335.57,99,16579
2026-09-25T18:10:48.033969+00:00,0,NVIDIA L40S,326.99,99,16579
2026-09-25T18:10:53.064661+00:00,0,NVIDIA L40S,337.00,99,16579
2026-09-25T18:10:58.095897+00:00,0,NVIDIA L40S,338.28,99,16579
2026-09-25T18:11:03.127677+00:00,0,NVIDIA L40S,336.66,100,16579
2026-09-25T18:11:08.158521+00:00,0,NVIDIA L40S,338.64,100,16579
2026-09-25T18:11:13.188963+00:00,0,NVIDIA L40S,337.80,100,16579
2026-09-25T18:11:18.220964+00:00,0,NVIDIA L40S,335.61,100,16579
2026-09-25T18:11:23.252593+00:00,0,NVIDIA L40S,333.54,100,16579
2026-09-25T18:11:28.286386+00:00,0,NVIDIA L40S,337.93,100,16579
2026-09-25T18:11:33.317149+00:00,0,NVIDIA L40S,340.92,100,16579
2026-09-25T18:11:38.348314+00:00,0,NVIDIA L40S,335.99,100,16579
2026-09-25T18:11:43.382756+00:00,0,NVIDIA L40S,335.99,100,16579
2026-09-25T18:11:48.412587+00:00,0,NVIDIA L40S,336.40,100,16579
2026-09-25T18:11:53.445443+00:00,0,NVIDIA L40S,339.56,100,16579
2026-09-25T18:11:58.478021+00:00,0,NVIDIA L40S,327.50,100,16579
2026-09-25T18:12:03.511335+00:00,0,NVIDIA L40S,332.70,99,16579
2026-09-25T18:12:08.543865+00:00,0,NVIDIA L40S,334.24,100,16579
2026-09-25T18:12:13.576091+00:00,0,NVIDIA L40S,332.86,99,16579
2026-09-25T18:12:18.608125+00:00,0,NVIDIA L40S,337.37,99,16579
2026-09-25T18:12:23.636714+00:00,0,NVIDIA L40S,339.50,99,16579
2026-09-25T18:12:28.666798+00:00,0,NVIDIA L40S,339.43,100,16579
2026-09-25T18:12:33.695407+00:00,0,NVIDIA L40S,336.14,100,16579
2026-09-25T18:12:38.724019+00:00,0,NVIDIA L40S,334.35,100,16579
2026-09-25T18:12:43.753111+00:00,0,NVIDIA L40S,330.42,99,16579
2026-09-25T18:12:48.777553+00:00,0,NVIDIA L40S,96.64,8,16579
2026-09-25T18:12:53.808750+00:00,0,NVIDIA L40S,336.37,100,16579
2026-09-25T18:12:58.838616+00:00,0,NVIDIA L40S,335.09,100,16579
2026-09-25T18:13:03.870307+00:00,0,NVIDIA L40S,333.60,100,16579
2026-09-25T18:13:08.900053+00:00,0,NVIDIA L40S,336.87,100,16579
2026-09-25T18:13:13.929785+00:00,0,NVIDIA L40S,331.03,100,16579
2026-09-25T18:13:18.961130+00:00,0,NVIDIA L40S,330.94,100,16579
2026-09-25T18:13:23.991443+00:00,0,NVIDIA L40S,330.51,99,16579
2026-09-25T18:13:29.020068+00:00,0,NVIDIA L40S,330.77,100,16579
2026-09-25T18:13:34.049808+00:00,0,NVIDIA L40S,333.29,100,16579
2026-09-25T18:13:39.083480+00:00,0,NVIDIA L40S,341.18,99,16579
2026-09-25T18:13:44.115553+00:00,0,NVIDIA L40S,330.44,100,16579
2026-09-25T18:13:49.145807+00:00,0,NVIDIA L40S,339.48,100,16579
2026-09-25T18:13:54.175058+00:00,0,NVIDIA L40S,338.49,100,16579
2026-09-25T18:13:59.204286+00:00,0,NVIDIA L40S,338.00,99,16579
2026-09-25T18:14:04.235429+00:00,0,NVIDIA L40S,334.33,99,16579
2026-09-25T18:14:09.266029+00:00,0,NVIDIA L40S,332.38,99,16579
2026-09-25T18:14:14.296858+00:00,0,NVIDIA L40S,333.35,99,16579
2026-09-25T18:14:19.328177+00:00,0,NVIDIA L40S,339.55,100,16579
2026-09-25T18:14:24.359631+00:00,0,NVIDIA L40S,334.71,100,16579
2026-09-25T18:14:29.388899+00:00,0,NVIDIA L40S,337.31,100,16579
2026-09-25T18:14:34.419177+00:00,0,NVIDIA L40S,338.76,100,16579
2026-09-25T18:14:39.450285+00:00,0,NVIDIA L40S,333.57,100,16579
2026-09-25T18:14:44.479830+00:00,0,NVIDIA L40S,334.51,99,16579
2026-09-25T18:14:49.513490+00:00,0,NVIDIA L40S,334.10,100,16579
2026-09-25T18:14:54.546872+00:00,0,NVIDIA L40S,334.10,100,16579
2026-09-25T18:14:59.581140+00:00,0,NVIDIA L40S,334.23,100,16579
2026-09-25T18:15:04.617240+00:00,0,NVIDIA L40S,338.71,100,16579
2026-09-25T18:15:09.649733+00:00,0,NVIDIA L40S,332.30,100,16579
2026-09-25T18:15:14.682054+00:00,0,NVIDIA L40S,338.97,100,16579
2026-09-25T18:15:19.712644+00:00,0,NVIDIA L40S,337.05,100,16579
2026-09-25T18:15:24.743220+00:00,0,NVIDIA L40S,333.01,100,16579
2026-09-25T18:15:29.774209+00:00,0,NVIDIA L40S,335.39,100,16579
2026-09-25T18:15:34.806470+00:00,0,NVIDIA L40S,336.74,100,16579
2026-09-25T18:15:39.835629+00:00,0,NVIDIA L40S,337.12,100,16579
2026-09-25T18:15:44.866058+00:00,0,NVIDIA L40S,239.54,100,16579
2026-09-25T18:15:49.896286+00:00,0,NVIDIA L40S,331.96,100,16579
2026-09-25T18:15:54.927014+00:00,0,NVIDIA L40S,331.03,100,16579
2026-09-25T18:15:59.958971+00:00,0,NVIDIA L40S,337.20,100,16579
2026-09-25T18:16:04.990397+00:00,0,NVIDIA L40S,331.51,100,16579
2026-09-25T18:16:10.022844+00:00,0,NVIDIA L40S,338.51,100,16579
2026-09-25T18:16:15.057034+00:00,0,NVIDIA L40S,333.97,99,16579
2026-09-25T18:16:20.090719+00:00,0,NVIDIA L40S,329.75,100,16579
2026-09-25T18:16:25.123326+00:00,0,NVIDIA L40S,337.99,100,16579
2026-09-25T18:16:30.158427+00:00,0,NVIDIA L40S,336.78,100,16579
2026-09-25T18:16:35.190695+00:00,0,NVIDIA L40S,338.67,100,16579
2026-09-25T18:16:40.223299+00:00,0,NVIDIA L40S,337.10,100,16579
2026-09-25T18:16:45.254956+00:00,0,NVIDIA L40S,337.07,100,16579
2026-09-25T18:16:50.285819+00:00,0,NVIDIA L40S,339.02,100,16579
2026-09-25T18:16:55.315968+00:00,0,NVIDIA L40S,342.52,99,16579
2026-09-25T18:17:00.345892+00:00,0,NVIDIA L40S,338.27,100,16579
2026-09-25T18:17:05.376539+00:00,0,NVIDIA L40S,335.68,100,16579
2026-09-25T18:17:10.406500+00:00,0,NVIDIA L40S,333.11,100,16579
2026-09-25T18:17:15.437812+00:00,0,NVIDIA L40S,333.49,100,16579
2026-09-25T18:17:20.468762+00:00,0,NVIDIA L40S,334.64,100,16579
2026-09-25T18:17:25.504318+00:00,0,NVIDIA L40S,332.38,99,16579
2026-09-25T18:17:30.538146+00:00,0,NVIDIA L40S,329.15,100,16579
2026-09-25T18:17:35.568164+00:00,0,NVIDIA L40S,338.37,100,16579
2026-09-25T18:17:40.598369+00:00,0,NVIDIA L40S,335.35,99,16579
2026-09-25T18:17:45.628090+00:00,0,NVIDIA L40S,331.39,99,16579
2026-09-25T18:17:50.659541+00:00,0,NVIDIA L40S,334.52,99,16579
2026-09-25T18:17:55.693623+00:00,0,NVIDIA L40S,330.19,100,16579
2026-09-25T18:18:00.726734+00:00,0,NVIDIA L40S,335.47,99,16579
2026-09-25T18:18:05.760787+00:00,0,NVIDIA L40S,328.91,100,16579
2026-09-25T18:18:10.794290+00:00,0,NVIDIA L40S,332.45,100,16579
2026-09-25T18:18:15.825359+00:00,0,NVIDIA L40S,331.84,100,16579
2026-09-25T18:18:20.856842+00:00,0,NVIDIA L40S,333.51,100,16579
2026-09-25T18:18:25.888679+00:00,0,NVIDIA L40S,337.64,100,16579
2026-09-25T18:18:30.919011+00:00,0,NVIDIA L40S,333.30,100,16579
2026-09-25T18:18:35.949995+00:00,0,NVIDIA L40S,333.51,100,16579
2026-09-25T18:18:40.980332+00:00,0,NVIDIA L40S,244.31,100,16579
2026-09-25T18:18:46.011119+00:00,0,NVIDIA L40S,335.29,100,16579
2026-09-25T18:18:51.039000+00:00,0,NVIDIA L40S,333.53,99,16579
2026-09-25T18:18:56.068489+00:00,0,NVIDIA L40S,336.94,100,16579
2026-09-25T18:19:01.099176+00:00,0,NVIDIA L40S,335.52,100,16579
2026-09-25T18:19:06.126936+00:00,0,NVIDIA L40S,336.01,99,16579
2026-09-25T18:19:11.154286+00:00,0,NVIDIA L40S,337.15,100,16579
2026-09-25T18:19:16.182159+00:00,0,NVIDIA L40S,339.09,100,16579
2026-09-25T18:19:21.206745+00:00,0,NVIDIA L40S,335.89,100,16579
2026-09-25T18:19:26.233334+00:00,0,NVIDIA L40S,340.09,100,16579
2026-09-25T18:19:31.257386+00:00,0,NVIDIA L40S,332.25,100,16579
2026-09-25T18:19:36.290331+00:00,0,NVIDIA L40S,336.73,100,16579
2026-09-25T18:19:41.320970+00:00,0,NVIDIA L40S,334.23,100,16579
2026-09-25T18:19:46.351994+00:00,0,NVIDIA L40S,337.68,100,16579
2026-09-25T18:19:51.384462+00:00,0,NVIDIA L40S,327.80,100,16579
2026-09-25T18:19:56.414955+00:00,0,NVIDIA L40S,330.42,100,16579
2026-09-25T18:20:01.445657+00:00,0,NVIDIA L40S,333.55,100,16579
2026-09-25T18:20:06.476484+00:00,0,NVIDIA L40S,335.39,100,16579
2026-09-25T18:20:11.508053+00:00,0,NVIDIA L40S,337.89,100,16579
2026-09-25T18:20:16.539657+00:00,0,NVIDIA L40S,337.03,100,16579
2026-09-25T18:20:21.571413+00:00,0,NVIDIA L40S,334.90,100,16579
2026-09-25T18:20:26.602898+00:00,0,NVIDIA L40S,335.87,100,16579
2026-09-25T18:20:31.632130+00:00,0,NVIDIA L40S,332.34,99,16579
2026-09-25T18:20:36.665928+00:00,0,NVIDIA L40S,329.55,100,16579
2026-09-25T18:20:41.698802+00:00,0,NVIDIA L40S,334.47,99,16579
2026-09-25T18:20:46.730715+00:00,0,NVIDIA L40S,335.85,99,16579
2026-09-25T18:20:51.762977+00:00,0,NVIDIA L40S,335.74,99,16579
2026-09-25T18:20:56.792060+00:00,0,NVIDIA L40S,336.53,99,16579
2026-09-25T18:21:01.825293+00:00,0,NVIDIA L40S,329.98,100,16579
2026-09-25T18:21:06.854322+00:00,0,NVIDIA L40S,336.36,100,16579
2026-09-25T18:21:11.886459+00:00,0,NVIDIA L40S,332.81,100,16579
2026-09-25T18:21:16.916218+00:00,0,NVIDIA L40S,333.89,100,16579
2026-09-25T18:21:21.947047+00:00,0,NVIDIA L40S,337.74,100,16579
2026-09-25T18:21:26.978589+00:00,0,NVIDIA L40S,337.10,100,16579
2026-09-25T18:21:32.008588+00:00,0,NVIDIA L40S,337.16,100,16579
2026-09-25T18:21:37.033619+00:00,0,NVIDIA L40S,182.37,8,16579
2026-09-25T18:21:42.060412+00:00,0,NVIDIA L40S,341.83,100,16579
2026-09-25T18:21:47.091753+00:00,0,NVIDIA L40S,334.08,100,16579
2026-09-25T18:21:52.119875+00:00,0,NVIDIA L40S,332.61,99,16579
2026-09-25T18:21:57.149189+00:00,0,NVIDIA L40S,330.33,100,16579
2026-09-25T18:22:02.179899+00:00,0,NVIDIA L40S,336.62,100,16579
2026-09-25T18:22:07.206753+00:00,0,NVIDIA L40S,336.84,100,16579
2026-09-25T18:22:12.234959+00:00,0,NVIDIA L40S,333.42,99,16579
2026-09-25T18:22:17.267101+00:00,0,NVIDIA L40S,334.16,100,16579
2026-09-25T18:22:22.297059+00:00,0,NVIDIA L40S,337.30,100,16579
2026-09-25T18:22:27.327745+00:00,0,NVIDIA L40S,331.66,100,16579
2026-09-25T18:22:32.358024+00:00,0,NVIDIA L40S,339.43,100,16579
2026-09-25T18:22:37.387224+00:00,0,NVIDIA L40S,332.15,100,16579
2026-09-25T18:22:42.418745+00:00,0,NVIDIA L40S,337.37,100,16579
2026-09-25T18:22:47.450019+00:00,0,NVIDIA L40S,337.76,100,16579
2026-09-25T18:22:52.479744+00:00,0,NVIDIA L40S,339.62,100,16579
2026-09-25T18:22:57.509548+00:00,0,NVIDIA L40S,335.21,100,16579
2026-09-25T18:23:02.542019+00:00,0,NVIDIA L40S,341.94,100,16579
2026-09-25T18:23:07.573648+00:00,0,NVIDIA L40S,336.75,100,16579
2026-09-25T18:23:12.607279+00:00,0,NVIDIA L40S,336.13,100,16579
2026-09-25T18:23:17.633864+00:00,0,NVIDIA L40S,333.16,100,16579
2026-09-25T18:23:22.664148+00:00,0,NVIDIA L40S,338.25,100,16579
2026-09-25T18:23:27.693516+00:00,0,NVIDIA L40S,331.55,99,16579
2026-09-25T18:23:32.721917+00:00,0,NVIDIA L40S,334.97,100,16579
2026-09-25T18:23:37.754229+00:00,0,NVIDIA L40S,344.60,99,16579
2026-09-25T18:23:42.787519+00:00,0,NVIDIA L40S,335.89,100,16579
2026-09-25T18:23:47.817253+00:00,0,NVIDIA L40S,334.03,100,16579
2026-09-25T18:23:52.846193+00:00,0,NVIDIA L40S,332.89,99,16579
2026-09-25T18:23:57.877228+00:00,0,NVIDIA L40S,336.62,99,16579
2026-09-25T18:24:02.908384+00:00,0,NVIDIA L40S,334.10,99,16579
2026-09-25T18:24:07.938451+00:00,0,NVIDIA L40S,337.09,100,16579
2026-09-25T18:24:12.964633+00:00,0,NVIDIA L40S,327.34,100,16579
2026-09-25T18:24:17.992228+00:00,0,NVIDIA L40S,335.81,100,16579
2026-09-25T18:24:23.020808+00:00,0,NVIDIA L40S,332.11,100,16579
2026-09-25T18:24:28.051240+00:00,0,NVIDIA L40S,334.04,100,16579
2026-09-25T18:24:33.080727+00:00,0,NVIDIA L40S,332.67,100,16579
2026-09-25T18:24:38.110728+00:00,0,NVIDIA L40S,328.06,100,16579
2026-09-25T18:24:43.140471+00:00,0,NVIDIA L40S,334.71,100,16579
2026-09-25T18:24:48.170165+00:00,0,NVIDIA L40S,331.34,100,16579
2026-09-25T18:24:53.199316+00:00,0,NVIDIA L40S,332.12,100,16579
2026-09-25T18:24:58.232015+00:00,0,NVIDIA L40S,330.70,99,16579
2026-09-25T18:25:03.265797+00:00,0,NVIDIA L40S,334.77,99,16579
2026-09-25T18:25:08.300478+00:00,0,NVIDIA L40S,327.65,99,16579
2026-09-25T18:25:13.332555+00:00,0,NVIDIA L40S,333.92,99,16579
2026-09-25T18:25:18.365035+00:00,0,NVIDIA L40S,333.14,100,16579
2026-09-25T18:25:23.397800+00:00,0,NVIDIA L40S,328.84,99,16579
2026-09-25T18:25:28.431297+00:00,0,NVIDIA L40S,331.96,100,16579
2026-09-25T18:25:33.464076+00:00,0,NVIDIA L40S,335.82,100,16579
2026-09-25T18:25:38.496086+00:00,0,NVIDIA L40S,333.99,100,16579
2026-09-25T18:25:43.527257+00:00,0,NVIDIA L40S,335.80,100,16579
2026-09-25T18:25:48.557751+00:00,0,NVIDIA L40S,329.16,100,16579
2026-09-25T18:25:53.591081+00:00,0,NVIDIA L40S,330.94,100,16579
2026-09-25T18:25:58.620438+00:00,0,NVIDIA L40S,329.07,100,16579
2026-09-25T18:26:03.650851+00:00,0,NVIDIA L40S,333.19,100,16579
2026-09-25T18:26:08.680435+00:00,0,NVIDIA L40S,332.11,100,16579
2026-09-25T18:26:13.709751+00:00,0,NVIDIA L40S,337.47,100,16579
2026-09-25T18:26:18.739405+00:00,0,NVIDIA L40S,332.28,99,16579
2026-09-25T18:26:23.772105+00:00,0,NVIDIA L40S,340.89,100,16579
2026-09-25T18:26:28.806929+00:00,0,NVIDIA L40S,334.66,99,16579
2026-09-25T18:26:33.838219+00:00,0,NVIDIA L40S,325.90,99,16579
2026-09-25T18:26:38.867759+00:00,0,NVIDIA L40S,337.36,99,16579
2026-09-25T18:26:43.894324+00:00,0,NVIDIA L40S,333.06,99,16579
2026-09-25T18:26:48.922224+00:00,0,NVIDIA L40S,337.73,99,16579
2026-09-25T18:26:53.953319+00:00,0,NVIDIA L40S,337.86,99,16579
2026-09-25T18:26:58.986567+00:00,0,NVIDIA L40S,336.89,99,16579
2026-09-25T18:27:04.017322+00:00,0,NVIDIA L40S,336.80,100,16579
2026-09-25T18:27:09.047384+00:00,0,NVIDIA L40S,336.16,100,16579
2026-09-25T18:27:14.077215+00:00,0,NVIDIA L40S,331.78,100,16579
2026-09-25T18:27:19.109982+00:00,0,NVIDIA L40S,329.13,100,16579
2026-09-25T18:27:24.142390+00:00,0,NVIDIA L40S,332.63,100,16579
2026-09-25T18:27:29.179510+00:00,0,NVIDIA L40S,335.51,100,16579
2026-09-25T18:27:34.210316+00:00,0,NVIDIA L40S,329.90,99,16579
2026-09-25T18:27:39.240671+00:00,0,NVIDIA L40S,333.01,99,16579
2026-09-25T18:27:44.271687+00:00,0,NVIDIA L40S,336.86,99,16579
2026-09-25T18:27:49.300240+00:00,0,NVIDIA L40S,331.50,100,16579
2026-09-25T18:27:54.332255+00:00,0,NVIDIA L40S,336.51,100,16579
2026-09-25T18:27:59.362561+00:00,0,NVIDIA L40S,337.51,100,16579
2026-09-25T18:28:04.394168+00:00,0,NVIDIA L40S,333.25,100,16579
2026-09-25T18:28:09.427677+00:00,0,NVIDIA L40S,330.33,99,16579
2026-09-25T18:28:14.460743+00:00,0,NVIDIA L40S,332.93,100,16579
2026-09-25T18:28:19.493009+00:00,0,NVIDIA L40S,333.79,100,16579
2026-09-25T18:28:24.527300+00:00,0,NVIDIA L40S,333.17,100,16579
2026-09-25T18:28:29.562027+00:00,0,NVIDIA L40S,336.66,100,16579
2026-09-25T18:28:34.595996+00:00,0,NVIDIA L40S,332.39,100,16579
2026-09-25T18:28:39.629998+00:00,0,NVIDIA L40S,334.88,100,16579
2026-09-25T18:28:44.654282+00:00,0,NVIDIA L40S,94.69,0,16579
